iter,val,proj,gnorm,dnorm,xnorm,step,maxstep
1.0,20.000000000000227,0.0,368.20556379385084,9.844530187686445,10.0,0.24258450473506216,1.0
2.0,-308.4052470951692,0.0,365.0478099291495,7.436086987357174,10.262436267319355,0.24237654150615742,1.0
3.0,-541.3125211981258,0.0,362.8492200828465,5.615077301725294,10.802438859179073,0.24232773490300868,1.0
4.0,-708.8226978541502,0.0,361.293945313544,4.240142521672009,11.373338090437338,0.24472904581267574,1.0
5.0,-831.8808217695414,0.0,360.15554145827076,3.217432349135882,11.879826765096235,0.25009356743639927,1.0
6.0,-923.8936371286286,0.0,359.3021540198721,2.4455487507516636,12.303501993313466,0.25817393857618676,1.0
7.0,-993.3763561669243,0.0,358.65673047503844,1.852591080383463,12.646873785627438,0.2698163986132182,1.0
8.0,-1046.2060275399153,0.0,358.1659128218939,1.3974612876411587,12.919507983624198,0.28825268728460224,1.0
9.0,-1086.7953483555843,0.0,357.78893085467604,1.0515625483930002,13.133948699658223,0.32280243299244704,1.0
10.0,-1118.7667745413444,0.0,357.49134654813184,0.7894182259270691,13.303355436547712,0.39744451489244303,1.0
11.0,-1145.1793596855769,0.0,357.24501738927034,0.5806995230439475,13.44083553850531,0.5868382950975506,1.0
12.0,-1168.5103573828967,0.0,357.0270561876751,0.39747186363323495,13.55754085220396,1.0,1.0
13.0,-1184.8792617151873,0.0,356.8692942464375,0.21144315743848763,13.629507938429283,1.0,1.0
14.0,-1184.91875833199,0.0,356.8626543696088,0.06447716802073349,13.619793158387095,1.0735809507756005,1.7683484940031615
15.0,-1184.9209899338225,0.0,356.85604752292215,0.013323518112282377,13.619947148737586,0.9674272126227317,8.660314420196212
16.0,-1184.9210758007916,0.0,356.8576264105317,0.002804074171756623,13.620341722535933,1.0687250624239915,20.565507191511614
17.0,-1184.9210800023957,0.0,356.8572925514192,0.0006857983001805568,13.620316093204114,0.0,0.0
