iter,val,proj,gnorm,dnorm,xnorm,step,maxstep
1.0,19.999999999999773,0.0,382.11093297762534,9.882353462919832,10.0,0.21579739190338218,1.0
2.0,-268.80406108355965,0.0,378.2577456416988,7.729728439945587,10.21085410515209,0.2153709804058067,1.0
3.0,-480.1320088134171,0.0,375.43851839941976,6.056072233344915,10.666937049745018,0.21524912746059846,1.0
4.0,-636.8522853957704,0.0,373.3511949126602,4.74668810456727,11.179669509228395,0.2154867684340569,1.0
5.0,-754.4446320185414,0.0,371.7876323896415,3.7266221899948757,11.662014133551997,0.2164289453062427,1.0
6.0,-843.6902442749383,0.0,370.6030078972835,2.926144067499503,12.083923403146875,0.21807179491860326,1.0
7.0,-912.0375188525684,0.0,369.69680890287214,2.299552875049038,12.43824007552754,0.22103832187064998,1.0
8.0,-964.8906354613102,0.0,368.9968566063403,1.8103954693146989,12.729202562428537,0.22639903603219558,1.0
9.0,-1006.2317927096515,0.0,368.4499944329897,1.4252455797323957,12.966076369293937,0.23514938724323797,1.0
10.0,-1038.9221695682616,0.0,368.01780190159235,1.1211548624006464,13.157993616676388,0.24971971568352094,1.0
11.0,-1065.1338638381194,0.0,367.67104932426656,0.8805386189052771,13.313242091942875,0.2748387281252738,1.0
12.0,-1086.5530119494574,0.0,367.3874788108364,0.6840234202800356,13.439379027779593,0.31569076073453994,1.0
13.0,-1104.2426738418042,0.0,367.15316522817363,0.519767918064546,13.541741416885868,0.38507826631698266,1.0
14.0,-1118.906494679663,0.0,366.9583759812193,0.3759919605021331,13.623905522393148,0.513123403397947,1.0
15.0,-1130.8551740533985,0.0,366.79841380646315,0.253723153249523,13.687207842727247,0.8623496178497987,1.0
16.0,-1140.5917998524114,0.0,366.6664081516035,0.11294603671958507,13.733290374896862,1.0,1.0
17.0,-1142.1470748272345,0.0,366.6448965032811,0.019768861997720683,13.73368171648121,1.327520315576772,9.730646928869268
18.0,-1142.147334229952,0.0,366.6443816642514,0.0020501870055343627,13.731872985210256,0.9983950399542099,157.0449847510688
19.0,-1142.147336328212,0.0,366.6444284524779,0.00022897756754470782,13.732115636121438,0.0,0.0
