iter,val,proj,gnorm,dnorm,xnorm,step,maxstep
1.0,4.0,0.0,3544.2325871152984,1.4124312372643144,1.4142135623730954,0.521925979847726,1.0
2.0,-107.86694278146888,0.0,3544.1293720643866,0.6761213116876821,1.5882581756717726,0.5270491423841321,1.0
3.0,-161.5017396023104,0.0,3544.07700557397,0.32157193795132755,1.7786079333272067,0.5438700961555234,1.0
4.0,-187.59191198080407,0.0,3544.0483553450886,0.1535141460435055,1.8886283530865309,0.5964999772919485,1.0
5.0,-200.62391186958257,0.0,3544.0318391641667,0.06941032814557375,1.9471454522857152,0.6893475094397082,1.0
6.0,-206.69632443477394,0.0,3544.0228701424744,0.024085086450835125,1.9754242179510129,0.7656301627966815,1.0
7.0,-208.7907497524402,0.0,3544.0195732858965,0.00642526481491791,1.985382960409538,0.8332547644994769,1.0
8.0,-209.32490727751156,0.0,3544.0187343549555,0.001345662487633649,1.987939686194999,0.9159231895904458,1.0
9.0,-209.42280848294877,0.0,3544.0185811354163,0.00017546871489980273,1.9884089706975274,0.0,0.0
