iter,val,proj,gnorm,dnorm,xnorm,step,maxstep
1.0,400.0,0.0,3540.881565421527,13.894420652488275,14.142135623730951,0.5090340590971538,1.0
2.0,-751.7965796170647,0.0,3538.742947332745,6.993176261287233,15.146991167601415,0.5868591079122757,1.0
3.0,-1363.8489153787923,0.0,3537.6023286842565,3.1860375554275646,16.835430929528947,0.7250382771468523,1.0
4.0,-1666.4187387360034,0.0,3537.1415402084262,1.243949546969554,17.890633856025854,1.0,1.0
5.0,-1779.62234421408,0.0,3537.049143573446,0.2691777529802856,18.2897626353404,1.0,1.0
6.0,-1779.6658987103256,0.0,3537.0785040223514,0.10209235107938006,18.26776332780483,2.712103900396086,2.712103900396086
7.0,-1779.6936389699804,0.0,3537.0772919593514,0.04975407350970995,18.286443986172564,0.9983488867046226,1.0
8.0,-1779.6955836871384,0.0,3537.0807976091323,0.0013509528195879176,18.28859252097102,0.9865896673150547,1.0
9.0,-1779.6955857471985,0.0,3537.0806081550154,0.00013494320731299828,18.28856110080468,0.0,0.0
