iter,val,proj,gnorm,dnorm,xnorm,step,maxstep
1.0,400.0,0.0,3533.204412780557,13.868707584637503,14.142135623730951,0.4660039235426554,1.0
2.0,-625.1827061050717,0.0,3531.5604776009227,7.571248570450175,14.956636712359243,0.5484398365852113,1.0
3.0,-1228.1117857267673,0.0,3530.707624242582,3.8124828317588793,16.525528029488694,0.712340762120462,1.0
4.0,-1569.245391894161,0.0,3530.357900653603,1.4395342938363935,17.703895197411903,1.0,1.0
5.0,-1704.6025084617104,0.0,3530.275065793467,0.3439046339591229,18.190476101039536,1.0,1.0
6.0,-1704.6666873763825,0.0,3530.313043228807,0.07114172605598126,18.153011850282258,1.550166613507078,1.550166613507078
7.0,-1704.672425358949,0.0,3530.314430354107,0.010136282211854636,18.154270757461706,0.9679642859504299,57.658230826007504
8.0,-1704.672475085281,0.0,3530.3147287249253,0.001041502529998993,18.154532073637252,0.7794664465756647,290.0657506598605
9.0,-1704.6724755080613,0.0,3530.314727905445,0.0001418938672014622,18.154542372236275,0.0,0.0
