iter,val,proj,gnorm,dnorm,xnorm,step,maxstep
1.0,400.0,0.0,3544.51439025348,13.890629508911616,14.142135623730951,0.5089145933765908,1.0
2.0,-727.799705689511,0.0,3541.7987425797346,7.077928540751132,15.121794448623874,0.6509058374828843,1.0
3.0,-1393.3156160511753,0.0,3540.7053213096983,2.933795433250319,17.063204614579995,0.9114644837877345,1.0
4.0,-1709.062453520277,0.0,3540.463747468432,0.8686244401066063,18.142732095329443,1.0,1.0
5.0,-1739.6993670562115,0.0,3540.499179987611,0.10305969810522528,18.18775571552722,1.0,1.0
6.0,-1739.715626606594,0.0,3540.497343004012,0.002895774928630455,18.182775193712857,1.1141356841313381,187.2954362164316
7.0,-1739.7156312779152,0.0,3540.497763602837,3.2584171952473356e-05,18.182671687872876,0.0,0.0
