iter,val,proj,gnorm,dnorm,xnorm,step,maxstep
1.0,400.0,0.0,3532.5960421437944,13.850266266243164,14.142135623730951,0.5382451500620652,1.0
2.0,-766.4996799165165,0.0,3532.0434516427213,6.6045256650957365,15.248674461582894,0.647809852266293,1.0
3.0,-1375.1101064106151,0.0,3531.7138587353193,2.7811184642136615,17.032778090071666,0.9219008904396382,1.0
4.0,-1671.5364035214043,0.0,3531.6035364730574,0.7862123853985225,18.08511744352825,1.0,1.0
5.0,-1696.6032077049676,0.0,3531.6071768858164,0.054327353097859535,18.123096796163534,1.0028917328875724,4.700449334465404
6.0,-1696.604687703013,0.0,3531.6057069217013,0.0006843960614337401,18.117059278523023,0.0,0.0
