iter,val,proj,gnorm,dnorm,xnorm,step,maxstep
1.0,400.0,0.0,3519.752114552387,13.89136876531298,14.142135623730951,0.4742108122918783,1.0
2.0,-658.2119932730384,0.0,3518.3006252227665,7.513047376304277,15.02264679770906,0.5625389997884758,1.0
3.0,-1276.7088351627317,0.0,3517.6219930189823,3.5953996717000005,16.710580997599223,0.7223623977822704,1.0
4.0,-1612.1235223543154,0.0,3517.26928086234,1.4735720724365986,17.878709796288753,1.0,1.0
5.0,-1739.2683954523163,0.0,3517.161713686364,0.3492329692293204,18.29071114014211,1.0,1.0
6.0,-1739.3301735835157,0.0,3517.173992525936,0.022209289279102054,18.252854462151223,2.010454281985342,13.375024729428848
7.0,-1739.3306694143794,0.0,3517.1737579395885,0.0034738171714221557,18.2522601599084,0.6744447279677711,117.75288639642208
8.0,-1739.3306734837606,0.0,3517.1738087306644,0.00018626242198486383,18.25228729002989,0.0,0.0
