iter,val,proj,gnorm,dnorm,xnorm,step,maxstep
1.0,400.0,0.0,3521.4449635100077,13.937409216445738,14.142135623730951,0.5009407344822963,1.0
2.0,-679.3065455289216,0.0,3519.978666823825,7.116268404703024,15.106787638362109,0.5884278778009708,1.0
3.0,-1271.4735440199438,0.0,3519.4472252698247,3.2792480251071465,16.881641574816975,0.7940996699566438,1.0
4.0,-1589.6296036373315,0.0,3519.2159882575493,1.1934469872113873,18.035991399770648,1.0,1.0
5.0,-1671.252157780902,0.0,3519.1620809326682,0.20964378828492158,18.27925020243678,1.0,1.0
6.0,-1671.2783308021644,0.0,3519.1725221451366,0.09146087096525544,18.260613034933733,1.4087675968191458,1.4087675968191458
7.0,-1671.2899628119449,0.0,3519.170725231973,0.05407607931910785,18.268566941071683,0.99970742811149,5.425966183505396
8.0,-1671.2914244952954,0.0,3519.1639589207857,0.00027694316681252444,18.270365425470438,0.0,0.0
