iter,val,proj,gnorm,dnorm,xnorm,step,maxstep
1.0,400.0,0.0,3539.266432002824,13.944817081922439,14.142135623730951,0.5382857548850871,1.0
2.0,-800.1719959867369,0.0,3536.86680627568,6.653815172291392,15.418994008196549,0.6441433709026418,1.0
3.0,-1423.0974204872218,0.0,3535.797882839112,2.6689126899923834,17.34484703930652,0.8202412715042151,1.0
4.0,-1697.2526262620595,0.0,3535.5297510471105,0.7651839205874972,18.359273532719385,1.0,1.0
5.0,-1756.7399698547779,0.0,3535.503070894775,0.13097131469769185,18.535935940707596,1.0,1.0
6.0,-1756.748717547227,0.0,3535.5136164655087,0.006306919758776335,18.51789111252705,1.0994398015490354,39.62619852959648
7.0,-1756.7487394136115,0.0,3535.5132216866027,0.0003511379159616804,18.518125368090306,0.0,0.0
