iter,val,proj,gnorm,dnorm,xnorm,step,maxstep
1.0,400.0,0.0,3538.2432962092926,13.862641364755964,14.142135623730951,0.5338352473281478,1.0
2.0,-744.6205118926518,0.0,3535.758351470512,6.706293837840355,15.151051272887363,0.66101078872131,1.0
3.0,-1364.378370454404,0.0,3534.6608053799023,2.6250563028100786,16.965514119919085,0.8625236213727222,1.0
4.0,-1630.4345907275383,0.0,3534.2831463665143,0.7143953804403035,17.923553183989156,1.0,1.0
5.0,-1672.4661703685488,0.0,3534.244988619916,0.14375961814276947,18.035799595737252,1.7636599968871967,1.7636599968871967
6.0,-1672.4883756941563,0.0,3534.2568490781196,0.12632902134624804,18.028376107395072,0.9999656303114298,2.148781396291491
7.0,-1672.4963549307213,0.0,3534.243014604593,0.0003505608919516805,18.041277040171302,0.0,0.0
