iter,val,proj,gnorm,dnorm,xnorm,step,maxstep
1.0,199.99999999999994,0.0,48.750228081527986,9.214164023732701,10.0,1.0,1.0
2.0,-3.9813343085228183,0.0,45.843682801434944,3.876697609734683,7.055609906751507,0.9999999982996101,1.0
3.0,-13.411962673686403,0.0,46.961175589632326,3.4119220064333985e-08,4.283729859022089,0.0,0.0
