iter,val,proj,gnorm,dnorm,xnorm,step,maxstep
1.0,200.00000000000003,0.0,51.72245065735382,9.14125836201868,10.0,1.0,1.0
2.0,-17.332745749999873,0.0,47.72872323078359,3.8543935502581337,8.094679717894596,1.0,1.0
3.0,-26.3889248974359,0.0,48.794370888893035,3.922089704712238e-15,5.7895900877882,0.0,0.0
