iter,val,proj,gnorm,dnorm,xnorm,step,maxstep
1.0,200.0,0.0,52.9457220368426,9.105123903499443,10.0,1.0,1.0
2.0,-21.924520648998893,0.0,48.70257375647878,3.5837419890758357,8.294942420512355,0.9999999999995249,1.0
3.0,-30.39729733331245,0.0,49.65278437813348,2.1658563627441404e-11,6.316565628035585,0.0,0.0
