iter,val,proj,gnorm,dnorm,xnorm,step,maxstep
1.0,199.99999999999997,0.0,51.10007338548155,9.062658249214524,10.0,1.0,1.0
2.0,-15.84645920597778,0.0,47.44811542488975,3.1609790224361123,7.494761956529823,0.9999922903188425,1.0
3.0,-23.862224256291285,0.0,48.30059378769079,0.0001841874747142967,5.723639301200995,0.0,0.0
