iter,val,proj,gnorm,dnorm,xnorm,step,maxstep
1.0,199.99999999999994,0.0,50.43720694092606,8.976456831993188,10.0,1.0,1.0
2.0,-16.802010596265973,0.0,46.574690549746535,3.5985988641786175,7.57855604781752,0.9999099571055016,1.0
3.0,-26.30784947186273,0.0,47.560329650828145,0.0003240282580865292,5.571168053933641,0.0,0.0
