iter,val,proj,gnorm,dnorm,xnorm,step,maxstep
1.0,199.99999999999983,0.0,53.89502982653409,9.110129428856997,10.0,1.0,1.0
2.0,-22.47095805263156,0.0,49.86863255653069,3.4403352447511972,8.060516850347554,0.9999999999999999,1.0
3.0,-30.441573689024402,0.0,50.73094638243031,6.541080758884275e-16,6.24718032493021,0.0,0.0
