iter,val,proj,gnorm,dnorm,xnorm,step,maxstep
1.0,40.0,0.0,66.72699464237394,12.294234590612547,14.142135623730951,0.5089383028070126,1.0
2.0,-96.8106750690988,0.0,62.53636349005477,5.375328703964508,14.987703080650371,0.5804625509857161,1.0
3.0,-143.94203572545246,0.0,61.08808807895667,2.8097634000125113,15.626364936186492,1.0,1.0
4.0,-171.26237584964076,0.0,60.342838459937234,1.9825520868445088,15.460087993741935,1.0,1.0
5.0,-174.94557345058007,0.0,60.358888660502394,1.4608761142713869,14.422345411826637,1.0,1.0
6.0,-176.92924413791437,0.0,60.37085832401173,0.9201276024727079,14.069500639711249,1.0,1.0
7.0,-177.6889899245286,0.0,60.38005026631767,0.16803520306991226,13.999189874251956,1.0,1.0
8.0,-177.71681872637555,0.0,60.382407939181,0.00018027229519062808,13.997650728135088,0.0,0.0
