iter,val,proj,gnorm,dnorm,xnorm,step,maxstep
1.0,40.0,0.0,65.28178459572777,12.346486990380559,14.142135623730951,0.5083971363253155,1.0
2.0,-90.72945896276218,0.0,61.19478867776593,5.379135625298123,15.01014528853502,0.5794644056404904,1.0
3.0,-134.2061090213956,0.0,59.83896901894483,2.7827074666332856,15.653950862210987,1.0,1.0
4.0,-159.29740910771096,0.0,59.160541340571065,2.0228108656599852,15.370756687998536,1.0,1.0
5.0,-163.0725658076044,0.0,59.178827604278865,1.4668733258488214,14.226860896532212,1.0,1.0
6.0,-165.05195776504286,0.0,59.1920444099071,0.9532034074056754,13.857745191599026,1.0,1.0
7.0,-165.89015363678214,0.0,59.20086128484865,0.1630896471404458,13.783225360125014,0.9999962964015897,1.0
8.0,-165.91864378849672,0.0,59.203146638665416,8.330633053845763e-05,13.78316994728712,0.0,0.0
