iter,val,proj,gnorm,dnorm,xnorm,step,maxstep
1.0,40.0,0.0,67.50658425667233,12.170327422449251,14.142135623730951,0.5100626165318058,1.0
2.0,-93.52105382465322,0.0,63.47846419345508,5.207016006123253,14.913339840890997,0.5944253948998915,1.0
3.0,-140.66270472808583,0.0,62.060965873854315,2.7734937640146335,15.422902684706811,1.0,1.0
4.0,-167.55413056909734,0.0,61.35304762213878,2.0256156061092345,15.037292691352484,1.0,1.0
5.0,-171.4730626291094,0.0,61.36755011587888,1.4960450830212169,13.977879318129546,1.0,1.0
6.0,-173.523558937438,0.0,61.381515870182334,0.8995112410068529,13.583591961036857,1.0,1.0
7.0,-174.2296639227775,0.0,61.39160718440226,0.15065842092476486,13.505949023591581,1.0,1.0
8.0,-174.2504479252797,0.0,61.39377229426772,1.3455736584479843e-05,13.50271843786793,0.0,0.0
