iter,val,proj,gnorm,dnorm,xnorm,step,maxstep
1.0,40.0,0.0,66.04688687594745,12.294204057851159,14.142135623730951,0.5082819696614234,1.0
2.0,-98.03028310718048,0.0,61.779378216466476,5.33401670652765,14.983871391312974,0.5837319170531376,1.0
3.0,-146.32217085579578,0.0,60.28334414837673,2.780076275517116,15.583854176065975,1.0,1.0
4.0,-174.66986770206478,0.0,59.50511909403484,2.00424692184619,15.240194217825906,1.0,1.0
5.0,-178.4035199447589,0.0,59.52247810925797,1.4748038761953601,14.131673595374089,1.0,1.0
6.0,-180.37037568640477,0.0,59.534714963704864,0.9077328343898137,13.774637841608397,1.0,1.0
7.0,-181.09519816793443,0.0,59.54346690744455,0.1495580187896915,13.711716903117436,1.0,1.0
8.0,-181.11785512733897,0.0,59.54535208313227,0.00016315892604010053,13.712906871424567,0.0,0.0
