iter,val,proj,gnorm,dnorm,xnorm,step,maxstep
1.0,40.00000000000006,0.0,69.1284193657254,12.03122938066831,14.142135623730951,0.510644482262929,1.0
2.0,-99.53448711963688,0.0,65.01401879094688,5.2881841354480725,14.877330183557065,0.5854627721961443,1.0
3.0,-149.53545953556915,0.0,63.53431315958521,2.7795160066460567,15.457954288499394,1.0,1.0
4.0,-178.75295262515118,0.0,62.7614449706267,2.0339672747099917,15.22554788415428,1.0,1.0
5.0,-182.61498032596944,0.0,62.776703572033355,1.5359960182417574,14.147813911908242,1.0,1.0
6.0,-184.81253429363625,0.0,62.7874689540619,0.9771166933602985,13.784872649414051,1.0,1.0
7.0,-185.66667480897118,0.0,62.79662741746111,0.1960120540156815,13.714755247819888,0.9999978851480514,1.0
8.0,-185.69938143775434,0.0,62.79910881622892,2.5905192678194184e-05,13.719603626503812,0.0,0.0
