iter,val,proj,gnorm,dnorm,xnorm,step,maxstep
1.0,40.0,0.0,68.07213556223574,12.581329099950443,14.142135623730951,0.5076136106837731,1.0
2.0,-104.04604810541093,0.0,63.74019598605622,5.515863603724932,15.093423402225849,0.5696444820757806,1.0
3.0,-152.9765844873761,0.0,62.25752236167145,2.8305920055117775,15.834066335443397,1.0,1.0
4.0,-182.2617608492453,0.0,61.45892068480507,1.9645554312840714,15.751078432877875,1.0,1.0
5.0,-185.76312913443348,0.0,61.47770691299485,1.350742741367461,14.657996091404886,1.0,1.0
6.0,-187.45041624606841,0.0,61.48979927676176,0.8067468977945947,14.337004477910257,1.0,1.0
7.0,-187.99876251808172,0.0,61.498141545592524,0.14243820255505188,14.279147795520439,1.0,1.0
8.0,-188.01515310228393,0.0,61.49984558165408,5.5748864421498684e-06,14.279944056545462,0.0,0.0
