iter,val,proj,gnorm,dnorm,xnorm,step,maxstep
1.0,40.00000000000006,0.0,69.05695921486696,12.241616221570427,14.142135623730951,0.5096662888631577,1.0
2.0,-103.12674124115824,0.0,64.82631030275986,5.357971073998043,14.954619665260946,0.5818260443383093,1.0
3.0,-154.0408266699219,0.0,63.312871263382945,2.8003307515634783,15.57740934452909,1.0,1.0
4.0,-184.0593863633835,0.0,62.51027950339719,2.000966313863599,15.384697387250775,1.0,1.0
5.0,-187.77895900160962,0.0,62.52629544850752,1.454126107550791,14.327647265440937,1.0,1.0
6.0,-189.73251473713015,0.0,62.53747391310568,0.8867621490990872,13.9859044123666,1.0,1.0
7.0,-190.41895874582949,0.0,62.546477835271546,0.1503048669213553,13.917863395077932,0.999999999999848,1.0
8.0,-190.4394361962151,0.0,62.54837510161588,1.9873049047651392e-10,13.916311240551751,0.0,0.0
