iter,val,proj,gnorm,dnorm,xnorm,step,maxstep
1.0,40.0,0.0,68.65937871845767,12.41123252287387,14.142135623730951,0.5080336108811369,1.0
2.0,-105.51783060282452,0.0,64.31859888400706,5.472600808116565,15.048351332308105,0.5726929541962552,1.0
3.0,-156.20069413420117,0.0,62.79396755789455,2.8157731239381585,15.75456186869284,1.0,1.0
4.0,-186.71428003579967,0.0,61.96519695044924,1.9678412466377169,15.602404502615133,1.0,1.0
5.0,-190.20198106262797,0.0,61.98365054230648,1.42604628319709,14.527002284564198,1.0,1.0
6.0,-192.11422127872862,0.0,61.99245997302221,0.9260703590292313,14.220394742883334,1.0,1.0
7.0,-192.89164537730736,0.0,62.00038087667983,0.15840178968316243,14.157592919388987,1.0,1.0
8.0,-192.92405277202295,0.0,62.00173415268755,0.0012421229207462718,14.162896983551908,0.9999996376279467,649.8478098762504
9.0,-192.9240535434572,0.0,62.00173395134068,3.8764721608243094e-08,14.162896362130642,0.0,0.0
