iter,val,proj,gnorm,dnorm,xnorm,step,maxstep
1.0,40.00000000000006,0.0,66.97200782419472,12.057721545090274,14.142135623730951,0.5106367926022587,1.0
2.0,-95.13956661742395,0.0,62.85895686928054,5.265657500603956,14.882676135113632,0.5896004868634983,1.0
3.0,-142.9556599245734,0.0,61.402870960268984,2.7612225803287758,15.432568736457592,1.0,1.0
4.0,-170.62804350364297,0.0,60.66237674271339,2.0267348518167974,15.051726364153286,1.0,1.0
5.0,-174.44792588057908,0.0,60.679982727989284,1.4965376040951628,13.930072874970037,1.0,1.0
6.0,-176.58908140071057,0.0,60.69010126215193,0.9473423849567227,13.576243472299439,1.0,1.0
7.0,-177.35612973609517,0.0,60.70014691732858,0.13919811248414793,13.505927132406807,0.9998717862038299,1.0
8.0,-177.37695127298932,0.0,60.701695608042705,0.0001551312989127316,13.5077777630116,0.0,0.0
