iter,val,proj,gnorm,dnorm,xnorm,step,maxstep
1.0,40.00000000000006,0.0,67.90376780417563,12.358965578731054,14.142135623730951,0.5085674099132074,1.0
2.0,-98.96327773954897,0.0,63.7221753233885,5.340650959753012,15.01526903446558,0.5831798192366799,1.0
3.0,-147.32715209388658,0.0,62.26561477887942,2.795189912165069,15.62651107265075,1.0,1.0
4.0,-175.6951562900424,0.0,61.507227653078246,1.9916866640227011,15.332178025461765,1.0,1.0
5.0,-179.40655002591495,0.0,61.524326935249356,1.4553565370565733,14.247316306066883,1.0,1.0
6.0,-181.36294470852147,0.0,61.53673476013466,0.9117795528719298,13.889277460955062,1.0,1.0
7.0,-182.0993250967859,0.0,61.546182422003,0.15376764287875777,13.814782644534182,1.0,1.0
8.0,-182.1268464559744,0.0,61.54797824280585,5.2260925785068186e-05,13.814505925783147,0.0,0.0
