iter,val,proj,gnorm,dnorm,xnorm,step,maxstep
1.0,40.0,0.0,66.88359900605828,12.281767307092535,14.142135623730951,0.5091486662541729,1.0
2.0,-95.24116340181558,0.0,62.75606528033195,5.362823661442839,14.980577136752819,0.5809226272629989,1.0
3.0,-141.51253485715938,0.0,61.342763123424966,2.796486532267067,15.611971284143404,1.0,1.0
4.0,-168.36766786778975,0.0,60.62012786886549,2.004868104124072,15.382439818913966,1.0,1.0
5.0,-172.0871852618248,0.0,60.63817385073797,1.4588095608675058,14.273413839913466,1.0,1.0
6.0,-174.05135017061443,0.0,60.649935143508834,0.8779129362139264,13.922531689594438,1.0,1.0
7.0,-174.71312723000383,0.0,60.65868779030366,0.17644800552835635,13.86537089128887,1.0,1.0
8.0,-174.73986278738215,0.0,60.66069926212433,4.992141866653153e-06,13.869468080831249,0.0,0.0
