iter,val,proj,gnorm,dnorm,xnorm,step,maxstep
1.0,40.0,0.0,65.87088315791583,12.14945201709894,14.142135623730951,0.5101456725237727,1.0
2.0,-94.09941162607089,0.0,61.716270922657415,5.280040608169318,14.919331278542632,0.5860262032835134,1.0
3.0,-140.75082335458052,0.0,60.26831186981656,2.7616736412320972,15.495808248049384,1.0,1.0
4.0,-167.82752403318915,0.0,59.53042721926999,2.042404959873705,15.163115761729687,1.0,1.0
5.0,-171.71436297029095,0.0,59.54745079909882,1.5242839189482296,14.051666371900096,1.0,1.0
6.0,-173.89321216211002,0.0,59.559563007523494,0.9525886515788266,13.674419847537107,1.0,1.0
7.0,-174.68954578949297,0.0,59.5704243548936,0.1526437729910362,13.594877722462385,0.9999992252829514,1.0
8.0,-174.71393403737156,0.0,59.57261104499667,6.284583301562886e-05,13.594145771200722,0.0,0.0
