iter,val,proj,gnorm,dnorm,xnorm,step,maxstep
1.0,40.00000000000006,0.0,66.85877703042586,12.051280070321715,14.142135623730951,0.510869456582963,1.0
2.0,-95.36869489604368,0.0,62.73124566862321,5.255002500480522,14.879014321752997,0.5892640429969752,1.0
3.0,-143.3214962116291,0.0,61.266841852501436,2.7814897609014526,15.42789486819302,1.0,1.0
4.0,-170.83609069795332,0.0,60.52283548360106,2.040233079185093,15.172603284335512,1.0,1.0
5.0,-174.71811351686,0.0,60.53934734158084,1.532402273939443,14.082724350193226,1.0,1.0
6.0,-176.9289147978504,0.0,60.55076157077398,0.945455037757327,13.709154018549828,1.0,1.0
7.0,-177.72066649694972,0.0,60.561420283199915,0.17772535829189523,13.630295072049996,0.9999968943041407,1.0
8.0,-177.7491593419992,0.0,60.56386406564774,3.935509308739502e-05,13.631880092755532,0.0,0.0
