iter,val,proj,gnorm,dnorm,xnorm,step,maxstep
1.0,40.00000000000006,0.0,66.21401765490447,12.083626841050577,14.142135623730951,0.510422561483016,1.0
2.0,-97.02433087778945,0.0,61.98909278301621,5.30687574783625,14.897732539260243,0.5856668992285574,1.0
3.0,-145.40871959748551,0.0,60.49098455423609,2.7937203704341362,15.48064750283184,1.0,1.0
4.0,-173.45496106097573,0.0,59.719857302468114,1.9973316117209212,15.235549968477025,1.0,1.0
5.0,-177.18797455757098,0.0,59.73576601905085,1.4817038465946901,14.20994303884323,1.0,1.0
6.0,-179.21973814063193,0.0,59.7468236218201,0.9251758351794064,13.86403888764153,1.0,1.0
7.0,-179.99068578952776,0.0,59.755316382767276,0.14664591124328313,13.800343766687686,1.0,1.0
8.0,-180.01624586691946,0.0,59.75722150547183,5.973992790758016e-07,13.798835349009384,0.0,0.0
