iter,val,proj,gnorm,dnorm,xnorm,step,maxstep
1.0,40.0,0.0,65.44569214244127,12.107471847968185,14.142135623730951,0.509227445017394,1.0
2.0,-89.14711136762884,0.0,61.40492929844526,5.300620522807494,14.911963831202765,0.5863121963378684,1.0
3.0,-133.34095520627608,0.0,60.02490923391294,2.7821348700415216,15.491362624051039,1.0,1.0
4.0,-158.44582619737744,0.0,59.34696862750317,2.0541997699819743,15.218964700936539,1.0,1.0
5.0,-162.40140000905757,0.0,59.36593936277242,1.5385269683976608,14.053914296988342,1.0,1.0
6.0,-164.62774046790116,0.0,59.3799358098245,0.9898406340989138,13.661491036020953,1.0,1.0
7.0,-165.49959772185997,0.0,59.38994740793489,0.16858418690545537,13.584137108529317,1.0,1.0
8.0,-165.5295637207922,0.0,59.39222034965058,0.0020286857773981343,13.585707068203869,1.0028492303313612,74.87617408002792
9.0,-165.52956578443843,0.0,59.39221427132254,0.0002223965283487468,13.585665988912227,0.0,0.0
