iter,val,proj,gnorm,dnorm,xnorm,step,maxstep
1.0,40.000000000000114,0.0,64.41918850779479,12.249910247494565,14.142135623730951,0.5093093545281142,1.0
2.0,-92.34242810699493,0.0,60.220103009178615,5.356957046660783,14.96685218896503,0.5798644406106194,1.0
3.0,-137.0667250554984,0.0,58.79714061742135,2.7915769544250213,15.601960645039965,1.0,1.0
4.0,-162.8713935126362,0.0,58.077632124047796,2.0218902369765965,15.396412120259725,1.0,1.0
5.0,-166.6584639353316,0.0,58.09529514974642,1.4890991089297319,14.294234895373801,1.0,1.0
6.0,-168.72231582590692,0.0,58.10824018025588,0.9522743883825869,13.925225500373195,1.0,1.0
7.0,-169.53677979748767,0.0,58.11815734736581,0.15159959315519317,13.850319426133897,1.0,1.0
8.0,-169.56025697353215,0.0,58.12050819490086,0.00021307580652346386,13.848553336945509,0.0,0.0
