iter,val,proj,gnorm,dnorm,xnorm,step,maxstep
1.0,5.999999999999545,0.0,4335.400646196381,1.7277372485421507,1.7320508075688779,0.4797505503578169,1.0
2.0,-154.1696329230922,0.0,4335.219998264242,0.9023091010759656,1.9109770183484616,0.4872272465373362,1.0
3.0,-238.2232065134467,0.0,4335.124114340902,0.46563903217029506,2.132732912503147,0.4993753376107497,1.0
4.0,-282.24119881805655,0.0,4335.073915927709,0.24008478607300754,2.2733260398499926,0.532160541524872,1.0
5.0,-305.68158053733714,0.0,4335.046917036706,0.12028920712250918,2.3531974287851956,0.5894103999481489,1.0
6.0,-317.8161800432713,0.0,4335.0325588915175,0.0555721982133126,2.3956935297174518,0.6807122288235073,1.0
7.0,-323.56751263997876,0.0,4335.025567700526,0.021218201884462034,2.415944771108287,0.7958039848583128,1.0
8.0,-325.7138172501768,0.0,4335.022816549912,0.006039738656752932,2.423448528483898,0.9390877823200339,1.0
9.0,-326.23094391600716,0.0,4335.022091158609,0.0008617368443390678,2.4252040085423734,0.0,0.0
