iter,val,proj,gnorm,dnorm,xnorm,step,maxstep
1.0,60.00000000000023,0.0,76.79242263403597,14.818684933364837,17.320508075688775,0.5100027301366707,1.0
2.0,-126.86053390146463,0.0,71.82265339325588,6.359668969437324,18.25824028096325,0.5958018142569892,1.0
3.0,-190.44625276698406,0.0,70.1435926938486,3.379985734537093,18.874773852279898,1.0,1.0
4.0,-225.91830755773321,0.0,69.34661690297031,2.4976226426164048,18.343700622465708,1.0,1.0
5.0,-231.87511912153016,0.0,69.36880068723698,1.8992434275011605,16.9614779567557,1.0,1.0
6.0,-235.1556696847441,0.0,69.38692306419803,1.2183131742072437,16.468861378560405,1.0,1.0
7.0,-236.4990134866402,0.0,69.39918188330073,0.18650597765766153,16.37149398011619,1.0,1.0
8.0,-236.53807102258224,0.0,69.40225438779046,8.25113014281418e-06,16.368517627295198,0.0,0.0
