iter,val,proj,gnorm,dnorm,xnorm,step,maxstep
1.0,60.00000000000023,0.0,81.59159815816699,15.187240366172647,17.320508075688775,0.5084465586137499,1.0
2.0,-142.00460307246954,0.0,76.53828830331653,6.661977047454898,18.399773058762364,0.5747606072285645,1.0
3.0,-209.48758203977582,0.0,74.84758669105231,3.453515707368613,19.24390509601691,1.0,1.0
4.0,-248.42166916421735,0.0,73.98682317079668,2.4394831188326362,19.140167168206542,1.0,1.0
5.0,-253.87977704378113,0.0,74.00865494690531,1.741430960187502,17.79949553594464,1.0,1.0
6.0,-256.68930806767435,0.0,74.02334279828209,1.1039617979635026,17.38240222083193,1.0,1.0
7.0,-257.79458620999094,0.0,74.0335313247187,0.18300379294359898,17.302459760128066,1.0,1.0
8.0,-257.83204664488596,0.0,74.03550027780346,0.0002834704255571388,17.303699559524873,0.0,0.0
