iter,val,proj,gnorm,dnorm,xnorm,step,maxstep
1.0,60.0,0.0,79.57428528113715,14.916249731794823,17.320508075688775,0.5100416810746414,1.0
2.0,-130.76593181475636,0.0,74.68975671963202,6.419825147352537,18.280916534129908,0.5913323312468943,1.0
3.0,-195.4194120864264,0.0,73.04585536978198,3.38618613998235,18.93841655442973,1.0,1.0
4.0,-231.99519521983484,0.0,72.24875952724867,2.505298887876502,18.44530653213456,1.0,1.0
5.0,-237.9051742180654,0.0,72.27075819724801,1.8360792711925191,17.03424001382381,1.0,1.0
6.0,-241.05175870893478,0.0,72.28820287445865,1.1462856546092806,16.546245194177793,1.0,1.0
7.0,-242.20823025757204,0.0,72.30107281717625,0.18225025766737873,16.450354764415856,0.999999523909293,1.0
8.0,-242.245467169414,0.0,72.3035127353949,1.0268720455386082e-05,16.45005947354392,0.0,0.0
