iter,val,proj,gnorm,dnorm,xnorm,step,maxstep
1.0,60.0,0.0,82.22679878242373,14.797883567228931,17.320508075688775,0.5102452228435902,1.0
2.0,-144.04140093072897,0.0,77.16488414866309,6.487970734265183,18.253479147733348,0.5860452446912346,1.0
3.0,-215.85657660804884,0.0,75.38056199709145,3.3978756758220525,18.96369621442127,1.0,1.0
4.0,-257.7158650047127,0.0,74.4634140536731,2.501935083187123,18.556304472065474,1.0,1.0
5.0,-263.4787068967259,0.0,74.48534191935391,1.8301919358161427,17.16056507824999,1.0,1.0
6.0,-266.63699031825126,0.0,74.49873198314847,1.1528148791563768,16.720250034995516,1.0,1.0
7.0,-267.83284657226153,0.0,74.50944225797942,0.18986794440398524,16.64196375792294,0.9999998285549552,1.0
8.0,-267.87069613231574,0.0,74.51153978735913,3.177165823791987e-05,16.645398054995095,0.0,0.0
