iter,val,proj,gnorm,dnorm,xnorm,step,maxstep
1.0,60.000000000000114,0.0,82.57532733212264,14.573798469698659,17.320508075688775,0.5112442481398914,1.0
2.0,-142.92917897661954,0.0,77.56370397096481,6.388224814244563,18.174617095353693,0.5931911219504611,1.0
3.0,-216.07510033175447,0.0,75.76010177520345,3.373485654004803,18.81072580546111,1.0,1.0
4.0,-258.3418919751149,0.0,74.84147174245471,2.521533147275849,18.29616607718906,1.0,1.0
5.0,-264.2938430919868,0.0,74.8640579854678,1.9134120194555109,16.899773143126552,1.0,1.0
6.0,-267.75189277326547,0.0,74.87632254660623,1.2407882851858212,16.439194789116655,1.0,1.0
7.0,-269.14224276788593,0.0,74.8882808847489,0.20515197508800362,16.35906430397949,0.9991697108069021,1.0
8.0,-269.18276650385434,0.0,74.89050594218268,0.0035334957088321265,16.36178869512027,1.0,1.0
9.0,-269.1827889463122,0.0,74.8905141415436,7.945673322232626e-05,16.361770372334206,0.0,0.0
