iter,val,proj,gnorm,dnorm,xnorm,step,maxstep
1.0,60.0,0.0,82.01363261071539,14.952894567504401,17.320508075688775,0.509081775275889,1.0
2.0,-143.51381550789273,0.0,76.9631806082892,6.467202652164121,18.29145852900302,0.5874189746933952,1.0
3.0,-214.99368657466607,0.0,75.19004418526431,3.4059949272350787,18.984096138166052,1.0,1.0
4.0,-256.37392167426356,0.0,74.28139195032487,2.486715447001094,18.60632416972729,1.0,1.0
5.0,-262.2175907135105,0.0,74.30216885968062,1.8380988325867689,17.256794145647472,1.0,1.0
6.0,-265.3309234138825,0.0,74.31708671065003,1.149362408384078,16.775841427776594,1.0,1.0
7.0,-266.51929904150666,0.0,74.3284652868003,0.19990712859134424,16.684135101848632,1.0,1.0
8.0,-266.55907042521756,0.0,74.33129549446625,0.00043148361030077555,16.682545994120332,0.0,0.0
