iter,val,proj,gnorm,dnorm,xnorm,step,maxstep
1.0,60.0,0.0,80.56754386231096,14.649370781272145,17.320508075688775,0.5106343312397421,1.0
2.0,-139.49396877101316,0.0,75.50570774793334,6.371829680945114,18.193454765146008,0.5946995912877332,1.0
3.0,-210.82284358882941,0.0,73.69733388646404,3.388650797311022,18.815709159848087,1.0,1.0
4.0,-251.4808618654182,0.0,72.79404596300034,2.5042765142663925,18.35611838129108,1.0,1.0
5.0,-257.44196983031514,0.0,72.81272316396215,1.923554902061881,17.041811783104286,1.0,1.0
6.0,-260.9140468633925,0.0,72.82922599283708,1.1924699641301049,16.557042486249703,1.0,1.0
7.0,-262.1618729693289,0.0,72.8426167808131,0.21683736548876478,16.46958335527779,1.0,1.0
8.0,-262.2031653939953,0.0,72.84538016104727,0.0003868295097776241,16.473285481556307,0.0,0.0
