iter,val,proj,gnorm,dnorm,xnorm,step,maxstep
1.0,60.0,0.0,85.75316887442936,15.300383581183294,17.320508075688775,0.5079336504498171,1.0
2.0,-167.54735123483295,0.0,80.3234812402597,6.76853397548814,18.44323531358494,0.567952101539064,1.0
3.0,-247.53471668090606,0.0,78.39150106493686,3.495386585560139,19.363600349054963,1.0,1.0
4.0,-296.21198657381865,0.0,77.31211473304998,2.3654777660015776,19.4064743145498,1.0,1.0
5.0,-301.36725156889827,0.0,77.3298210601723,1.6901828837774218,18.21766741380751,1.0,1.0
6.0,-304.0011124850265,0.0,77.3426645080584,1.0280324235796683,17.845505316363962,1.0,1.0
7.0,-304.93177222468717,0.0,77.35273546107011,0.18292418924838202,17.767780888656517,1.0,1.0
8.0,-304.96710467196567,0.0,77.3546572610532,9.419335434523214e-05,17.767778503529115,0.0,0.0
