iter,val,proj,gnorm,dnorm,xnorm,step,maxstep
1.0,60.0,0.0,82.00046187678457,15.143455093612184,17.320508075688775,0.5087588612361914,1.0
2.0,-149.90479707910697,0.0,76.76858955605566,6.62781179659197,18.370147632362954,0.5759250785017207,1.0
3.0,-222.1872628085963,0.0,74.95558521469563,3.433798230825117,19.192714256276755,1.0,1.0
4.0,-264.82355474760766,0.0,73.99994220005718,2.4519982954856787,19.020778370264203,1.0,1.0
5.0,-270.3782370259568,0.0,74.02087134175713,1.7714811030743243,17.691049992586926,1.0,1.0
6.0,-273.2433809527938,0.0,74.03690452824495,1.0897471971646853,17.253962261299154,1.0,1.0
7.0,-274.27351777582066,0.0,74.04770163883452,0.16550590368384377,17.17574527867459,0.9999982624784287,1.0
8.0,-274.30400224430804,0.0,74.04968847830564,2.1703835193539103e-05,17.17615371925095,0.0,0.0
