iter,val,proj,gnorm,dnorm,xnorm,step,maxstep
1.0,2.0000000000000107,0.0,46.16246317086427,0.9863099580422643,0.9999999999999999,0.5386702336314106,1.0
2.0,-7.002819316172051,0.0,45.774674321524614,0.4632567790269901,1.0919328342828405,0.5716666489682252,1.0
3.0,-11.226006624691708,0.0,45.5926065333463,0.2064079479548002,1.2140771771515215,0.618925468680272,1.0
4.0,-13.144541581577961,0.0,45.51013210965499,0.0850542847191952,1.2812537183307229,0.6873917861150521,1.0
5.0,-13.948959120279678,0.0,45.47572260290665,0.031219729105894718,1.3104443173939668,0.7979959039419738,1.0
6.0,-14.239736357225214,0.0,45.46339089087812,0.008753533833661425,1.3205055721296763,0.9489123975277614,1.0
7.0,-14.30947626210203,0.0,45.460485100444565,0.0012278488728131808,1.3224914622578832,1.0,1.0
8.0,-14.313229255289999,0.0,45.46034262229985,4.544785570329661e-05,1.322464709450787,0.0,0.0
