iter,val,proj,gnorm,dnorm,xnorm,step,maxstep
1.0,2.0000000000000036,0.0,49.216188860999786,0.9843821465905992,1.0,0.5359223660352963,1.0
2.0,-7.6739890677329505,0.0,48.824937085698245,0.46624399947602324,1.091746113503061,0.5774437614610225,1.0
3.0,-12.324912022752098,0.0,48.63689202487253,0.20655426063541135,1.2128824980858988,0.6362208687680277,1.0
4.0,-14.44957140618751,0.0,48.551306917645135,0.08438851425510505,1.2791459832941314,0.7311951656209416,1.0
5.0,-15.330313423989363,0.0,48.51604933434008,0.028348392205783467,1.3074063110536713,0.8646963170075822,1.0
6.0,-15.609274378240492,0.0,48.504995830026,0.006232858342769094,1.3158737945049057,1.0,1.0
7.0,-15.652867578166905,0.0,48.5033104393089,0.00045511164774597845,1.316890673966697,0.0,0.0
