iter,val,proj,gnorm,dnorm,xnorm,step,maxstep
1.0,2.0,0.0,43.405746347701474,0.9881082936601637,1.0,0.5375471474003078,1.0
2.0,-6.171015209528839,0.0,43.03162811845265,0.4638259347462503,1.0936576956438442,0.5683252758724211,1.0
3.0,-9.981142410608916,0.0,42.85708445310188,0.20846407884149906,1.2157483571153944,0.6192676183262801,1.0
4.0,-11.732910915060268,0.0,42.77716929790174,0.08549307830265947,1.283038245281805,0.6955922569334142,1.0
5.0,-12.474309320948105,0.0,42.743599455534344,0.03125587547737552,1.3114838610703268,0.8265094699231187,1.0
6.0,-12.74131706348609,0.0,42.73165770684806,0.00827088723597054,1.3206883625844528,0.9935948258948296,1.0
7.0,-12.796912971652672,0.0,42.72923745292841,0.0008166901117606245,1.3219979460735392,0.0,0.0
