iter,val,proj,gnorm,dnorm,xnorm,step,maxstep
1.0,2.0000000000000036,0.0,48.448559049802505,0.981720403169864,1.0,0.544718679735479,1.0
2.0,-8.033145295417814,0.0,48.037014433923254,0.4578046454688166,1.0863333125149628,0.5888216165080465,1.0
3.0,-12.786604508094214,0.0,47.84199419107437,0.20092165946110235,1.2060736929787559,0.6595963455557451,1.0
4.0,-14.936861964346551,0.0,47.75411799858026,0.07962630425349917,1.2717565013070007,0.7867623631612197,1.0
5.0,-15.802948203715994,0.0,47.719044064728195,0.02407509011430108,1.2983893099890251,0.9700429548689135,1.0
6.0,-16.02991142968368,0.0,47.71002976357521,0.0033721313807267847,1.3042856444166127,1.0,1.0
7.0,-16.03691567795659,0.0,47.709800417566676,8.559137393384477e-05,1.3040782397669335,0.0,0.0
