iter,val,proj,gnorm,dnorm,xnorm,step,maxstep
1.0,2.0,0.0,46.04548125495921,0.9772791950103104,1.0,0.545036431759886,1.0
2.0,-7.04666892830585,0.0,45.65574443939459,0.45979422663501385,1.0831033692482859,0.6044727225009628,1.0
3.0,-11.425240349340434,0.0,45.46756535947329,0.1984135424811108,1.2020410857230936,0.6935756232610508,1.0
4.0,-13.373071906665222,0.0,45.38435464071446,0.07219442725343682,1.2674645109820628,0.8241641875562862,1.0
5.0,-14.076068276529782,0.0,45.354634182188555,0.018329274042707816,1.2917351891145115,0.9818317776807501,1.0
6.0,-14.222831555488467,0.0,45.34855248979746,0.0019478122547454163,1.2962230518014746,1.0,1.0
7.0,-14.225545667123093,0.0,45.34846570273818,3.096004854569813e-05,1.2961246000051685,0.0,0.0
