iter,val,proj,gnorm,dnorm,xnorm,step,maxstep
1.0,2.0,0.0,44.77159157324653,0.9855982637464415,1.0,0.5272920999236976,1.0
2.0,-6.882889908055834,0.0,44.37641309549126,0.4698757989150492,1.0954101475471234,0.561028018645175,1.0
3.0,-11.164168450680076,0.0,44.18595320851111,0.2169530856748661,1.2147386634120805,0.6285688035014447,1.0
4.0,-13.227019636376909,0.0,44.09467664087603,0.09282977951076976,1.2817417441086842,0.7563125010311111,1.0
5.0,-14.140220719029305,0.0,44.054692021538216,0.03147490633948856,1.3108714870543134,0.9498821906365035,1.0
6.0,-14.418554521899415,0.0,44.042758529694076,0.005374423476123566,1.318168274472622,1.0,1.0
7.0,-14.43322292002985,0.0,44.042212912149736,0.00021346938540661847,1.3178791041626914,0.0,0.0
