iter,val,proj,gnorm,dnorm,xnorm,step,maxstep
1.0,2.0,0.0,50.03932245746938,0.9865630998572771,0.9999999999999999,0.5392783571068416,1.0
2.0,-7.548801729610563,0.0,49.65986317527057,0.45888963013061934,1.0918806087036104,0.5753014168457367,1.0
3.0,-12.056930972842883,0.0,49.48083722612573,0.2056411392493806,1.2102570591355188,0.6485346969685121,1.0
4.0,-14.175068546610765,0.0,49.39721100017295,0.08483221789015147,1.2744413437785702,0.7829467888346214,1.0
5.0,-15.066247852215128,0.0,49.36237694851825,0.02709048949973138,1.301060918541978,0.9876080332741453,1.0
6.0,-15.309379548298189,0.0,49.353097793676305,0.0037184193846772767,1.3066707208508743,1.0,1.0
7.0,-15.3124317036288,0.0,49.353046464672325,4.320038531265664e-05,1.3061231633118235,0.0,0.0
