iter,val,proj,gnorm,dnorm,xnorm,step,maxstep
1.0,2.000000000000007,0.0,45.75193115051648,0.9835364226793241,0.9999999999999999,0.531980384918193,1.0
2.0,-6.404324649304698,0.0,45.38677921668627,0.4641346071449532,1.0934577404043067,0.5619419994660366,1.0
3.0,-10.375455094555042,0.0,45.21426980636597,0.21373426494167685,1.2124534123833643,0.6197598393276668,1.0
4.0,-12.252784517083127,0.0,45.13307694787251,0.09059432060033422,1.2800075199188934,0.714752462535971,1.0
5.0,-13.067690590688567,0.0,45.09811147539622,0.03225815495309198,1.3100658418900841,0.8614325308767904,1.0
6.0,-13.346600953543563,0.0,45.08630998292717,0.007695000506867658,1.319485338586408,1.0,1.0
7.0,-13.391392472021396,0.0,45.084488886346975,0.0006478876315578313,1.3203891540888477,0.0,0.0
