iter,val,proj,gnorm,dnorm,xnorm,step,maxstep
1.0,2.0000000000000036,0.0,47.57773975297691,0.9843705264448612,0.9999999999999999,0.5420360102921284,1.0
2.0,-7.207380450969321,0.0,47.192945238358895,0.45912295229278255,1.0891045342578658,0.5811989386474177,1.0
3.0,-11.544207681105938,0.0,47.01175868637741,0.2048905435667178,1.2087387951446225,0.64830368051712,1.0
4.0,-13.53043646244769,0.0,46.92912817084111,0.08198552334117608,1.2753919391064816,0.755542972022667,1.0
5.0,-14.337229307289064,0.0,46.89583660524007,0.026340320587612376,1.3031202842743344,0.9090011997026476,1.0
6.0,-14.573627192981599,0.0,46.88622089219584,0.004914725063889103,1.310661678359456,1.0,1.0
7.0,-14.597262770182452,0.0,46.88530547929888,0.0002847058380526749,1.3111122673048567,0.0,0.0
