iter,val,proj,gnorm,dnorm,xnorm,step,maxstep
1.0,2.0,0.0,44.922591154130906,0.981555854109608,0.9999999999999999,0.5303008623854685,1.0
2.0,-6.74340823144084,0.0,44.534862963498945,0.46854363961244566,1.092218887942133,0.5737437470001725,1.0
3.0,-10.999770254007203,0.0,44.34634280862274,0.21280155579741822,1.211000618025729,0.6474750176859055,1.0
4.0,-13.005138921652742,0.0,44.258000998540446,0.08717888232599973,1.2780007607942228,0.7703100606925125,1.0
5.0,-13.8381601875017,0.0,44.22165436960208,0.027573413439813364,1.3064040373645842,0.9474047927825329,1.0
6.0,-14.07253082262873,0.0,44.21162852739745,0.0043895751956339974,1.3133488874825696,1.0,1.0
7.0,-14.085526417748541,0.0,44.211131923200455,0.0001763508993360613,1.313294066611827,0.0,0.0
