iter,val,proj,gnorm,dnorm,xnorm,step,maxstep
1.0,99.99999999999909,0.0,1782.7225843669567,6.943199982716904,7.0710678118654755,0.559503272983593,1.0
2.0,-205.1312717311539,0.0,1782.5496437154404,3.1205956310961613,7.642546825465339,0.6143148239221136,1.0
3.0,-343.5552614347571,0.0,1782.4781582972792,1.3255779248060229,8.45422708890281,0.7350194448701683,1.0
4.0,-405.5992048551225,0.0,1782.4488197361288,0.46365421694501807,8.873438563291609,0.9584290092711006,1.0
5.0,-426.77854451427083,0.0,1782.4399291683426,0.08173126235883686,8.991860379718373,1.0,1.0
6.0,-427.6951544567328,0.0,1782.4398253448635,0.0029815706089391055,8.98271324397976,1.0000000000000002,82.72967765692871
7.0,-427.69515890161347,0.0,1782.439837277678,0.0,8.98208732248114,0.0,0.0
