iter,val,proj,gnorm,dnorm,xnorm,step,maxstep
1.0,100.0,0.0,1763.869238644974,6.9764543913796215,7.0710678118654755,0.5211736763687577,1.0
2.0,-166.29386345888088,0.0,1763.2184563907344,3.3455624802271675,7.656460365644021,0.5470333071756394,1.0
3.0,-290.8450207783608,0.0,1762.9052507051572,1.5642432412111587,8.459831368434383,0.6082306596574394,1.0
4.0,-351.38807572266796,0.0,1762.7702912863188,0.6941606579682299,8.928853706831156,0.7555680208682367,1.0
5.0,-380.37263243568395,0.0,1762.7365599437924,0.2612635374833429,9.154386736871125,1.0,1.0
6.0,-389.6883459988112,0.0,1762.7481763135256,0.04696249764467187,9.20455588329177,1.0000031316996527,22.586862964503883
7.0,-389.6894487403497,0.0,1762.7554912942555,5.274591803710424e-07,9.19568817979835,0.0,0.0
