iter,val,proj,gnorm,dnorm,xnorm,step,maxstep
1.0,100.0,0.0,1768.9410787343936,6.921651891643418,7.0710678118654755,0.5178094284085472,1.0
2.0,-173.001038249673,0.0,1768.0412017678739,3.453149075906412,7.596438505891238,0.5952267757830423,1.0
3.0,-314.5799484465697,0.0,1767.6506943029208,1.475173005727186,8.466065594401567,0.6739201464316612,1.0
4.0,-377.24828706106655,0.0,1767.4852749953257,0.5676344081254255,8.94125240497311,0.8337047414044285,1.0
5.0,-402.1541453220152,0.0,1767.4351236755,0.16517964940678778,9.130947682276695,1.0,1.0
6.0,-407.097166091492,0.0,1767.444086792729,0.020552807724459544,9.159403228538459,1.0000008649614311,34.203934198061546
7.0,-407.0973773006208,0.0,1767.4481301661247,5.675680469395538e-08,9.15701455162251,0.0,0.0
