iter,val,proj,gnorm,dnorm,xnorm,step,maxstep
1.0,100.0,0.0,1783.406368363083,6.915348552314629,7.0710678118654755,0.5533609055511012,1.0
2.0,-176.43521583884194,0.0,1783.2894029319841,3.145443123307491,7.700608327381731,0.6486658649422796,1.0
3.0,-311.6091732361274,0.0,1783.2059004602745,1.3577113551375153,8.521620877700034,0.896664733517189,1.0
4.0,-375.3434333286805,0.0,1783.1375707979746,0.3570836424724945,8.958815438068724,1.0,1.0
5.0,-382.63210256796174,0.0,1783.1367469897918,0.059501631604452584,8.968860877709458,1.0,1.0
6.0,-382.63473621265257,0.0,1783.1404077906514,0.01688312934687925,8.966581447295521,1.0000000000000002,12.527341760461258
7.0,-382.6348787326697,0.0,1783.1420429795185,0.0,8.968459308140615,0.0,0.0
