iter,val,proj,gnorm,dnorm,xnorm,step,maxstep
1.0,100.0,0.0,1773.6262482039444,6.967536771820201,7.0710678118654755,0.482710292873589,1.0
2.0,-177.7954591377902,0.0,1773.0324683721844,3.6233307905638577,7.6127708603195625,0.5063815466413196,1.0
3.0,-319.0128483935632,0.0,1772.7104015279779,1.8604854638786612,8.411477743935613,0.5899552455659759,1.0
4.0,-397.4624067944642,0.0,1772.530162420455,0.9363238701615927,8.946531233442787,0.8259994813817082,1.0
5.0,-441.73898583769096,0.0,1772.4382970220793,0.35302905805847984,9.246579490144203,1.0,1.0
6.0,-451.0114000308231,0.0,1772.4257432042284,0.04939939623836218,9.287845383568929,1.0000000000000002,3.347353124468611
7.0,-451.01262018097987,0.0,1772.4270617684908,0.0,9.28116383750701,0.0,0.0
