iter,val,proj,gnorm,dnorm,xnorm,step,maxstep
1.0,100.0,0.0,1778.6337120070564,6.915727920231295,7.0710678118654755,0.5682112578370804,1.0
2.0,-200.26990182410373,0.0,1778.2001512094187,3.088934774289103,7.735038193566015,0.6423155517597939,1.0
3.0,-337.65673881215207,0.0,1778.0156137956433,1.239414958183389,8.595290434581763,0.7873624132383242,1.0
4.0,-396.1661109533752,0.0,1777.9396867906914,0.39767388285464567,9.00513992609337,1.0,1.0
5.0,-411.79427782454513,0.0,1777.920382159977,0.05705413138618476,9.092065495222107,0.9999999999999999,1.8058747824528651
6.0,-411.79590541148264,0.0,1777.9206512708847,3.469446951953614e-18,9.082481822384324,0.0,0.0
