iter,val,proj,gnorm,dnorm,xnorm,step,maxstep
1.0,100.0,0.0,1768.9067493952302,6.965662025575562,7.0710678118654755,0.5092747546887068,1.0
2.0,-192.74318774160201,0.0,1768.3566197489583,3.4534566692666444,7.597720497320927,0.5594256960447286,1.0
3.0,-340.9557431564808,0.0,1768.0113545512518,1.5544948049579503,8.422188602191175,0.6019935349624856,1.0
4.0,-408.987438302167,0.0,1767.850678461605,0.6806314866309523,8.882572747288703,0.6896189808393112,1.0
5.0,-439.55362202698507,0.0,1767.7776639110432,0.26179678313410076,9.092765693592682,0.84010494796373,1.0
6.0,-451.0350196210102,0.0,1767.7496461421413,0.07149393846006949,9.164484434924073,1.0,1.0
7.0,-453.21471610243043,0.0,1767.7437776108625,0.009454526884102884,9.171486441199447,1.121162555431877,54.940926667169954
8.0,-453.2147662117204,0.0,1767.743561178567,0.0009515140530008396,9.169748926052781,0.0,0.0
