iter,val,proj,gnorm,dnorm,xnorm,step,maxstep
1.0,100.0,0.0,1761.0423134763116,6.9733262436229095,7.0710678118654755,0.5783676527823942,1.0
2.0,-234.8958306866407,0.0,1760.6819077085902,3.0256128162185756,7.600798026283574,0.6286384496779243,1.0
3.0,-379.409150173763,0.0,1760.5574985208,1.2352977166225265,8.469017555079049,0.7421457380577617,1.0
4.0,-441.0977193894105,0.0,1760.5163106793825,0.4027725195315127,8.933224605956594,0.946600063812394,1.0
5.0,-461.17103320042133,0.0,1760.51413184212,0.0681571987533342,9.086572861810911,1.0,1.0
6.0,-462.300578826952,0.0,1760.516029767524,0.0031130327431121855,9.089447155844022,0.9999999999999998,173.37693307306787
7.0,-462.3005836724378,0.0,1760.5161451385775,0.0,9.089104983094156,0.0,0.0
