iter,val,proj,gnorm,dnorm,xnorm,step,maxstep
1.0,30.0,0.0,3054.9021471664196,11.914764454239116,12.24744871391589,0.4585418697086322,1.0
2.0,-719.0556510953502,0.0,3054.6402798036615,6.499004111564709,13.333516687255873,0.5425926405607724,1.0
3.0,-1168.6012645810115,0.0,3054.3395737674646,3.2246321949500207,14.919654182720848,0.6313068000352227,1.0
4.0,-1399.3465262305945,0.0,3054.1529438081816,1.379557762920957,15.931166414049619,0.8870298137180189,1.0
5.0,-1516.7003702719521,0.0,3054.0553543036012,0.7177457694174125,16.435087185109456,1.0,1.0
6.0,-1531.9314189765537,0.0,3054.030905820117,0.5490789038094342,16.409166436311104,1.0,1.0
7.0,-1532.2329569044014,0.0,3054.034583487658,0.3401514503981533,16.37275016150779,1.0,1.0
8.0,-1532.3442200377067,0.0,3054.0519581788253,0.0553750676759645,16.365458255173998,1.0,1.0
9.0,-1532.3486082428117,0.0,3054.053025215044,5.353208569003912e-07,16.365419735904748,0.0,0.0
