iter,val,proj,gnorm,dnorm,xnorm,step,maxstep
1.0,29.999999999992724,0.0,3054.6919786253407,11.980741817036476,12.24744871391589,0.4965530768144001,1.0
2.0,-755.2062814881283,0.0,3054.2966594214595,6.13777948918512,13.54475553421878,0.5392422979683438,1.0
3.0,-1156.2922083085614,0.0,3054.121250820041,2.876041303668451,15.145877795264749,0.5729165427407406,1.0
4.0,-1345.4540099717815,0.0,3054.0479577394913,1.3707856218240548,16.063978844503215,0.7119992103319629,1.0
5.0,-1444.1316108801002,0.0,3054.0203263585213,0.6710170498099116,16.54855740435331,1.0,1.0
6.0,-1483.8839496634537,0.0,3053.993844040803,0.4277749771459318,16.71367588420861,1.0,1.0
7.0,-1484.0482456910067,0.0,3053.98588901566,0.21122382294263808,16.68280157459521,1.0,1.0
8.0,-1484.0761448568483,0.0,3053.9771630846485,0.00842954598920904,16.680000467787576,1.0,1.0
9.0,-1484.0762431328003,0.0,3053.977037267233,9.413943537182723e-07,16.679995435807935,0.0,0.0
