iter,val,proj,gnorm,dnorm,xnorm,step,maxstep
1.0,30.0,0.0,3063.5685937363965,12.095187913126697,12.24744871391589,0.5184205751368325,1.0
2.0,-932.9419207119681,0.0,3062.7195230364496,5.851599452691043,13.710309363444011,0.5456713211939558,1.0
3.0,-1393.2062161329377,0.0,3062.3877387044604,2.722682976098149,15.33396538104471,0.6121941905220926,1.0
4.0,-1621.1467281257173,0.0,3062.22297769578,1.2019786956527398,16.2440658358441,0.7937409574133006,1.0
5.0,-1734.2486641274882,0.0,3062.144406170221,0.5576864958116349,16.687376879580295,1.0,1.0
6.0,-1763.6337266100127,0.0,3062.1274851218423,0.3619940136458542,16.755954045427792,1.0,1.0
7.0,-1763.7549541334156,0.0,3062.116990586274,0.1887536746767665,16.729262052462264,1.0,1.0
8.0,-1763.773694284413,0.0,3062.125721431182,0.00331301584413736,16.724354694268996,0.9999117364955386,51.81976626359813
9.0,-1763.7736997720203,0.0,3062.125971262502,3.6352691268247316e-06,16.724308945801653,0.0,0.0
