iter,val,proj,gnorm,dnorm,xnorm,step,maxstep
1.0,29.999999999996362,0.0,3040.193143126272,12.0235349533402,12.24744871391589,0.45166432082850627,1.0
2.0,-705.0271889659052,0.0,3039.469462745941,6.555941752986122,13.34564768038254,0.4742092352778067,1.0
3.0,-1099.6454682680014,0.0,3039.0514208207574,3.5274226475054835,14.789314245941606,0.5127261644366158,1.0
4.0,-1315.328900460925,0.0,3038.768847340844,1.8362273358410648,15.757569141291969,0.5862393725985119,1.0
5.0,-1432.9048742386149,0.0,3038.6117683408006,0.9665844633615185,16.31501472893721,0.945256575448152,1.0
6.0,-1510.4882015016374,0.0,3038.5034809853337,0.5683920093734984,16.664691791322017,1.0,1.0
7.0,-1515.2287557135023,0.0,3038.4894404708994,0.387889704200102,16.63084802541154,1.0,1.0
8.0,-1515.3661443790152,0.0,3038.5030938081327,0.16038300181568982,16.615630154440836,1.0,1.0
9.0,-1515.3874856266375,0.0,3038.527975948712,3.930211073091426e-07,16.614367326283027,0.0,0.0
