iter,val,proj,gnorm,dnorm,xnorm,step,maxstep
1.0,29.999999999985448,0.0,3075.9135610985554,12.007996724405505,12.24744871391589,0.478576483330114,1.0
2.0,-728.7386627228843,0.0,3074.629241953445,6.285275647439312,13.46302592703905,0.5337143502339324,1.0
3.0,-1140.5891699668937,0.0,3074.252258096316,3.1620769802326794,15.055411014133488,0.6439891760892641,1.0
4.0,-1364.1314668938248,0.0,3074.29873047173,1.3333498543647524,16.102346429525287,0.8986826996026208,1.0
5.0,-1473.1743953132536,0.0,3074.341836313581,0.6436348902634494,16.594821551087357,1.0,1.0
6.0,-1485.7066204629846,0.0,3074.357985859632,0.5042470658720015,16.582271688565044,1.0,1.0
7.0,-1485.9561882566813,0.0,3074.350039651099,0.2952288230231039,16.552048516826286,1.0,1.0
8.0,-1486.0175537311698,0.0,3074.3470642675516,0.01187066801846347,16.546808958926082,1.0,1.0
9.0,-1486.018122437301,0.0,3074.345770222672,0.00024019010814319464,16.54701369099615,0.0,0.0
