iter,val,proj,gnorm,dnorm,xnorm,step,maxstep
1.0,29.999999999992724,0.0,3043.5050651957195,12.012986318979971,12.24744871391589,0.43200230097717557,1.0
2.0,-631.3071582301927,0.0,3042.3629209296696,6.8011584685191275,13.253910405577516,0.49025158330822316,1.0
3.0,-1027.061690319908,0.0,3041.78208012337,3.73926862555533,14.739664588137627,0.5834983426686411,1.0
4.0,-1257.3318063780898,0.0,3041.525131151023,1.7152439295466582,15.841701042824107,0.7137040681183981,1.0
5.0,-1371.8162991884528,0.0,3041.4242763800903,0.8020487363255989,16.41474023566734,1.0,1.0
6.0,-1417.4588780731174,0.0,3041.3864412674025,0.537902106936266,16.596065002080852,1.0,1.0
7.0,-1417.7209883737887,0.0,3041.4062209734466,0.32702467542935837,16.54353369149993,1.0,1.0
8.0,-1417.8146324215923,0.0,3041.410303074991,0.09504456273478146,16.53204574081605,0.999932712917891,1.0
9.0,-1417.8207000689,0.0,3041.418314188491,0.00010027687858203473,16.53065494989495,0.0,0.0
