iter,val,proj,gnorm,dnorm,step,maxstep
1.0,3745.078283433133,0.0,4328.527873445676,17.074193528381223,1.0,1.0
2.0,-687.0099564250377,0.0,4324.691883085655,4.025983028469274,0.8049337319499396,1.0
3.0,-697.1424665901177,0.0,4325.35568208637,1.10585712332597,0.9605831094434504,1.0
4.0,-698.5276726945558,0.0,4325.406767652236,0.4898369165255829,0.9678981922321734,1.0
5.0,-698.7003616191414,0.0,4325.371338394183,0.11166282024836664,0.9659088607495951,1.0
6.0,-698.7087524605868,0.0,4325.375921411305,0.028022846906551376,1.0,1.0
7.0,-698.7093245696451,0.0,4325.375029599082,0.00795867234740145,0.9924251213366805,18.12557686464513
8.0,-698.7093559999339,0.0,4325.375423945319,0.00037192318010339896,0.0,0.0
