iter,val,proj,gnorm,dnorm,step,maxstep
1.0,3745.0782834331258,0.0,4321.670001428631,17.077206387115254,1.0,1.0
2.0,-768.6588174517892,0.0,4318.132788904355,4.035584957196432,0.9586006341710939,1.0
3.0,-782.5639774901138,0.0,4318.401555684377,0.39628311663346205,0.6038569429622256,1.0
4.0,-782.7710867681799,0.0,4318.405375634872,0.1009908639671466,1.0,1.0
5.0,-782.8789726059258,0.0,4318.412352335228,0.0606315596096959,1.4262918150065786,1.4262918150065786
6.0,-782.8826777751528,0.0,4318.411144485271,0.0710837425376337,0.9993523875312373,1.1909095211379186
7.0,-782.8852025881934,0.0,4318.412639287643,0.0006713799264663564,0.0,0.0
