iter,val,proj,gnorm,dnorm,step,maxstep
1.0,3745.078283433133,0.0,4337.587326280145,17.04622752267432,1.0,1.0
2.0,-701.4631313566624,0.0,4333.97814160487,4.187320457636227,0.8455122854721041,1.0
3.0,-714.0178893506418,0.0,4334.26048012742,0.8776939703760955,1.0,1.0
4.0,-715.3087420787087,0.0,4334.330275168644,0.29702144356051285,1.0,1.0
5.0,-715.3965265066163,0.0,4334.337433047951,0.09501338218192133,1.0,1.0
6.0,-715.4012357452957,0.0,4334.344001509705,0.002735823350466354,1.0188553525676003,140.9567033561661
7.0,-715.4012395582286,0.0,4334.344105335717,0.0002615351222642755,0.0,0.0
