iter,val,proj,gnorm,dnorm,xnorm,step,maxstep
1.0,200.0,0.0,46.41874638550248,22.01149559011236,100.0,0.5041692625655824,1.6357993510195086
2.0,77.86349923632588,0.0,40.91697333718727,2.0083174655327247,99.6066625985355,45.89672269798558,45.89672269798558
3.0,-37.02418091421882,0.0,44.147764405262535,11.181124681824327,7.685295727957989,0.763169538516642,1.0
4.0,-97.81385338438334,0.0,41.064042463425835,2.477592958894541,14.265150374682722,1.0,1.0
5.0,-102.0405752015821,0.0,40.93692440450973,1.1291557021251881,14.974139065419823,1.0,1.0
6.0,-103.35672553088578,0.0,40.947240647475,0.9078759458339531,14.507581457052838,1.0,1.0
7.0,-103.89666319541867,0.0,40.961168305194256,0.03472539813818724,14.4153390969285,0.9999992899077136,1.0
8.0,-103.89900407937986,0.0,40.961441218973235,1.4315868489324047e-06,14.415285637356819,0.0,0.0
