iter,val,proj,gnorm,dnorm,xnorm,step,maxstep
1.0,200.0,0.0,43.405746347701474,20.648518255869476,100.0,0.5047214147607404,1.5668972277592448
2.0,92.40315917709245,0.0,38.23389228046121,2.009495226633956,99.53252882120273,45.483466164311174,45.483466164311174
3.0,-12.491842118862479,0.0,42.06994045609841,12.217828725551781,8.190235569559858,0.6808042994608456,1.0
4.0,-81.86857684991827,0.0,38.438437920326834,2.846497675804546,13.664720452929153,0.9546811828801185,1.0
5.0,-87.4460210834646,0.0,38.24200331432134,1.5118384251285997,14.581749296951159,1.0,1.0
6.0,-89.4173144461582,0.0,38.26224998251496,1.1237502794744436,13.6648044247015,1.0,1.0
7.0,-90.26907972533417,0.0,38.27792448809759,0.3113311101754637,13.451157382762647,1.0,1.0
8.0,-90.38930423163433,0.0,38.28054036129034,0.06896432812468126,13.44677223607205,0.9998583829045491,1.0
9.0,-90.39175667480336,0.0,38.28075027574245,0.0005667977991275946,13.445388438845914,0.0,0.0
