iter,val,proj,gnorm,dnorm,xnorm,step,maxstep
1.0,199.99999999999955,0.0,46.60018957044059,21.255581978834996,100.0,0.5044661719536812,1.6520734885241601
2.0,86.04115096511555,0.0,41.51884076213806,2.0089127053052893,99.56500539790211,47.025063578647305,47.025063578647305
3.0,-24.726962686876178,0.0,45.090379761886204,11.603117656833168,5.253915465280662,0.8100136542812811,1.0
4.0,-92.49284270961768,0.0,41.637426477456124,2.0003226763551267,13.315625665601372,1.0,1.0
5.0,-95.54427888984824,0.0,41.54124744643481,0.5439773279357106,14.130780197622935,1.0,1.0
6.0,-95.86621062470546,0.0,41.56154661510046,0.1395347829123528,13.850954539878355,1.0,1.0
7.0,-95.87996686444934,0.0,41.5642656100639,4.144544658052263e-07,13.847739652520731,0.0,0.0
