iter,val,proj,gnorm,dnorm,xnorm,step,maxstep
1.0,200.00000000000068,0.0,46.464472212665875,22.948485962283787,100.0,0.5038267376103907,1.6234216364310878
2.0,67.3341048404966,0.0,40.45176194071373,2.007638965952585,99.66017537239532,44.67050860020358,44.67050860020358
3.0,-51.62620405734779,0.0,43.30394656580169,10.707884000790687,10.337008413157312,0.7121439307003358,1.0
4.0,-104.64278406276182,0.0,40.619735837146415,2.754303624397725,15.601035460350221,1.0,1.0
5.0,-109.58983139925326,0.0,40.471181835135035,1.6266895252742084,16.124249513367502,1.0,1.0
6.0,-111.62869899382622,0.0,40.482298406392765,1.4424022196151929,15.416000459555079,1.0,1.0
7.0,-112.95447833975004,0.0,40.49300508887982,0.5593587606866562,15.094483956603545,1.0,1.0
8.0,-113.37364559863586,0.0,40.492335717670244,0.274047382825264,15.069675375013722,1.0,1.0
9.0,-113.42654426307858,0.0,40.49719079086514,8.374732478707395e-09,15.061642437701202,0.0,0.0
