iter,val,proj,gnorm,dnorm,step,maxstep
1.0,248.22698029070222,0.0,83.80226578770092,15.151462764952667,0.6548077133272769,1.0
2.0,-33.58687254323394,0.0,78.03219955131186,7.389809930484202,1.0,1.0
3.0,-163.661938272714,0.0,76.65043550748715,2.8974327876646595,1.0,1.0
4.0,-168.3165628333373,0.0,77.09416400218274,0.00012141133401766529,0.0,0.0
