iter,val,proj,gnorm,dnorm,step,maxstep
1.0,248.22698029070204,0.0,83.5075602634496,15.215957339035795,0.6465432564297781,1.0
2.0,-44.13055878347103,0.0,77.38909615231952,7.233233109429543,1.0,1.0
3.0,-180.23724293549714,0.0,75.74573726493881,2.90332859032775,1.0,1.0
4.0,-184.89544830293167,0.0,76.18243211239266,0.004562481704266354,1.0,1.0
5.0,-184.89547189719846,0.0,76.18243963527102,7.046570635156704e-05,0.0,0.0
