iter,val,proj,gnorm,dnorm,step,maxstep
1.0,248.22698029070216,0.0,85.55406160524507,15.307231499608465,0.6314385164188911,1.0
2.0,-48.31759928689257,0.0,79.38392491597435,7.3147866967040205,1.0,1.0
3.0,-191.4229181794957,0.0,77.54308755850485,3.0383375477460772,1.0,1.0
4.0,-196.54357804633992,0.0,77.99252263762634,0.035870841796117554,1.0699474590431168,3.5908228371894197
5.0,-196.54426640628785,0.0,77.99244527788977,0.004240406191773589,0.9425875924935444,167.40530359397067
6.0,-196.5442748806431,0.0,77.99253714363208,0.0004577711478398305,0.0,0.0
