iter,val,proj,gnorm,dnorm,step,maxstep
1.0,248.2269802907024,0.0,81.56886876224696,15.093702930168226,0.6754367502244627,1.0
2.0,-35.37031130247897,0.0,75.7148987929554,7.2787622215760255,1.0,1.0
3.0,-158.0927619555836,0.0,74.4715850647998,2.652865509398293,0.9998610534535947,1.0
4.0,-162.05403952213481,0.0,74.88964320048545,0.005466352004835279,0.965831955011923,1.0
5.0,-162.05411339317325,0.0,74.88964891191262,4.735799044878885e-05,0.0,0.0
