iter,val,proj,gnorm,dnorm,step,maxstep
1.0,248.22698029070227,0.0,86.43081758930472,15.387835053401245,0.6241071728207936,1.0
2.0,-51.330441139689924,0.0,80.21517191076691,7.310769568880275,1.0,1.0
3.0,-199.81130511851802,0.0,78.26897395805653,3.252275623214165,0.999926277168331,1.0
4.0,-205.58586870663854,0.0,78.75577090291456,0.0007753781604978458,0.0,0.0
