iter,val,proj,gnorm,dnorm,step,maxstep
1.0,31.028372536337713,0.0,57.51243694498224,10.523872627557814,0.5108207813105852,1.0
2.0,-68.43837713157717,0.0,53.98993117837678,4.599079170557612,0.5941437412269588,1.0
3.0,-103.17186367491135,0.0,52.765236654976036,2.439302862869951,1.0,1.0
4.0,-122.60991996329295,0.0,52.171646650707984,1.750000877159232,1.0,1.0
5.0,-125.53109655938593,0.0,52.18657137271228,1.2852977599537903,1.0,1.0
6.0,-127.07793925109719,0.0,52.19808536811856,0.7632280752185885,1.0,1.0
7.0,-127.59762959141969,0.0,52.20677459678467,0.058276436865797185,0.9999999837757938,1.0
8.0,-127.6017694724488,0.0,52.20736982463247,4.350576393500157e-08,0.0,0.0
