iter,val,proj,gnorm,dnorm,step,maxstep
1.0,31.028372536337656,0.0,57.40742805030337,10.574561006232928,0.5098280201689193,1.0
2.0,-69.3774034541789,0.0,53.83939200476302,4.631533774404822,0.5898827266948531,1.0
3.0,-104.18568674879347,0.0,52.60674821938655,2.4343897288442213,1.0,1.0
4.0,-124.05892212562566,0.0,51.997301713089044,1.7869580958979099,1.0,1.0
5.0,-127.01598711090229,0.0,52.015456441116285,1.2988806696579054,1.0,1.0
6.0,-128.58264926042813,0.0,52.02702553182657,0.7500712632684255,1.0,1.0
7.0,-129.08872255395903,0.0,52.03519156499297,0.08075308259642802,0.9999999995482335,1.0
8.0,-129.09533936038827,0.0,52.036179965104374,1.487836018066675e-09,0.0,0.0
