iter,val,proj,gnorm,dnorm,step,maxstep
1.0,31.028372536337827,0.0,57.5750373977452,10.297730138668408,0.5126899768787989,1.0
2.0,-66.6969423345318,0.0,54.12528892993029,4.440195897502789,0.6119709069833517,1.0
3.0,-102.36923972242124,0.0,52.87624055836813,2.410562578959752,1.0,1.0
4.0,-121.92040122505554,0.0,52.29087307511729,1.8244867263966782,1.0,1.0
5.0,-125.09065463088733,0.0,52.30706812120508,1.3692163019616055,1.0,1.0
6.0,-126.85726124761206,0.0,52.31873009358819,0.8036122992054102,1.0,1.0
7.0,-127.40675060825362,0.0,52.32960812281025,0.054231312302740475,1.0,1.0
8.0,-127.40952552723759,0.0,52.33032568940159,0.00032013680616509534,0.0,0.0
