iter,val,proj,gnorm,dnorm,step,maxstep
1.0,31.028372536337713,0.0,58.5026092696006,10.636877625026527,0.5096741393913776,1.0
2.0,-75.57117333597327,0.0,54.77973823913042,4.7530548954543885,0.5763623842399846,1.0
3.0,-112.63407755619374,0.0,53.47590110791393,2.461669970801681,1.0,1.0
4.0,-134.30656625575665,0.0,52.79433580533495,1.7696905207462705,1.0,1.0
5.0,-137.18267926843885,0.0,52.810087231065836,1.2698884394459957,1.0,1.0
6.0,-138.68064054563035,0.0,52.820992565506835,0.7256543853537714,1.0,1.0
7.0,-139.14097944191448,0.0,52.82933960062859,0.07303816111638688,0.9999999828689556,1.0
8.0,-139.14671384168236,0.0,52.83004778889973,9.326016554875888e-08,0.0,0.0
