iter,val,proj,gnorm,dnorm,step,maxstep
1.0,31.028372536337827,0.0,58.31677548828089,10.666381368392837,0.5091023522074067,1.0
2.0,-71.7770612817286,0.0,54.70994221295574,4.611053540994215,0.5921928009486184,1.0
3.0,-108.05263257358558,0.0,53.43759943372931,2.442672294873708,1.0,1.0
4.0,-128.65875194316848,0.0,52.803367781895744,1.7598593173421424,1.0,1.0
5.0,-131.61817940530796,0.0,52.820433913880066,1.2730362359768388,1.0,1.0
6.0,-133.07471358124667,0.0,52.83440929633695,0.7402727878672649,1.0,1.0
7.0,-133.59006054966227,0.0,52.84203149501375,0.07868263452188524,1.0,1.0
8.0,-133.59581054226203,0.0,52.843136789955274,0.0001809121076065688,0.0,0.0
