iter,val,proj,gnorm,dnorm,step,maxstep
1.0,31.02837253633777,0.0,57.08003040775433,10.857505979255112,0.5082684575772835,1.0
2.0,-75.57858050202299,0.0,53.24938554695886,4.803116079945004,0.5755784277603098,1.0
3.0,-111.83076228166448,0.0,51.94348344277525,2.464688928202798,1.0,1.0
4.0,-133.14189746938325,0.0,51.26495482450007,1.718107616036498,1.0,1.0
5.0,-135.79184618369706,0.0,51.28290563212088,1.1669477416007676,1.0,1.0
6.0,-137.0090077363213,0.0,51.291511189378475,0.6347682412147212,1.0,1.0
7.0,-137.35090960147227,0.0,51.29816663497538,0.05130662230934797,0.9999991269508168,1.0
8.0,-137.35398418154486,0.0,51.29870535639547,1.5836596316479457e-05,0.0,0.0
