iter,val,proj,gnorm,dnorm,step,maxstep
1.0,31.02837253633777,0.0,55.802546118896394,10.201392664856494,0.512838473910464,1.0
2.0,-60.27826940503792,0.0,52.48131648668405,4.3969681045922755,0.6171973031577903,1.0
3.0,-92.79331753490862,0.0,51.318517679843424,2.3917208307827,1.0,1.0
4.0,-110.36209483218803,0.0,50.79995250177311,1.842325564378158,1.0,1.0
5.0,-113.61685697195271,0.0,50.81663523483663,1.4026673504081386,1.0,1.0
6.0,-115.46630561527755,0.0,50.82893520922207,0.8348228148896042,1.0,1.0
7.0,-116.12949631400281,0.0,50.83885067981396,0.06460907626500027,1.0,1.0
8.0,-116.132852987768,0.0,50.83975623201694,2.6224349392674316e-07,0.0,0.0
