iter,val,proj,gnorm,dnorm,step,maxstep
1.0,31.028372536337713,0.0,58.34593856774744,10.698177629122622,0.5091308485544496,1.0
2.0,-75.80982133409606,0.0,54.60195711988631,4.75372026425366,0.5766184149202886,1.0
3.0,-112.84322484247582,0.0,53.29654188919239,2.459647613239247,1.0,1.0
4.0,-134.66941855744702,0.0,52.61260714219462,1.7529929499021908,1.0,1.0
5.0,-137.4001444269146,0.0,52.63146468618371,1.2322885739828975,1.0,1.0
6.0,-138.8346786528873,0.0,52.64007226613961,0.729167983045934,1.0,1.0
7.0,-139.32121602206328,0.0,52.64804440663813,0.05648829700196042,0.9999999858853632,1.0
8.0,-139.32480293894753,0.0,52.64872603023623,1.1348957721238763e-07,0.0,0.0
