iter,val,proj,gnorm,dnorm,xnorm,step,maxstep
1.0,10.000000000000028,0.0,48.37408913873004,4.662698060136427,5.0,0.5164511263555004,1.0
2.0,-31.30889677057168,0.0,46.652984021403306,2.2462882060349365,5.368570628543701,0.6236768380312118,1.0
3.0,-50.832653433502664,0.0,45.840043146755775,1.1767634022263262,5.7784997480251015,1.0,1.0
4.0,-61.714701648020835,0.0,45.41313439287705,0.5107578248264041,5.9132485518932105,1.0,1.0
5.0,-61.895346632776,0.0,45.426179232409275,0.01092505219537549,5.761473731378624,1.1956836447313715,32.75784601772345
6.0,-61.895417989242155,0.0,45.42621376319955,0.0004827002017307155,5.760542025936429,0.0,0.0
