iter,val,proj,gnorm,dnorm,xnorm,step,maxstep
1.0,10.000000000000014,0.0,45.37647857648498,4.541345508702434,5.0,0.524667705310873,1.0
2.0,-26.594231870580217,0.0,43.759558336019055,2.2137895420279174,5.278581025451792,0.6720296935873104,1.0
3.0,-44.34365021172521,0.0,42.98328237381372,1.170328767118438,5.644929557380353,1.0,1.0
4.0,-52.52733095809915,0.0,42.66003385306579,0.48944571309793067,5.695630283656997,1.0,1.0
5.0,-52.70169490536196,0.0,42.673150102718765,6.509927781096235e-12,5.574213739637786,0.0,0.0
