iter,val,proj,gnorm,dnorm,xnorm,step,maxstep
1.0,10.0,0.0,48.64486328486287,4.6730339266904535,5.0,0.5153029352895214,1.0
2.0,-32.507544243212976,0.0,46.88188372822556,2.2542884397462246,5.36703237873517,0.619114383892938,1.0
3.0,-52.659227332607614,0.0,46.0447014668716,1.1633247824375532,5.781194066856079,1.0,1.0
4.0,-64.0787707223298,0.0,45.593970465212834,0.4801624706357405,5.930403462266249,1.0,1.0
5.0,-64.24309280381262,0.0,45.60592000053787,0.0,5.789228857944912,0.0,0.0
