iter,val,proj,gnorm,dnorm,xnorm,step,maxstep
1.0,10.0,0.0,49.283547741634834,4.689042296884496,5.0,0.5139588105220567,1.0
2.0,-33.17816631856296,0.0,47.51444171463071,2.286567862480341,5.38748114815023,0.6002309407175732,1.0
3.0,-53.124058013970085,0.0,46.692968093548764,1.1884473631119687,5.8418309317706365,1.0,1.0
4.0,-65.20573836886618,0.0,46.215458898793266,0.5022296851820932,6.090610505948272,1.0,1.0
5.0,-65.3915777359109,0.0,46.227025054428985,4.972280761688179e-08,5.943192966548452,0.0,0.0
