iter,val,proj,gnorm,dnorm,xnorm,step,maxstep
1.0,10.000000000000014,0.0,47.81991737761369,4.702282343653624,5.0,0.5138338527029316,1.0
2.0,-28.839669625086714,0.0,46.18222519295003,2.2677247201215285,5.391902184702478,0.6073475969746343,1.0
3.0,-46.549519760753796,0.0,45.43695179257563,1.1770505755394511,5.823696364628389,1.0,1.0
4.0,-56.909285186764,0.0,45.025459440045296,0.5050794971714293,6.013737291032552,1.0,1.0
5.0,-57.09398852294315,0.0,45.03864546434619,4.440892098500626e-16,5.844337449625883,0.0,0.0
