iter,val,proj,gnorm,dnorm,xnorm,step,maxstep
1.0,10.0,0.0,47.98111299252864,4.730422400479319,5.0,0.5125180047913855,1.0
2.0,-31.20496217434915,0.0,46.246315762911614,2.285459104116212,5.407618032022912,0.5957557780272363,1.0
3.0,-49.943552121366196,0.0,45.45442076295497,1.1710830472100466,5.858585906124957,1.0,1.0
4.0,-61.421694998944886,0.0,44.99053039352252,0.49700958577608817,6.084144775020795,1.0,1.0
5.0,-61.58448893058349,0.0,45.00288327848904,0.000820301800145776,5.931336606618753,0.0,0.0
