iter,val,proj,gnorm,dnorm,xnorm,step,maxstep
1.0,10.000000000000043,0.0,47.362431778799106,4.647531309016936,5.0,0.5144904901522701,1.0
2.0,-27.951236081701936,0.0,45.73530228451967,2.2520750667422713,5.348607073884103,0.6271762997543094,1.0
3.0,-45.80699052076295,0.0,44.976880391696994,1.1648186556512614,5.749264114435152,1.0,1.0
4.0,-55.56796941546501,0.0,44.595520585256374,0.5070516338940391,5.834083676361805,1.0,1.0
5.0,-55.75385174890736,0.0,44.61096645424053,0.01656143973456868,5.6588961676148495,0.9999977042177844,5.043250772796017
6.0,-55.75398888923555,0.0,44.61152246385068,1.2679340474944075e-06,5.658569198431049,0.0,0.0
