iter,val,proj,gnorm,dnorm,xnorm,step,maxstep
1.0,10.000000000000014,0.0,47.94461446297175,4.716629458551452,5.0,0.5136192654009034,1.0
2.0,-32.45930165007783,0.0,46.154654229817304,2.2708458356857553,5.39581037088181,0.606121855473343,1.0
3.0,-52.20763731610832,0.0,45.31878894670682,1.173046005196047,5.829179913758637,1.0,1.0
4.0,-63.90082777999995,0.0,44.84486869348944,0.490893941342218,6.04361762400153,1.0,1.0
5.0,-64.06463734035731,0.0,44.85719252351101,1.870981097424087e-15,5.9030180051771675,0.0,0.0
