iter,val,proj,gnorm,dnorm,xnorm,step,maxstep
1.0,10.0,0.0,44.00226491900161,4.6132161643814555,5.0,0.519219291945579,1.0
2.0,-27.066006265456707,0.0,42.3056543511802,2.2468251666188697,5.33373164238076,0.6375531609932586,1.0
3.0,-44.39631506257324,0.0,41.515110241926656,1.187559348949663,5.739628673585435,1.0,1.0
4.0,-53.43667582506111,0.0,41.13212457182686,0.49832360414313664,5.902295537087042,1.0,1.0
5.0,-53.62027307766076,0.0,41.145436417242,0.0,5.774693433858426,0.0,0.0
