iter,val,proj,gnorm,dnorm,xnorm,step,maxstep
1.0,20.0,0.0,382.0114413062893,9.934151062216717,10.0,0.22592040470780056,1.0
2.0,-312.07984430527245,0.0,377.7547473708764,7.672423985695176,10.239935023334972,0.22547987383635676,1.0
3.0,-553.3613637751644,0.0,374.6523764842377,5.926435980613299,10.742176132972924,0.22513684069588183,1.0
4.0,-730.8535538593555,0.0,372.3678404193427,4.584305616240355,11.290617488665246,0.2251670366683643,1.0
5.0,-862.9704551545642,0.0,370.66745277515804,3.553123850175063,11.795588778727895,0.22585959967059388,1.0
6.0,-962.3924098369525,0.0,369.3885914738091,2.755714221839174,12.228664227861866,0.22724161812621063,1.0
7.0,-1037.8615719749869,0.0,368.4187382462853,2.138564835741668,12.586318424543625,0.2300170362656896,1.0
8.0,-1095.6982910707582,0.0,367.67542089773553,1.6601253839931294,12.87586145768157,0.23539943055038814,1.0
9.0,-1140.5421379354887,0.0,367.0981171835363,1.291118906818441,13.1072904757253,0.24475064398969948,1.0
10.0,-1175.7384055882508,0.0,366.6441642761921,1.00296308785484,13.292210586101834,0.2598134450499076,1.0
11.0,-1203.6705600363798,0.0,366.2833228861669,0.7781540246074677,13.439951738448586,0.2858173480052301,1.0
12.0,-1226.230990527923,0.0,365.99143297588546,0.5981177562419013,13.558874752797042,0.3300708127029475,1.0
13.0,-1244.7169464375816,0.0,365.7519581925701,0.45352781849161167,13.654934126213098,0.418096056403816,1.0
14.0,-1260.3220724295952,0.0,365.54943510819857,0.32576904442339666,13.733941226294954,0.6066913026046502,1.0
15.0,-1273.444108386805,0.0,365.37881147257934,0.21733079269834166,13.797447498002866,1.0,1.0
16.0,-1281.933548861928,0.0,365.26786640241534,0.04854920551103777,13.834241055428258,1.0,1.0
17.0,-1281.935533742555,0.0,365.2670688427444,0.007995914913679597,13.831121515886226,1.177966420254047,11.404929423712288
18.0,-1281.9355713989937,0.0,365.26674774376227,0.0009795656892450982,13.83120420560999,0.0,0.0
