iter,val,proj,gnorm,dnorm,xnorm,step,maxstep
1.0,6.0,0.0,4317.725493437025,1.7269435717474968,1.7320508075688779,0.4720004400759868,1.0
2.0,-157.70882948373855,0.0,4317.527651753339,0.9148745694538131,1.9055554382032132,0.48123190104015534,1.0
3.0,-245.26275833243517,0.0,4317.421837603008,0.4765092841954176,2.1245841553536375,0.48640221843448006,1.0
4.0,-291.0108990791805,0.0,4317.367211372626,0.24728009637172788,2.264516227598202,0.49492197443128166,1.0
5.0,-314.87501475906447,0.0,4317.33911544108,0.12710592520202157,2.3431420640712384,0.5112541382324307,1.0
6.0,-327.31418110397635,0.0,4317.324979874895,0.06423483958077374,2.385347379175966,0.5365108625298418,1.0
7.0,-333.6909772045142,0.0,4317.318013192728,0.031137824393426498,2.407249662255399,0.5676278419871942,1.0
8.0,-336.81718294618986,0.0,4317.314731569404,0.014328408652624636,2.4180280396453586,0.6079077163607965,1.0
9.0,-338.2646037885879,0.0,4317.313280292333,0.006115281677750516,2.423012394603903,0.6592198643742774,1.0
10.0,-338.87999298260365,0.0,4317.312697477642,0.002333911345845952,2.4251216397974065,0.722087072156669,1.0
11.0,-339.10969872702253,0.0,4317.312495868758,0.0007551140540684913,2.4259027318249196,0.0,0.0
