iter,val,proj,gnorm,dnorm,xnorm,step,maxstep
1.0,5.999999999999545,0.0,4322.334775753956,1.728029766815376,1.7320508075688779,0.4325485656981816,1.0
2.0,-141.77355338427333,0.0,4322.159068124955,0.9821640647631399,1.8814787563684559,0.43904601616418787,1.0
3.0,-226.30648683709387,0.0,4322.061687507275,0.5558225709901728,2.085369419314635,0.4512650952313644,1.0
4.0,-274.8557887805632,0.0,4322.008311050843,0.309743395950301,2.2308947391115885,0.46893571132536993,1.0
5.0,-302.47851245859874,0.0,4321.978879837324,0.16995354188602604,2.320917555921624,0.4973785989960868,1.0
6.0,-318.01847542794803,0.0,4321.9628055480525,0.09064307049689638,2.373492075911491,0.5417579814157113,1.0
7.0,-326.52026409862174,0.0,4321.954317219774,0.045593785037727826,2.4027878821525985,0.6065413584439612,1.0
8.0,-330.880364126715,0.0,4321.950157507769,0.02065010838849685,2.417939935318572,0.6973898371873011,1.0
9.0,-332.85244445487206,0.0,4321.948394517167,0.007445086014611948,2.4248033221954493,0.7977955058894478,1.0
10.0,-333.53506966982513,0.0,4321.947820113943,0.001959073052522508,2.427166832790365,0.9144488017592631,1.0
11.0,-333.69327623618346,0.0,4321.947693967242,0.0003275501585221,2.4277058088276564,0.0,0.0
