iter,val,proj,gnorm,dnorm,xnorm,step,maxstep
1.0,50.00000000000006,0.0,74.96130512474151,11.700238377752848,15.811388300841896,0.5059854454228428,1.0
2.0,-114.96693018117872,0.0,70.47097723929285,5.837797557710207,16.369783603452703,0.5238674346113619,1.0
3.0,-173.26255668183632,0.0,68.84635851140537,2.9324450503530346,17.212221197108235,0.6031417699691407,1.0
4.0,-198.50223514796505,0.0,68.16456501303851,1.5517482128307172,17.63515595757563,1.0,1.0
5.0,-213.935909799814,0.0,67.79766698838675,1.1265447411359273,17.594751068662603,1.0,1.0
6.0,-216.44933310295488,0.0,67.80175340603378,1.054587377283597,16.998213420797587,1.0,1.0
7.0,-218.6645396197434,0.0,67.80583052000854,0.9678070981147037,16.521253731891854,1.0,1.0
8.0,-220.52456208595754,0.0,67.81029492382316,0.8683080795252054,16.157660958625602,1.0,1.0
9.0,-222.012399524324,0.0,67.81501128556772,0.750287075124307,15.90103066449363,1.0,1.0
10.0,-223.12276951026138,0.0,67.81983234274996,0.6146762398069416,15.73500274225751,1.0,1.0
11.0,-223.8399039011077,0.0,67.82514790154148,0.46001273265967807,15.639300026296185,1.0,1.0
12.0,-224.2479511755651,0.0,67.83026501113181,0.2602656086608408,15.592663760446074,1.0,1.0
13.0,-224.3705129869324,0.0,67.83460547732254,0.09652961240774781,15.575903176421823,0.9999970594734984,1.0
14.0,-224.3861735667345,0.0,67.8370033469326,0.0396809889525421,15.56855069252419,1.0,1.0
15.0,-224.38865201180317,0.0,67.83811183811675,0.01907396244285673,15.564789904099001,1.0,1.0
16.0,-224.38920741889982,0.0,67.83866151461973,0.009441851977762566,15.562933097253786,1.0003181938072996,1.8723207702238591
17.0,-224.38934118430296,0.0,67.83893718965487,0.004721043949055794,15.562001511582354,1.0004189006048885,1.7446481447521758
18.0,-224.38937463069172,0.0,67.83907582176327,0.0023605827929222114,15.561539055843038,1.0005229485928753,1.4891532296106171
19.0,-224.38938299358924,0.0,67.83914528673019,0.0011789721209890518,15.561308974457031,1.0,1.0
20.0,-224.38938508214312,0.0,67.83917999510614,0.0005749709318905802,15.561194391081456,0.0,0.0
