iter,val,proj,gnorm,dnorm,xnorm,step,maxstep
1.0,50.00000000000006,0.0,76.12928980362945,11.72531354543861,15.811388300841896,0.5058479668718227,1.0
2.0,-118.67138096626627,0.0,71.60734779175938,5.858304673634534,16.39003057225626,0.5233200754563817,1.0
3.0,-178.73883354837318,0.0,69.95715250466536,2.9484069960258132,17.24988602572378,0.6006779657465992,1.0
4.0,-204.8575010355853,0.0,69.25963111918507,1.5580752792623214,17.687690247377667,1.0,1.0
5.0,-220.96378772701064,0.0,68.87767272128653,1.1206937093314802,17.67009927846579,1.0,1.0
6.0,-223.44785136073278,0.0,68.88158703706934,1.0507070686102236,17.08340201421774,1.0,1.0
7.0,-225.64776114171642,0.0,68.88552287168267,0.9660674526692312,16.614306022668707,1.0,1.0
8.0,-227.50225786243675,0.0,68.88968594902245,0.880827358284933,16.25652973739463,1.0,1.0
9.0,-229.0322421678983,0.0,68.89406014000296,0.7774677380757933,16.002405180257433,1.0,1.0
10.0,-230.23496176955467,0.0,68.8982315784088,0.6512284516181565,15.836829140283623,1.0,1.0
11.0,-231.0664654183305,0.0,68.90276454088271,0.4908136473977239,15.741761629901491,1.0,1.0
12.0,-231.52546837494424,0.0,68.90739647755565,0.2711780593014951,15.6984991352401,1.0,1.0
13.0,-231.66333952784385,0.0,68.91172268517853,0.10292264509705479,15.683000087019554,1.0,1.0
14.0,-231.68081754784816,0.0,68.9141456270559,0.04708175157840173,15.676841183846618,1.0,1.0
15.0,-231.68422805973728,0.0,68.91534848544957,0.022864007902803976,15.673946122154286,1.0,1.0
16.0,-231.68503296408406,0.0,68.91595441017874,0.011307733671423941,15.672558538932847,1.0,1.0
17.0,-231.68522569254236,0.0,68.91625666586654,0.0055886157030125855,15.671874189922706,1.00462784034781,2.622916582709045
18.0,-231.68527275829007,0.0,68.91640813188609,0.0027946800277418448,15.67152485497877,1.0051773418376166,3.251578452054975
19.0,-231.68528453429903,0.0,68.91648408587477,0.0013975462422697671,15.671351451855354,1.0057862852512442,4.516122618615833
20.0,-231.68528748095412,0.0,68.91652207501593,0.0006988871739301259,15.67126523195788,0.0,0.0
