iter,val,proj,gnorm,dnorm,xnorm,step,maxstep
1.0,49.999999999999886,0.0,73.66979155667538,11.36826854609664,15.811388300841896,0.5067369971497896,1.0
2.0,-103.27900200365292,0.0,69.43489989788289,5.686541310254654,16.290311316782045,0.5271033903378766,1.0
3.0,-157.2969071210416,0.0,67.91427994398583,2.865918200297714,17.046288133373967,0.6191237176179237,1.0
4.0,-180.90509506838896,0.0,67.2763115149028,1.5292905297468808,17.40242676592489,1.0,1.0
5.0,-194.71781421617106,0.0,66.95822482276844,1.1641784989525152,17.252948115930607,1.0,1.0
6.0,-197.40648536525623,0.0,66.96240125161479,1.0879952012086649,16.60638652668519,1.0,1.0
7.0,-199.7655908190539,0.0,66.96676220753493,0.9978108136171464,16.086962282805406,1.0,1.0
8.0,-201.73534733191437,0.0,66.97163027848661,0.8994146341119947,15.68835376120019,1.0,1.0
9.0,-203.33424429027446,0.0,66.976791946685,0.788456154844541,15.404651187977349,1.0,1.0
10.0,-204.552386789355,0.0,66.98211166961565,0.6557108391558923,15.218461763818597,1.0,1.0
11.0,-205.38183961787036,0.0,66.98765426509961,0.5204173908512967,15.109884391596191,1.0,1.0
12.0,-205.90746911832804,0.0,66.99282040221705,0.27758819318481964,15.057727731543016,1.0,1.0
13.0,-206.06824530260198,0.0,66.9972917685241,0.08335625651793632,15.038593234999379,0.9999997608395277,1.0
14.0,-206.08041819574984,0.0,66.99950500770332,0.038403958338842616,15.030210674675741,1.0,1.0
15.0,-206.08265457772035,0.0,67.00060417790506,0.018309000551058073,15.02598987388664,1.0,1.0
16.0,-206.0831624666256,0.0,67.00114954657104,0.009103668442969602,15.023913703089313,1.0,1.0
17.0,-206.0832875622744,0.0,67.00142474584841,0.004444481276438878,15.022880214848847,1.0000005774330487,3.3277871979306957
18.0,-206.08331719241284,0.0,67.00156084219306,0.0022222406528332734,15.022358724408491,1.000000603739227,4.655569505136237
19.0,-206.08332459994716,0.0,67.0016291121442,0.0011111203337251304,15.022098452516106,1.000000630050564,7.3111321317432845
20.0,-206.08332645183108,0.0,67.00166330275583,0.000555560170517438,15.021968431658841,0.0,0.0
