iter,val,proj,gnorm,dnorm,xnorm,step,maxstep
1.0,49.99999999999994,0.0,75.85635286517406,11.579979694418585,15.811388300841896,0.5055275223537999,1.0
2.0,-117.49543670072649,0.0,71.34100208306346,5.793080884428884,16.35270571862283,0.5237675103717135,1.0
3.0,-177.76548513581724,0.0,69.67508915726734,2.9314445726086493,17.174023673933657,0.6056723049198319,1.0
4.0,-204.3592208303155,0.0,68.96045049832195,1.5636286905795005,17.584871135769536,1.0,1.0
5.0,-220.59404591731237,0.0,68.57436248086852,1.140612669873316,17.52688973731188,1.0,1.0
6.0,-223.18047038868193,0.0,68.57800838725844,1.0603198077390583,16.918680426968763,1.0,1.0
7.0,-225.40739671494606,0.0,68.58225838330178,0.9737085801351621,16.433304196203597,1.0,1.0
8.0,-227.28414547687515,0.0,68.58664735566705,0.8872050806329508,16.06778861023886,1.0,1.0
9.0,-228.84437704822278,0.0,68.59090784867858,0.7889815650472879,15.809306866658225,1.0,1.0
10.0,-230.07263441682062,0.0,68.59486711380096,0.6720484990674702,15.637159464891665,1.0,1.0
11.0,-230.94855109647293,0.0,68.59859525291434,0.5287508790778158,15.540546987118034,1.0,1.0
12.0,-231.49629883795717,0.0,68.6027862684092,0.30039308599522657,15.494551188129634,1.0,1.0
13.0,-231.66490541622503,0.0,68.60735489291757,0.09462062676857211,15.475161190251125,0.9998387744797487,1.0
14.0,-231.68088600508932,0.0,68.60962642030643,0.04261137285252554,15.46794142643404,1.0,1.0
15.0,-231.68363983596598,0.0,68.61068714211537,0.021286975155827927,15.464950819240213,1.000250145234879,1.6660749790482108
16.0,-231.68431970895708,0.0,68.61123577664766,0.010644061493042126,15.463510936776348,1.0004786599427073,1.3318670236638708
17.0,-231.68448973437012,0.0,68.61151556248312,0.005200978863830551,15.462802697569106,1.0,1.0
18.0,-231.68453133941998,0.0,68.61165525451858,0.0025542418296789445,15.462443969734885,1.001276097298457,1.1873163510194098
19.0,-231.68454113813536,0.0,68.61172408279434,0.0012532327253868948,15.46225728818599,1.0,1.0
20.0,-231.684543528628,0.0,68.61175816051015,0.0006260177822563575,15.462162582874663,0.0,0.0
