iter,val,proj,gnorm,dnorm,xnorm,step,maxstep
1.0,50.0,0.0,78.22002122222801,11.83449101403418,15.811388300841896,0.5056927940118555,1.0
2.0,-123.07719426486909,0.0,73.70631966392303,5.913377878836223,16.411176974504915,0.5227003047679913,1.0
3.0,-184.86875104793126,0.0,72.05593749755401,2.9774869178175347,17.295064055476566,0.5976990877306845,1.0
4.0,-211.7306161235203,0.0,71.35754448211088,1.5705683366968983,17.74995242263159,1.0,1.0
5.0,-228.43985858478595,0.0,70.96937605607889,1.1097503756864346,17.755777479141774,1.0,1.0
6.0,-230.89001327628193,0.0,70.97310465313491,1.0281550142872986,17.17732114110778,1.0,1.0
7.0,-232.99346289831234,0.0,70.97716932490479,0.9433894859259698,16.71966920621716,1.0,1.0
8.0,-234.75044338550936,0.0,70.98147195879278,0.8518296253626403,16.375652490140805,1.0,1.0
9.0,-236.18744124020884,0.0,70.98561608030556,0.7484086760345735,16.134350437238314,1.0,1.0
10.0,-237.28019839856722,0.0,70.9899233569768,0.620406650827337,15.977356475415416,1.0,1.0
11.0,-238.0355026284683,0.0,70.99435999365659,0.4567954294375751,15.88624978461224,1.0,1.0
12.0,-238.43890754656084,0.0,70.99865697074118,0.26107042305351813,15.846401767156024,1.0,1.0
13.0,-238.55782817803112,0.0,71.00269859524619,0.10642172331647416,15.832377513276027,0.999958285330876,1.0
14.0,-238.57676415697492,0.0,71.00508647212756,0.047670651852353,15.826623792183929,0.9999487264270108,1.0
15.0,-238.5803411196611,0.0,71.00624683172927,0.022445151173121587,15.82402238698468,0.999944245866239,1.0
16.0,-238.58110415263016,0.0,71.00680951464825,0.011210223998914744,15.822732838163589,0.9999449238059541,1.0
17.0,-238.5812926464059,0.0,71.00709437041515,0.00560494321706462,15.822105438924073,0.999945931386884,1.0
18.0,-238.5813397681541,0.0,71.00723816283548,0.002802448650060468,15.821793422577937,0.9999469281648347,1.0
19.0,-238.5813515481064,0.0,71.0073104062376,0.0014012246777354244,15.821637601770197,0.9999479308005219,1.0
20.0,-238.58135449309873,0.0,71.00734660683261,0.000700612512317442,15.821559905999717,0.0,0.0
