iter,val,proj,gnorm,dnorm,xnorm,step,maxstep
1.0,50.00000000000006,0.0,75.40161008893642,11.428111956694195,15.811388300841896,0.5065925959140991,1.0
2.0,-106.76658451879541,0.0,71.16253388848315,5.711754114759484,16.311739616218915,0.5267129790835627,1.0
3.0,-162.28942860679803,0.0,69.6336533916251,2.884481419598745,17.089730430905647,0.616660585999655,1.0
4.0,-186.6228767070591,0.0,68.98983193148055,1.5430604013422755,17.463808497220477,1.0,1.0
5.0,-200.97127470796244,0.0,68.66471578739038,1.1657937532308909,17.339868202702565,1.0,1.0
6.0,-203.67043186160714,0.0,68.66925723863976,1.088025615383892,16.702033652566097,1.0,1.0
7.0,-206.0289222867535,0.0,68.67351170185847,1.0004907988948444,16.186341626206918,1.0,1.0
8.0,-208.00458440789214,0.0,68.67836503369331,0.8985412017709825,15.792415026984724,1.0,1.0
9.0,-209.60489615268722,0.0,68.68224749614282,0.7625840689263887,15.512814879114726,1.0,1.0
10.0,-210.75154452133899,0.0,68.6866318361369,0.6177327051669452,15.333194605747885,1.0,1.0
11.0,-211.47491456955348,0.0,68.69207496060561,0.45700210565539817,15.229567432752638,1.0,1.0
12.0,-211.8775459800985,0.0,68.69699337828935,0.25235990913988576,15.182300959585605,1.0,1.0
13.0,-211.99496546572746,0.0,68.70112510986411,0.0988478284082034,15.165949291920075,1.0,1.0
14.0,-212.01025353664335,0.0,68.70347545147207,0.04430874880345521,15.158415516161115,1.0,1.0
15.0,-212.0133142075573,0.0,68.70466234003,0.02078461706626335,15.154567839610083,1.0,1.0
16.0,-212.013981048798,0.0,68.70524344920385,0.009676171384872947,15.152652033853334,1.0,1.0
17.0,-212.014122480959,0.0,68.70551997207188,0.0047334288384304046,15.151681725204295,1.0000038089084686,7.40943610420473
18.0,-212.01415608911037,0.0,68.70565686726133,0.002366714458954151,15.151191964425326,1.0000038762101278,12.818934645286975
19.0,-212.01416449114868,0.0,68.70572556009172,0.0011833572495107698,15.150947626704989,1.000003944068764,23.637992114071697
20.0,-212.0141665916584,0.0,68.70575996800495,0.000591678634855578,15.150825591999423,0.0,0.0
