iter,val,proj,gnorm,dnorm,xnorm,step,maxstep
1.0,50.000000000000114,0.0,72.99320335486586,11.279549324984021,15.811388300841896,0.5068013873871816,1.0
2.0,-104.36845372864462,0.0,68.68537393718027,5.634638188707709,16.276365044639167,0.5271755711081106,1.0
3.0,-159.29910027213822,0.0,67.12043204354906,2.836402055847897,17.016408388428612,0.6193191313226986,1.0
4.0,-183.5245981938824,0.0,66.45568347751541,1.5210417182237737,17.363309045589812,1.0,1.0
5.0,-197.74070776637768,0.0,66.1205935497303,1.1631739365928335,17.212871781762306,1.0,1.0
6.0,-200.4297098165607,0.0,66.1245662151013,1.0942787620459433,16.576591281316286,1.0,1.0
7.0,-202.81124056022114,0.0,66.12850588197422,1.0186569123102243,16.063870424734517,1.0,1.0
8.0,-204.86761769204588,0.0,66.13277443177608,0.9394224137088133,15.665885948105535,1.0,1.0
9.0,-206.61252031281398,0.0,66.137235760028,0.8417568296084137,15.376506822290434,1.0,1.0
10.0,-208.01063132268683,0.0,66.14161419900181,0.7142115732967904,15.187617183437792,1.0,1.0
11.0,-209.0050605898301,0.0,66.14608897449845,0.5539856421679423,15.083671210227514,1.0,1.0
12.0,-209.61203282451746,0.0,66.15059866852191,0.3064898633377968,15.03855326131074,1.0,1.0
13.0,-209.79340714661015,0.0,66.15508839120787,0.11249865910602218,15.026039822758612,0.9999970314196824,1.0
14.0,-209.814850504464,0.0,66.15769302023484,0.0476064444260566,15.021158586566871,0.999996188264368,1.0
15.0,-209.81836947825346,0.0,66.15887439028081,0.02245470567790131,15.018912356163613,0.9999962817630067,1.0
16.0,-209.81915198452194,0.0,66.15947189744625,0.01085438443819155,15.017765000871243,0.9999963696649792,1.0
17.0,-209.81932915794692,0.0,66.15976715460823,0.005426922263223057,15.01718055270817,0.9999964223889823,1.0
18.0,-209.8193733350183,0.0,66.15991601833399,0.002713461157162363,15.016890630448463,0.9999964600041898,1.0
19.0,-209.81938437928642,0.0,66.1599907852159,0.0013567305912891847,15.01674637674239,0.9999964974216903,1.0
20.0,-209.81938714035374,0.0,66.16002825272828,0.0006783653019652953,15.016674420311709,0.0,0.0
