iter,val,proj,gnorm,dnorm,xnorm,step,maxstep
1.0,50.000000000000114,0.0,76.60423994796241,11.490780948842673,15.811388300841896,0.5062026019594377,1.0
2.0,-118.68989938517655,0.0,72.11190362264192,5.750596563006973,16.343703756955478,0.524897104259357,1.0
3.0,-179.94389866144178,0.0,70.44065174292149,2.9075107913376335,17.151770288318794,0.6087228818208261,1.0
4.0,-207.19434230665502,0.0,69.71743300345909,1.5545561647205992,17.553662787069428,1.0,1.0
5.0,-223.72671291401053,0.0,69.32836847129383,1.1508163051204672,17.483063234244067,1.0,1.0
6.0,-226.3639487647727,0.0,69.33156517733997,1.0875128498655737,16.87349211067065,1.0,1.0
7.0,-228.70971061383847,0.0,69.33515669824098,1.0123388108040863,16.379690544750762,1.0,1.0
8.0,-230.75364514072493,0.0,69.33884779069051,0.9124378226886167,15.997601164088396,1.0,1.0
9.0,-232.40301555851096,0.0,69.34329116910695,0.7907064251499888,15.717670332455615,1.0,1.0
10.0,-233.63296092174951,0.0,69.34831071622399,0.6644326177344533,15.535999430174822,1.0,1.0
11.0,-234.4884439868637,0.0,69.35337610016971,0.5182310155548308,15.433834667916821,1.0,1.0
12.0,-235.0014511642337,0.0,69.35817371536116,0.2757215598130073,15.38658113213479,1.0,1.0
13.0,-235.15604619430448,0.0,69.36244511053499,0.09738657736577126,15.370581555596624,1.0,1.0
14.0,-235.17129710644522,0.0,69.36480122060124,0.04321126978510904,15.36342683164235,0.9999999685154493,1.0
15.0,-235.17417823068703,0.0,69.36593091856088,0.02112301984602965,15.360235355619611,0.9999999869747854,1.0
16.0,-235.1748475036344,0.0,69.3665026684184,0.010561509923495678,15.358639290519546,0.9999999871569775,1.0
17.0,-235.17501482187,0.0,69.36679336594348,0.00528075496198837,15.357852088619264,0.9999999873391486,1.0
18.0,-235.17505665142892,0.0,69.36693992038852,0.0026403774811145013,15.357461195374634,0.9999999875213014,1.0
19.0,-235.1750671088186,0.0,69.36701349905485,0.0013201887406173634,15.357266425517352,0.9999999877034363,1.0
20.0,-235.1750697231661,0.0,69.36705036376138,0.0006600943703386212,15.357169209676913,0.0,0.0
