iter,val,proj,gnorm,dnorm,xnorm,step,maxstep
1.0,300.0,0.0,64.72129359030767,11.039202729310189,12.24744871391589,1.0,1.0
2.0,-18.22321585197652,0.0,60.14312375849543,4.973179143948433,9.826155414613737,1.0,1.0
3.0,-34.2487205535625,0.0,61.57575772214965,5.106793850802625e-08,6.6501920239948005,0.0,0.0
