iter,val,proj,gnorm,dnorm,xnorm,step,maxstep
1.0,300.00000000000006,0.0,62.777666697662475,11.061423549681775,12.24744871391589,1.0,1.0
2.0,-15.27341269760305,0.0,58.77650303321233,4.488820481151617,8.869459348081635,0.9999235620667664,1.0
3.0,-29.510065116408057,0.0,60.00691261663543,0.004081808080846769,6.17199927609662,0.9893753129672629,1.0
4.0,-29.510388159471034,0.0,60.006945444823,3.8432886481809944e-06,6.172040537041895,0.0,0.0
