iter,val,proj,gnorm,dnorm,xnorm,step,maxstep
1.0,300.0,0.0,59.81193708617871,11.071267928388721,12.24744871391589,1.0,1.0
2.0,-5.758862000890559,0.0,56.00115703143946,4.762278469405178,8.783437867434616,0.9999999985693311,1.0
3.0,-20.843478468933768,0.0,57.416825913699924,5.4732070742351996e-08,5.60308280709217,0.0,0.0
