iter,val,proj,gnorm,dnorm,xnorm,step,maxstep
1.0,300.0,0.0,61.554279315105305,11.184524226914279,12.24744871391589,1.0,1.0
2.0,-16.66474874339147,0.0,57.19578007898329,4.662558074633188,9.371282384699748,1.0,1.0
3.0,-30.229330425291323,0.0,58.52093674430891,7.730482835024567e-05,6.291176187949886,0.0,0.0
