iter,val,proj,gnorm,dnorm,xnorm,step,maxstep
1.0,300.0,0.0,62.93385333827097,11.121525638082147,12.24744871391589,1.0,1.0
2.0,-21.121495039390965,0.0,58.575105193128216,4.401733083285022,9.214913391606826,0.9999791850589802,1.0
3.0,-34.800702906502394,0.0,59.77848029582697,0.00026592944587604164,6.608687225573591,0.0,0.0
