iter,val,proj,gnorm,dnorm,xnorm,step,maxstep
1.0,300.0,0.0,62.40684113141603,11.067789428913404,12.24744871391589,1.0,1.0
2.0,-17.385591513663087,0.0,57.83643358245726,4.793744810359399,9.619136486303661,0.9998668523887531,1.0
3.0,-32.76663982680128,0.0,59.24858351263175,0.007390329043967173,6.626268262202316,0.9826091056517212,1.0
4.0,-32.767175889067445,0.0,59.24866110479007,1.1273330640482663e-05,6.626212251696851,0.0,0.0
