iter,val,proj,gnorm,dnorm,xnorm,step,maxstep
1.0,300.0,0.0,63.55053733843642,11.243583368590414,12.24744871391589,1.0,1.0
2.0,-26.349819628152474,0.0,59.09898377805279,4.176747569707496,9.291405019419793,0.9999999627364232,1.0
3.0,-38.759523538017014,0.0,60.18175401206945,1.7160971288942552e-06,6.909525838548361,0.0,0.0
