iter,val,proj,gnorm,dnorm,xnorm,step,maxstep
1.0,300.00000000000006,0.0,62.75173116339182,11.116103101945255,12.24744871391589,1.0,1.0
2.0,-14.699356704810654,0.0,58.54742586072341,4.889832768351757,9.293172540386013,1.0,1.0
3.0,-29.9431846689143,0.0,59.95351711461535,7.799234463786747e-08,6.112992789133335,0.0,0.0
