iter,val,proj,gnorm,dnorm,xnorm,step,maxstep
1.0,300.0,0.0,61.744278795713534,11.099593206960334,12.24744871391589,1.0,1.0
2.0,-19.80348073557259,0.0,57.59757913236226,4.2171489596311895,8.78160403115513,0.9999911703347448,1.0
3.0,-32.641384227100936,0.0,58.7312656652955,0.0004348404313901895,6.280849496771299,0.0,0.0
