iter,val,proj,gnorm,dnorm,xnorm,step,maxstep
1.0,299.99999999999994,0.0,62.976717713801186,11.20776967676963,12.24744871391589,1.0,1.0
2.0,-30.731879872085116,0.0,58.307377146226905,3.7714955632845992,9.298463850904469,0.9999998920620592,1.0
3.0,-41.24933934500837,0.0,59.26789546591352,5.441309961368651e-06,7.197539789995729,0.0,0.0
