iter,val,proj,gnorm,dnorm,xnorm,step,maxstep
1.0,299.9999999999999,0.0,62.136539395125645,11.053438395828257,12.24744871391589,1.0,1.0
2.0,-15.766234656880144,0.0,57.95777235127265,4.5599820889211555,9.040811808026321,0.9999570440717994,1.0
3.0,-29.81889040993019,0.0,59.229953778558105,0.0001958782637336316,6.171771041892698,0.0,0.0
