iter,val,proj,gnorm,dnorm,xnorm,step,maxstep
1.0,300.0,0.0,64.29942959314025,11.20517825098573,12.24744871391589,1.0,1.0
2.0,-27.724169818056296,0.0,59.803902769417306,3.9862882004837563,9.3387570518098,0.9999999999999994,1.0
3.0,-39.64950798082688,0.0,60.81336955110388,1.4679104284699942e-14,7.08957589973443,0.0,0.0
