iter,val,proj,gnorm,dnorm,xnorm,step,maxstep
1.0,300.0,0.0,63.53619750978492,11.297307766275885,12.24744871391589,1.0,1.0
2.0,-19.60065512148458,0.0,59.372494428633054,4.252610472772666,9.275956852633312,1.0,1.0
3.0,-31.84636389105546,0.0,60.48502311852261,0.0033625879415960904,6.697757442692403,0.9999999999999994,152.61750830103452
4.0,-31.84636954455432,0.0,60.48507867445026,4.440892098500626e-16,6.69759555496013,0.0,0.0
