iter,val,proj,gnorm,dnorm,xnorm,step,maxstep
1.0,300.0,0.0,63.03671553946161,11.23867911776365,12.24744871391589,1.0,1.0
2.0,-23.61196224402265,0.0,58.59278123420989,4.185601126784466,9.371463047975727,0.9999999988553888,1.0
3.0,-35.60455149612751,0.0,59.721897797513414,5.694860134559548e-08,6.720807362332395,0.0,0.0
