iter,val,proj,gnorm,dnorm,xnorm,step,maxstep
1.0,300.0000000000001,0.0,65.81114513517448,11.125962162062459,12.24744871391589,1.0,1.0
2.0,-24.505528114531913,0.0,61.0033002738835,4.657054483688222,10.08496793923724,1.0,1.0
3.0,-38.19635752884216,0.0,62.26275752858338,3.916169087613481e-06,7.42291082776942,0.0,0.0
