iter,val,proj,gnorm,dnorm,xnorm,step,maxstep
1.0,299.99999999999994,0.0,64.51087711388368,11.122792913596735,12.24744871391589,1.0,1.0
2.0,-19.01967947126117,0.0,60.12308180290887,4.8205606530558125,9.561415756418123,0.9999743970403537,1.0
3.0,-33.7183783998687,0.0,61.469536311611364,0.0010167839096054672,6.552752444947043,1.0,1.0
4.0,-33.71845776991151,0.0,61.46956090749258,2.6012413400066708e-08,6.552744526962636,0.0,0.0
