iter,val,proj,gnorm,dnorm,xnorm,step,maxstep
1.0,300.0000000000001,0.0,63.53844337094669,11.17620835932917,12.24744871391589,1.0,1.0
2.0,-20.737384359980084,0.0,59.210676180883596,4.44336027191312,9.325960112788197,0.9999999996183235,1.0
3.0,-34.12311749326831,0.0,60.40916504068365,2.2754251333533917e-08,6.680297381512972,0.0,0.0
