iter,val,proj,gnorm,dnorm,xnorm,step,maxstep
1.0,300.0,0.0,65.43691068504687,11.132517008296013,12.24744871391589,1.0,1.0
2.0,-25.509026987040727,0.0,60.751367281530676,4.442797040642658,9.810152646111067,0.999999951064481,1.0
3.0,-38.88386023385618,0.0,61.946538346043965,2.1740848168174798e-07,7.309296841583693,0.0,0.0
