iter,val,proj,gnorm,dnorm,xnorm,step,maxstep
1.0,299.9999999999999,0.0,63.88887186359453,11.096359158675122,12.24744871391589,1.0,1.0
2.0,-21.17281468678054,0.0,59.10902224742533,4.7814881176432795,9.94576284789186,1.0,1.0
3.0,-35.65587168523445,0.0,60.46203843937622,0.0010291701664273123,6.920954537463959,0.9999999999999323,29.06803386740702
4.0,-35.65587221482994,0.0,60.46208926275991,4.530199822059273e-15,6.920829885555314,0.0,0.0
