iter,val,proj,gnorm,dnorm,xnorm,step,maxstep
1.0,300.0,0.0,62.70353471696951,11.096410036667868,12.24744871391589,1.0,1.0
2.0,-13.383003494185743,0.0,58.59651553810811,4.847926796210184,9.17199993363545,0.9999864894794332,1.0
3.0,-28.852216943454906,0.0,59.99159548182167,6.549801460385342e-05,6.141548975136628,0.0,0.0
