iter,val,proj,gnorm,dnorm,xnorm,step,maxstep
1.0,60.0,0.0,4318.147855319917,17.022205669714747,17.320508075688775,0.4514494058775911,1.0
2.0,-1467.36846816654,0.0,4315.583569708795,9.5204270211785,18.879049471336657,0.5255707658208845,1.0
3.0,-2381.83843595309,0.0,4314.364087526149,4.7096966292353475,21.222603789817576,0.5948426219854077,1.0
4.0,-2854.764347127115,0.0,4313.934856101563,2.099149997738772,22.713671738018366,0.7425452529104142,1.0
5.0,-3089.470904700356,0.0,4313.751854340609,0.9849493895070396,23.459540292726846,1.0,1.0
6.0,-3170.6060428958444,0.0,4313.707388373279,0.6390013055790352,23.64528172658327,1.0,1.0
7.0,-3170.9682613638215,0.0,4313.715741119549,0.3734386279047696,23.587637515204502,1.0,1.0
8.0,-3171.102263470486,0.0,4313.7295667846265,0.08811968246227718,23.580658733933834,0.9999969521189358,1.0
9.0,-3171.107325418292,0.0,4313.732581424415,6.689856849034195e-05,23.58026360490304,0.0,0.0
