iter,val,proj,gnorm,dnorm,xnorm,step,maxstep
1.0,200.0,0.0,370.88151329833715,9.853934761386682,10.0,0.2514400288011089,1.0
2.0,-123.86942854530116,0.0,367.3851484579927,7.405224933598504,10.008382523031552,0.2558017404564966,1.0
3.0,-354.31106826774976,0.0,364.96279455954766,5.529385103890868,10.387015826526564,0.2611342998389817,1.0
4.0,-520.1233942680642,0.0,363.26356029571497,4.092793259652968,10.859340446915727,0.26954012544422734,1.0
5.0,-641.3294738397306,0.0,362.05696741864324,3.041629666467021,11.295355609659055,0.28447858747824206,1.0
6.0,-731.7871022197182,0.0,361.1808018321218,2.248651268740569,11.664658650861169,0.305802901339326,1.0
7.0,-799.6405631793033,0.0,360.5394188699987,1.6345888992988657,11.965848563248377,0.33420576454076995,1.0
8.0,-850.1332927938324,0.0,360.07320547490497,1.1585812526587709,12.202532853587243,0.37234145529581214,1.0
9.0,-887.040074729874,0.0,359.73997781131413,0.7885688860551096,12.381841671436444,0.42250765390848155,1.0
10.0,-913.0389263283237,0.0,359.51031510097977,0.5046232540384291,12.511007980908976,0.4876304228067405,1.0
11.0,-930.2305747731625,0.0,359.3618615882642,0.2944529781239674,12.597259969364208,0.5712116130502886,1.0
12.0,-940.493200559034,0.0,359.275501624206,0.1495378901268291,12.64854015548434,0.6782005479314311,1.0
13.0,-945.7002016410594,0.0,359.2331197819268,0.061508441021713454,12.674006888817807,0.8316594884635287,1.0
14.0,-947.7511185356361,0.0,359.21725957641854,0.019599581109926666,12.68360029905358,1.0,1.0
15.0,-948.1660202879323,0.0,359.2143975117839,0.012273565747541012,12.685398704261427,50.391398558632545,50.391398558632545
16.0,-948.1712082593257,0.0,359.21788841786855,0.06542240129812969,12.703678766863908,1.0717583884461668,5.023859578639163
17.0,-948.1735018708453,0.0,359.2149760857982,0.00611471982725074,12.704119840055688,1.1963848132101078,36.45105368869929
18.0,-948.1735242371368,0.0,359.2150909691985,0.0011206620012010383,12.703577210202653,1.068006874339931,141.3444487400351
19.0,-948.1735249077826,0.0,359.21501362520723,0.00021007876587706835,12.703614262701716,0.0,0.0
