iter,val,proj,gnorm,dnorm,xnorm,step,maxstep
1.0,200.0,0.0,47.29904785512283,21.57810202216043,100.0,0.5043326301296478,1.6691705894679272
2.0,82.5877106029825,0.0,42.13810768431772,2.0086465486268965,99.58261216392359,46.57968591374164,46.57968591374164
3.0,-30.14279100470864,0.0,45.49695668480398,11.405951047457695,6.220416328266335,0.787811175688447,1.0
4.0,-94.78007811316414,0.0,42.26885594320913,2.2189531810209817,13.650555441043373,1.0,1.0
5.0,-98.3808815834825,0.0,42.158125194571134,0.7189654169031052,14.454171362482416,1.0,1.0
6.0,-98.99695903255366,0.0,42.17539992164074,0.3622368101337944,14.098005321442402,1.0,1.0
7.0,-99.07900706559612,0.0,42.18292903050617,1.5450382082474753e-08,14.07686106979514,0.0,0.0
