iter,val,proj,gnorm,dnorm,xnorm,step,maxstep
1.0,200.0,0.0,49.283547741634834,24.3767723880316,100.0,0.5033683365293585,1.690117326254671
2.0,50.44246367611777,0.0,42.8822410378324,2.006976188432305,99.74576543361538,41.86829922327715,41.86829922327715
3.0,-69.16494292307885,0.0,45.05598047920194,10.499187690580966,16.208547944843485,0.6073290406088695,1.0
4.0,-112.98072925132595,0.0,43.031506266643895,2.944157049508302,19.279335679919708,1.0,1.0
5.0,-118.6178109091125,0.0,42.89506242183452,2.178574783682233,19.25821962442099,1.0,1.0
6.0,-122.00311284552521,0.0,42.90525457396251,1.7995397346704582,17.81599708626733,1.0,1.0
7.0,-124.34841884543869,0.0,42.91115543358027,1.417547068356235,16.888713076279675,1.0,1.0
8.0,-126.1346255268989,0.0,42.9096160891027,1.3908580471452612,16.57087500340595,1.0,1.0
9.0,-127.62769007696807,0.0,42.91521574889302,0.9457098601474484,16.212092094851332,1.0,1.0
10.0,-128.5482322343958,0.0,42.91612420636943,0.7932898689247917,16.117842863335536,1.0,1.0
11.0,-128.9824517136585,0.0,42.9240585841155,0.1256933655551433,16.06330162411096,0.7030393553933437,1.0
12.0,-129.00337320759667,0.0,42.92444494763017,0.040581207079838685,16.06346847702696,1.0,1.0
13.0,-129.0103911179911,0.0,42.924783811146796,0.01710798726155763,16.063002857774205,1.000426834523239,12.480499299720972
14.0,-129.01053752206894,0.0,42.9248137278745,0.00030854444343976533,16.06279150410027,0.0,0.0
