iter,val,proj,gnorm,dnorm,xnorm,step,maxstep
1.0,200.0,0.0,44.730984004396774,22.196041277298434,100.0,0.5040927890312011,1.583162948059654
2.0,75.82575248819194,0.0,38.887394087064386,2.008168896671829,99.61703453674816,45.45967650676673,45.45967650676673
3.0,-39.836718347168755,0.0,42.153699288773176,11.133983385796007,8.58349636543273,0.7452385437945287,1.0
4.0,-98.7836270766494,0.0,39.04844976387515,2.633588844353503,14.653445666126306,1.0,1.0
5.0,-103.37655515433939,0.0,38.908635938322966,1.3126038951187382,15.267723770297046,1.0,1.0
6.0,-104.93940545314902,0.0,38.917931385873324,1.1139645477395943,14.71102141354083,1.0,1.0
7.0,-105.70404605355729,0.0,38.93244959318187,0.23196459860307367,14.546625565250874,1.0,1.0
8.0,-105.75628262822985,0.0,38.934154944027966,0.018938901485739863,14.543528285958928,1.0,1.0
9.0,-105.75649491367886,0.0,38.934399123422864,3.1545563001531454e-09,14.543486152885231,0.0,0.0
