iter,val,proj,gnorm,dnorm,xnorm,step,maxstep
1.0,200.0,0.0,48.477968851865064,23.066104465883612,100.0,0.5037875006635142,1.6845967280953744
2.0,65.98114546513284,0.0,42.6860487815095,2.0075608180940288,99.66704092763268,44.77491434430339,44.77491434430339
3.0,-53.72909959256742,0.0,45.38343662493669,10.650689746920854,10.17208105670352,0.7276575750164915,1.0
4.0,-106.44605136066073,0.0,42.83743144125839,2.716412361575281,15.613913493415826,1.0,1.0
5.0,-111.20673685818593,0.0,42.706290937891005,1.5408746591071725,16.087246589776903,1.0,1.0
6.0,-113.10624610229944,0.0,42.71453245220763,1.377027459230123,15.458998752351402,1.0,1.0
7.0,-114.29279184629104,0.0,42.725958947604866,0.5142604315997386,15.169664523977817,1.0,1.0
8.0,-114.64535043239125,0.0,42.72466535353848,0.22319631612095697,15.150300527778441,0.9999999977536879,1.0
9.0,-114.68129139402924,0.0,42.728694119384556,2.945475449301417e-08,15.144720459136302,0.0,0.0
