iter,val,proj,gnorm,dnorm,xnorm,step,maxstep
1.0,200.0,0.0,46.47531303823138,22.382228392640798,100.0,0.5040198228652073,1.6321336563391124
2.0,73.7520694768873,0.0,40.78070805747019,2.0080409910857457,99.62758147226414,45.3845557441242,45.3845557441242
3.0,-42.86386331134392,0.0,43.84881424138899,11.0063451277639,8.789052921485437,0.7398772154033363,1.0
4.0,-100.50353731810125,0.0,40.93394360329854,2.5784624807576613,14.7779361368731,1.0,1.0
5.0,-105.06628767003487,0.0,40.798343261908556,1.304030371153584,15.41083325884125,1.0,1.0
6.0,-106.58375896286661,0.0,40.81113208738499,1.0702013583197039,14.819499986689861,1.0,1.0
7.0,-107.33530335003917,0.0,40.823024035104574,0.3023470151187415,14.663931336392759,1.0,1.0
8.0,-107.43556234314187,0.0,40.82428748691761,0.03153047531285501,14.658589273105214,0.9999986018949678,1.0
9.0,-107.43657699426412,0.0,40.82465439681702,1.9553746219048193e-06,14.658491499221418,0.0,0.0
