iter,val,proj,gnorm,dnorm,xnorm,step,maxstep
1.0,200.0000000000009,0.0,48.839110966541966,23.44570096813655,100.0,0.5036649725428838,1.6904230552473027
2.0,61.5674571867321,0.0,42.89041251617796,2.0073166398086264,99.689423996395,44.40417742007175,44.40417742007175
3.0,-59.53984818430533,0.0,45.44914659912916,10.497196372652834,11.002068556330334,0.7229067468508481,1.0
4.0,-109.8996316594635,0.0,43.03725723302035,2.7501718206770898,16.147038836465285,1.0,1.0
5.0,-114.65273449842198,0.0,42.91259986877673,1.670018731326781,16.49288263868776,1.0,1.0
6.0,-116.75798028584245,0.0,42.91925006404515,1.5186165202814048,15.838028474815209,1.0,1.0
7.0,-118.12385352193674,0.0,42.93088026890051,0.6278992634163252,15.456026757657837,1.0,1.0
8.0,-118.57769386085008,0.0,42.926481836944625,0.40654011602187745,15.42222343321096,1.0,1.0
9.0,-118.68887686353601,0.0,42.932760818417286,1.4417673147394946e-07,15.407067771870771,0.0,0.0
