iter,val,proj,gnorm,dnorm,xnorm,step,maxstep
1.0,59.999999999999886,0.0,82.6551153408378,14.969184785215544,17.320508075688775,0.5097917392938661,1.0
2.0,-150.66951969887066,0.0,77.4507000837528,6.505262039868165,18.293291944211674,0.5870320909778023,1.0
3.0,-225.7437250903647,0.0,75.58802980820239,3.4223538169356282,19.002650789262777,1.0,1.0
4.0,-269.36764179944123,0.0,74.62113445978464,2.4213810498080304,18.68653945792513,1.0,1.0
5.0,-274.8914699348012,0.0,74.64129968460404,1.7602251397084878,17.400622417783275,1.0,1.0
6.0,-277.7936826201262,0.0,74.65495025165184,1.0829307440426705,16.984289455358393,1.0,1.0
7.0,-278.83247069043045,0.0,74.66589366997717,0.1732114915440492,16.9038198062041,0.9999999768803386,1.0
8.0,-278.8648094734782,0.0,74.66781832971907,4.040773222992595e-07,16.905241753444514,0.0,0.0
