iter,val,proj,gnorm,dnorm,xnorm,step,maxstep
1.0,60.0,0.0,82.87723773151225,15.019871755444518,17.320508075688775,0.509120084884068,1.0
2.0,-156.52967346860572,0.0,77.53193705512334,6.700675741113538,18.34816622058291,0.5722799938596121,1.0
3.0,-232.22758033691122,0.0,75.6423865618894,3.4699412301219796,19.22639113146913,1.0,1.0
4.0,-277.1331893728656,0.0,74.62416793664029,2.3996439725802827,19.242014763872078,1.0,1.0
5.0,-282.4817821534253,0.0,74.64376174011764,1.7857377044132827,18.002039055095512,1.0,1.0
6.0,-285.4835682679816,0.0,74.65624827326403,1.1332131264879686,17.603279991726037,1.0,1.0
7.0,-286.6288639391262,0.0,74.66641691421125,0.19816774081107566,17.53253426056577,0.9999949621229983,1.0
8.0,-286.67189071960945,0.0,74.66827362029113,4.3286402849412397e-05,17.537748763156866,0.0,0.0
