iter,val,proj,gnorm,dnorm,xnorm,step,maxstep
1.0,59.999999999999886,0.0,84.27607966679987,15.02355679454044,17.320508075688775,0.5090897127231053,1.0
2.0,-154.6658934159633,0.0,79.07017503947598,6.646811607337115,18.34545686798672,0.5754961488713681,1.0
3.0,-229.8528378784689,0.0,77.2350164863223,3.4474558971391542,19.17907968039282,1.0,1.0
4.0,-274.4753907740445,0.0,76.25244277350674,2.4295853105269707,19.058522578925672,1.0,1.0
5.0,-279.93404074279727,0.0,76.27234616620231,1.7797869071380465,17.780670067709128,1.0,1.0
6.0,-282.9150996763392,0.0,76.28532061836907,1.1237486959578553,17.37233963369896,1.0,1.0
7.0,-284.0427237696556,0.0,76.29624757226568,0.2013678472669171,17.293795368497925,1.0,1.0
8.0,-284.08336541918885,0.0,76.29860116205259,0.0008379306158048611,17.296768426674138,0.0,0.0
