iter,val,proj,gnorm,dnorm,xnorm,step,maxstep
1.0,60.0,0.0,83.9579199004275,14.661881055529603,17.320508075688775,0.5104222763399349,1.0
2.0,-149.86926087357267,0.0,78.84769197539887,6.427628091852154,18.198337629218326,0.5892852728468485,1.0
3.0,-226.19487651299312,0.0,76.98405985616927,3.4106174176663804,18.86656906705754,1.0,1.0
4.0,-270.714740658728,0.0,76.01349551891579,2.4986402075936662,18.5131183502978,1.0,1.0
5.0,-276.56937002924184,0.0,76.0311779394478,1.8972041719605763,17.21097809438044,1.0,1.0
6.0,-279.9509332672159,0.0,76.04566767361386,1.1909435168383617,16.75522079631584,1.0,1.0
7.0,-281.2452232463453,0.0,76.05738297769724,0.21332521282238545,16.673094069366172,0.9999972557786729,1.0
8.0,-281.2931087631912,0.0,76.05981823794596,4.0661026403688164e-05,16.677898686646135,0.0,0.0
