iter,val,proj,gnorm,dnorm,xnorm,step,maxstep
1.0,60.0,0.0,83.05033928891922,14.854706028406351,17.320508075688775,0.509961731284218,1.0
2.0,-141.72151654892866,0.0,78.10200625477411,6.50522395212186,18.277215454868674,0.5853766394428556,1.0
3.0,-211.95845269816783,0.0,76.37989225615829,3.4090641381877274,19.0022437513431,1.0,1.0
4.0,-252.4105529207372,0.0,75.50641961649038,2.4689322255133477,18.689877095451813,1.0,1.0
5.0,-258.11279077434784,0.0,75.52618878981042,1.8438023604314915,17.364196560168892,1.0,1.0
6.0,-261.27970581006423,0.0,75.53966988079786,1.1663807193171063,16.92444743977835,1.0,1.0
7.0,-262.5257121624441,0.0,75.55006791700424,0.21501256126736348,16.84350173476242,1.0,1.0
8.0,-262.5718355100639,0.0,75.55253709951576,0.0021358821965582263,16.847783292937127,1.0000001065283908,268.25407598972333
9.0,-262.5718377910601,0.0,75.55254088542914,5.1663113022704054e-08,16.847812577312347,0.0,0.0
