iter,val,proj,gnorm,dnorm,xnorm,step,maxstep
1.0,59.99999999999966,0.0,82.5248203027792,14.734979175034585,17.320508075688775,0.5109621524870719,1.0
2.0,-144.59395408130217,0.0,77.4726703158856,6.434102520684663,18.214346625496507,0.5897065528548046,1.0
3.0,-217.56138566002335,0.0,75.66756356916515,3.39776228437514,18.888980499706587,1.0,1.0
4.0,-259.642585612744,0.0,74.74517607820987,2.4916799809853822,18.53175275436148,1.0,1.0
5.0,-265.50380532820543,0.0,74.76420682862758,1.8624840136185792,17.203604480558717,1.0,1.0
6.0,-268.76294348507776,0.0,74.77911810905032,1.1727541727361932,16.74126339635266,1.0,1.0
7.0,-270.0174778117698,0.0,74.79020258028069,0.1940679830326993,16.65532632402628,0.9997865657165056,1.0
8.0,-270.0608622524448,0.0,74.79276034793145,0.0004164558617203652,16.655121506922367,0.0,0.0
