iter,val,proj,gnorm,dnorm,xnorm,step,maxstep
1.0,59.99999999999977,0.0,81.82440901103533,15.066201806988014,17.320508075688775,0.509037416172137,1.0
2.0,-144.14083828027032,0.0,76.72474861878175,6.497530891894614,18.34358682828961,0.5869583358406253,1.0
3.0,-215.17553494572212,0.0,74.95196314257552,3.4222684586305063,19.054719239040203,1.0,1.0
4.0,-256.07197824743963,0.0,74.0503821201843,2.4305612611187013,18.71368172597782,1.0,1.0
5.0,-261.68401204395775,0.0,74.070558951304,1.7744915349731676,17.43111294802485,1.0,1.0
6.0,-264.54954037036265,0.0,74.08688076856464,1.0776406621826824,16.977682130276254,1.0,1.0
7.0,-265.5983562378916,0.0,74.09767533985791,0.16990943525650468,16.906842708317207,0.9993862976923203,1.0
8.0,-265.63191930158337,0.0,74.0991675353173,0.003752595610229909,16.909437960261425,1.0,1.0
9.0,-265.6319380987534,0.0,74.09920965125252,2.519586406186612e-06,16.90938971498004,0.0,0.0
