iter,val,proj,gnorm,dnorm,xnorm,step,maxstep
1.0,60.0,0.0,83.99325184803122,15.046091248874701,17.320508075688775,0.5085730943177138,1.0
2.0,-153.815740358516,0.0,78.7826680546416,6.63508015480157,18.350137240893268,0.5779035085027591,1.0
3.0,-228.99406276335594,0.0,76.94195686679112,3.435685572308697,19.159463585296017,1.0,1.0
4.0,-273.6482533809132,0.0,75.96140024572792,2.446378436647205,18.91385411753191,1.0,1.0
5.0,-279.10689660820844,0.0,75.98328836793826,1.7530734887458048,17.568525910555508,1.0,1.0
6.0,-281.98396258733897,0.0,75.9956397866883,1.0903035839832507,17.167877166305214,1.0,1.0
7.0,-283.0561944214645,0.0,76.00565651946623,0.20419092200268527,17.102194003895292,0.9999900378081212,1.0
8.0,-283.09846687812524,0.0,76.00754927126431,0.0001809860055292423,17.10662889622504,0.0,0.0
