iter,val,proj,gnorm,dnorm,xnorm,step,maxstep
1.0,300.00000000000045,0.0,461.379187974678,12.064076440709682,12.24744871391589,0.19856921245520087,1.0
2.0,-104.1802287615501,0.0,456.9597128848065,9.705630448619498,12.274964886930059,0.20394785895312112,1.0
3.0,-415.58371600905366,0.0,453.5709738179074,7.730661450351817,12.604654123625528,0.20820048930122556,1.0
4.0,-654.6948581425386,0.0,450.99001698766,6.171048963893702,13.054815968369814,0.2150523349459021,1.0
5.0,-841.1889419161203,0.0,448.9839739713142,4.909796746582728,13.528372968052844,0.22353444135310904,1.0
6.0,-987.4181467114695,0.0,447.41841245946114,3.8553472513609575,13.973952370992496,0.23477684577160968,1.0
7.0,-1102.7975659948463,0.0,446.18492812552495,3.012238746171492,14.360143292794742,0.25293544435867765,1.0
8.0,-1195.410295156619,0.0,445.1871825374397,2.351022754150623,14.68350086625251,0.28028683903438384,1.0
9.0,-1270.4392342131723,0.0,444.37035620353856,1.8010286194836702,14.953173178060961,0.3171212251587164,1.0
10.0,-1330.4622698814296,0.0,443.70736932247337,1.3301607435789882,15.173083192144581,0.36359065297649246,1.0
11.0,-1376.7864893464402,0.0,443.18634466225257,0.9290494914134971,15.34528335938098,0.4237872719774463,1.0
12.0,-1410.762785155287,0.0,442.79866832676004,0.5856331152561378,15.471353906150098,0.48777091167509623,1.0
13.0,-1433.1079885462739,0.0,442.54444302734976,0.3297119711469679,15.552332445273032,0.5600328958258206,1.0
14.0,-1446.1763367367903,0.0,442.4003801535686,0.16652415487171343,15.596639244145063,0.6554170164971683,1.0
15.0,-1452.8831247656246,0.0,442.32975085794425,0.06920713118575197,15.616893588774362,0.7680289597614097,1.0
16.0,-1455.5864174550118,0.0,442.3027127555417,0.021531835021296346,15.623704361330283,0.9538363612269705,1.0
17.0,-1456.3645873864025,0.0,442.2953470266381,0.005406017305599938,15.625153236281314,1.0,1.0
18.0,-1456.4022552284778,0.0,442.2952564024771,0.00249609715391135,15.625171389770365,2.562742759597742,227.31437261134755
19.0,-1456.4022632120618,0.0,442.29526433201903,0.00060084004276361,15.625227566902836,0.0,0.0
