iter,val,proj,gnorm,dnorm,xnorm,step,maxstep
1.0,300.0,0.0,463.75116294107954,12.096352685425211,12.24744871391589,0.19338676038171024,1.0
2.0,-89.09589867194336,0.0,459.2412459547578,9.777730535636925,12.235182402376461,0.19570003589728419,1.0
3.0,-385.8912218522555,0.0,455.84993593413816,7.869629726468171,12.531018011595243,0.1982149227620588,1.0
4.0,-613.9595848363042,0.0,453.27971607117064,6.326120109456843,12.955446604217425,0.20189206389817493,1.0
5.0,-791.2183918000785,0.0,451.30839676401706,5.087013878405261,13.404511252733439,0.20746710112041913,1.0
6.0,-930.6634121232128,0.0,449.77479184301393,4.092191737813699,13.831212989792556,0.21621111350983602,1.0
7.0,-1041.8813796794234,0.0,448.56219349543625,3.279071014924622,14.216247436260756,0.22770255232956194,1.0
8.0,-1131.0334494481249,0.0,447.59553302300276,2.6043588661787953,14.553703854658645,0.2416974372965253,1.0
9.0,-1202.3470540444293,0.0,446.825532613941,2.027283941672522,14.842203315662536,0.2553898469193643,1.0
10.0,-1258.3382717724671,0.0,446.22447902753527,1.5599244895488775,15.07942498641219,0.2723793430985612,1.0
11.0,-1302.0797401205791,0.0,445.7572206162841,1.1822012875747758,15.270399658546973,0.29360640271770766,1.0
12.0,-1335.9405035421455,0.0,445.3969509757918,0.877839119264084,15.420599103236162,0.3195705380777255,1.0
13.0,-1361.7068342109792,0.0,445.1234406038531,0.6329288041956563,15.53596056663642,0.35025588227784743,1.0
14.0,-1380.7688526602087,0.0,444.9212383340204,0.4382045450138439,15.621613458531685,0.3847898623338412,1.0
15.0,-1394.293196654236,0.0,444.7777104029915,0.28860357758371485,15.68228905834076,0.42280808758969696,1.0
16.0,-1403.3954107393668,0.0,444.68097105496,0.17937999146471928,15.722858129539503,0.4650019794223904,1.0
17.0,-1409.1558736060726,0.0,444.6195756414876,0.10400687216594341,15.748241141598537,0.5115653320310238,1.0
18.0,-1412.539583354103,0.0,444.5833624840839,0.055506579119228766,15.762918563265512,0.5631866080216134,1.0
19.0,-1414.3568745094872,0.0,444.5638063829605,0.02681427925312839,15.770651332754428,0.6215513010280688,1.0
20.0,-1415.2323598553703,0.0,444.5543188016078,0.01150137222980722,15.77429643080456,0.7029412987682657,1.0
21.0,-1415.6069418982488,0.0,444.55037432242574,0.004209957872070653,15.77576315904608,0.8302253902657543,1.0
22.0,-1415.73834277273,0.0,444.5491037081939,0.001115745323812011,15.776213847161667,1.0,1.0
23.0,-1415.7652115990165,0.0,444.54889266175405,0.00017670148244699674,15.776280363400467,0.0,0.0
