iter,val,proj,gnorm,dnorm,xnorm,step,maxstep
1.0,300.0,0.0,463.25745642692,12.108298436333639,12.24744871391589,0.17514552646852155,1.0
2.0,-59.37663547431248,0.0,458.54281204756796,10.007293051221033,12.273079751966295,0.17640484536550602,1.0
3.0,-338.49820033320475,0.0,454.9140514217708,8.250854683345516,12.556394456558667,0.17716949345134714,1.0
4.0,-556.0637027937096,0.0,452.1157626139929,6.790180886048909,12.960936882777371,0.17840811410614568,1.0
5.0,-727.2405700834211,0.0,449.93694941922746,5.593185580439894,13.396969030713155,0.18087573589333966,1.0
6.0,-863.5989251264593,0.0,448.2183967928041,4.609503795419455,13.8179601372994,0.18469837901804226,1.0
7.0,-973.3616007134892,0.0,446.84833384305847,3.7911759371083624,14.203763185365213,0.1946163989559766,1.0
8.0,-1064.6220990975103,0.0,445.75120297625716,3.1516971302865544,14.548984668195605,0.21747098717573587,1.0
9.0,-1144.5172975064215,0.0,444.85041625111165,2.615683167988492,14.861881554619673,0.25828767124862984,1.0
10.0,-1217.0243218959781,0.0,444.11220851076087,2.121477540678998,15.146131647383537,0.31809954244205935,1.0
11.0,-1281.88718829338,0.0,443.5159316419061,1.6304163162642815,15.399834785509388,0.4068164746650417,1.0
12.0,-1337.433760940296,0.0,443.0491476388168,1.0794253160069132,15.610756113786838,0.49944058660031976,1.0
13.0,-1377.2740440456262,0.0,442.7528948309462,0.6460584253596154,15.752801483757226,0.6510746624198295,1.0
14.0,-1402.9981682481523,0.0,442.60935262616397,0.3062832573743257,15.833852082477671,0.8750862315499587,1.0
15.0,-1414.9819251507597,0.0,442.57929885524675,0.08743277142312592,15.864119923675204,1.0,1.0
16.0,-1416.6881147224844,0.0,442.5915666952855,0.01821551634921788,15.865871047118366,1.5029675897646282,4.168541809342225
17.0,-1416.6883640685915,0.0,442.593720577902,0.005119311488587077,15.86602693976619,1.3106300901749868,13.039827717201577
18.0,-1416.6883812426609,0.0,442.5926381206656,0.0019764835287177105,15.866174220949443,1.1515037112840827,70.83547915804452
19.0,-1416.6883834918285,0.0,442.5927346035395,0.0009791163631646704,15.866128646145611,0.0,0.0
