iter,val,proj,gnorm,dnorm,xnorm,step,maxstep
1.0,300.0,0.0,470.4558642673638,12.081288921526552,12.24744871391589,0.16578108153349885,1.0
2.0,-39.98884559890257,0.0,466.52057516610756,10.080574410620516,12.275409442210751,0.1670278687719267,1.0
3.0,-307.1332112013624,0.0,463.52077574126184,8.408578385108399,12.527262490796764,0.16847645767206954,1.0
4.0,-518.5404755436066,0.0,461.21962599551773,7.005825568815538,12.889217857184411,0.1701787974385,1.0
5.0,-686.9606416696092,0.0,459.4422063175387,5.834895290946077,13.288616354404953,0.17264544946325294,1.0
6.0,-822.3258848036844,0.0,458.058835551156,4.857243554299296,13.683909439927243,0.17617521992135265,1.0
7.0,-932.0877658549416,0.0,456.97561072001525,4.040314119085241,14.054529529398383,0.18182688037665795,1.0
8.0,-1022.2041119226619,0.0,456.1219046893219,3.361273321930701,14.390010506181481,0.19063732790270183,1.0
9.0,-1097.2037625342216,0.0,455.4364111060998,2.793639377433722,14.689723221174528,0.21056433531276966,1.0
10.0,-1162.5339192887507,0.0,454.8481407751584,2.3248813761645617,14.956675990407337,0.24726858492943904,1.0
11.0,-1221.7659994240598,0.0,454.34655539536203,1.935368429320131,15.197566286210126,0.321648390842039,1.0
12.0,-1278.6549385498854,0.0,453.8761993288238,1.5491221781868652,15.422070610144628,0.4625054066518883,1.0
13.0,-1333.2108852790982,0.0,453.45209210711477,1.0925039520860076,15.629202332523175,0.6989802450745783,1.0
14.0,-1376.8838267379926,0.0,453.13355739497587,0.5302939271219244,15.792960299874,1.0,1.0
15.0,-1395.490957539197,0.0,453.0089861252652,0.11984506197336094,15.86345567496963,1.0003922804518262,1.0003922804518262
16.0,-1395.5002962828698,0.0,453.00829953198314,0.04562146085166997,15.86521269326149,1.0,1.0
17.0,-1395.5015349010578,0.0,453.0109603384676,0.01708573813866258,15.865357290118164,1.1641232690412042,1.519299322655825
18.0,-1395.5017048179152,0.0,453.0106987371669,0.008588483370064336,15.86693790502257,0.8458921907910721,1.048755898770973
19.0,-1395.5017360152851,0.0,453.0110927610688,0.003444685701622459,15.866631322937979,1.1616653964867971,1.8868076625811034
20.0,-1395.5017429073648,0.0,453.01099845634354,0.001272873068094294,15.866966025449535,0.7721670102577799,1.0
21.0,-1395.5017439256033,0.0,453.01115944584467,0.00040663966244632136,15.86690633473876,0.0,0.0
