iter,val,proj,gnorm,dnorm,xnorm,step,maxstep
1.0,40.00000000000006,0.0,67.94581327795996,12.254069437888404,14.142135623730951,0.5097676976798542,1.0
2.0,-98.85142547436863,0.0,63.77702423996653,5.323221403956473,14.946848979442256,0.5828986330173505,1.0
3.0,-147.52590377007465,0.0,62.31028885824319,2.7990060618179626,15.552060735243192,1.0,1.0
4.0,-175.8500340549215,0.0,61.548040102186924,2.006530760937276,15.382829154867897,1.0,1.0
5.0,-179.6373009787411,0.0,61.56310969983996,1.477190056585828,14.333393574363086,1.0,1.0
6.0,-181.66171273610678,0.0,61.57604576357692,0.9157984963980589,13.963983522235552,1.0,1.0
7.0,-182.41738339090622,0.0,61.585281770434506,0.1576218211036902,13.892300126598208,1.0,1.0
8.0,-182.4440463695636,0.0,61.587053732489416,0.00021463543962844286,13.894177731507027,0.0,0.0
