iter,val,proj,gnorm,dnorm,xnorm,step,maxstep
1.0,40.000000000000114,0.0,68.03394057383417,12.314323537888884,14.142135623730951,0.5091437501295947,1.0
2.0,-100.88982750829223,0.0,63.803663060271965,5.3696470784420764,14.989157598059254,0.5799752760960705,1.0
3.0,-150.13939138527354,0.0,62.31804723426478,2.78532208935196,15.624310220996701,1.0,1.0
4.0,-179.30491643595943,0.0,61.533386585018874,2.0140070082752946,15.364562382800335,1.0,1.0
5.0,-183.01420312367082,0.0,61.55176616315963,1.4550478545201309,14.238162843865322,1.0,1.0
6.0,-184.99615993626756,0.0,61.56240021620882,0.9088314555645437,13.897871893549423,1.0,1.0
7.0,-185.73851424664988,0.0,61.57202928238267,0.16814329209462478,13.81991209732602,1.0,1.0
8.0,-185.76419364515704,0.0,61.574201342005566,5.977674079361036e-05,13.819289458005827,0.0,0.0
