iter,val,proj,gnorm,dnorm,xnorm,step,maxstep
1.0,40.0,0.0,65.46226305287192,12.056327252968497,14.142135623730951,0.5104659101101091,1.0
2.0,-85.76614120050249,0.0,61.55333462242853,5.198634277293755,14.876884576189816,0.5948907983703982,1.0
3.0,-128.9080023217594,0.0,60.22427919038561,2.7517153264037186,15.382695301349978,1.0,1.0
4.0,-153.10746554252597,0.0,59.58608405705488,2.0715417621642436,14.963521115525392,1.0,1.0
5.0,-157.1458018745365,0.0,59.60306218362626,1.5492840788042728,13.806298553184835,1.0,1.0
6.0,-159.3484050404205,0.0,59.617403196539236,0.9797071101643052,13.397651088249278,1.0,1.0
7.0,-160.2349065641427,0.0,59.62861350890716,0.15888684882088358,13.314588196670416,1.0,1.0
8.0,-160.26143534887456,0.0,59.63114991716704,0.005262927570636625,13.310235820373222,1.2549016871862873,8.934525425982203
9.0,-160.26145272826327,0.0,59.631176546123456,6.452354540193738e-05,13.309967569580039,0.0,0.0
