iter,val,proj,gnorm,dnorm,xnorm,step,maxstep
1.0,40.0,0.0,67.50804186172044,12.52635251656406,14.142135623730951,0.5078773479475078,1.0
2.0,-98.45870118152999,0.0,63.3149281139301,5.462088717359077,15.074224706228458,0.5722690469392118,1.0
3.0,-144.80524482600208,0.0,61.90716732171127,2.810965425136578,15.780818139675496,1.0,1.0
4.0,-172.26095197604963,0.0,61.16889321365077,2.00512215150628,15.60292995970974,1.0,1.0
5.0,-175.87734280556708,0.0,61.18880820740075,1.384899717380227,14.448345262116622,1.0,1.0
6.0,-177.63941433071898,0.0,61.201272990371294,0.8408238655868138,14.108219929932135,1.0,1.0
7.0,-178.27687769935602,0.0,61.20929342372239,0.16618565074732478,14.046137083607432,1.0,1.0
8.0,-178.30270729338912,0.0,61.21130546583075,4.423638491861049e-06,14.045388404029287,0.0,0.0
