iter,val,proj,gnorm,dnorm,xnorm,step,maxstep
1.0,40.0,0.0,72.22015411231409,12.678587150586658,14.142135623730951,0.5069840224548906,1.0
2.0,-119.31718052691787,0.0,67.69977761913185,5.65126749719503,15.142724017011066,0.5596388146811065,1.0
3.0,-175.1419563994499,0.0,66.09032938440464,2.8779571854245574,15.988252912705157,0.953117828534514,1.0
4.0,-208.43242824753347,0.0,65.19735402495573,1.8764646411084531,16.139832251696035,1.0,1.0
5.0,-212.96229831000784,0.0,65.17422006740061,1.3500507800859372,15.220075436110978,1.0,1.0
6.0,-214.6606318397777,0.0,65.18447158337858,0.8569047046530811,14.908671218044223,1.0,1.0
7.0,-215.30332761495103,0.0,65.19252051051988,0.19284831244608372,14.836960751226401,0.999999997783145,1.0
8.0,-215.33697855059708,0.0,65.1950629460299,3.804024253024563e-07,14.833943749241397,0.0,0.0
