iter,val,proj,gnorm,dnorm,xnorm,step,maxstep
1.0,40.00000000000006,0.0,67.84748222302578,12.299087695248646,14.142135623730951,0.5089873756283865,1.0
2.0,-105.07286680297221,0.0,63.47392802851289,5.419353421905893,14.989299197770203,0.5763593081640117,1.0
3.0,-156.3108476253101,0.0,61.91397515503095,2.8138642764950954,15.660557084235958,1.0,1.0
4.0,-186.8486848626991,0.0,61.07280956170491,1.9830310968087073,15.536853172740372,1.0,1.0
5.0,-190.45276765961313,0.0,61.08962949192184,1.4402862828457683,14.49315181111952,1.0,1.0
6.0,-192.38543412372206,0.0,61.099852237564214,0.8852395420947736,14.163070248690229,1.0,1.0
7.0,-193.0847731052012,0.0,61.10811019991559,0.16576573485955806,14.101533727489025,0.9999525425254394,1.0
8.0,-193.11188344880225,0.0,61.10975199500583,0.0002566525515783226,14.104835848481157,0.0,0.0
