iter,val,proj,gnorm,dnorm,xnorm,step,maxstep
1.0,40.00000000000006,0.0,67.88651623116331,12.26129121784354,14.142135623730951,0.5097391319074991,1.0
2.0,-99.78591349361932,0.0,63.68477654372914,5.347074055944825,14.948085537409959,0.5818840967235545,1.0
3.0,-148.764702290193,0.0,62.20553215008799,2.7956935113733894,15.569563419557019,1.0,1.0
4.0,-177.42163442676866,0.0,61.43201220839766,2.0021872082795986,15.381044266390132,1.0,1.0
5.0,-181.20718312568036,0.0,61.44738665969542,1.450273034916264,14.316185168884749,1.0,1.0
6.0,-183.1306279519024,0.0,61.46105170397814,0.910737493910005,13.947410149081701,1.0,1.0
7.0,-183.88810046452753,0.0,61.46895759950185,0.14238953875888505,13.883528620284869,0.9999979418421203,1.0
8.0,-183.9155755653084,0.0,61.470496191684504,2.1341401929341458e-05,13.884789354323503,0.0,0.0
