iter,val,proj,gnorm,dnorm,xnorm,step,maxstep
1.0,40.0,0.0,67.96810529950648,12.37911654589813,14.142135623730951,0.5081386610632788,1.0
2.0,-105.28865478030121,0.0,63.58061203263386,5.5240749396874245,15.019671450463761,0.5684647093707076,1.0
3.0,-155.54820859163738,0.0,62.045673122669236,2.8251012351089586,15.766451060123774,1.0,1.0
4.0,-185.855946269636,0.0,61.20925943716089,1.9780294145844144,15.715422928845397,1.0,1.0
5.0,-189.3944784927824,0.0,61.227216783213954,1.4234284648263826,14.624785508323166,1.0,1.0
6.0,-191.33920829052406,0.0,61.238028157111636,0.9379930919288609,14.307618880998517,1.0,1.0
7.0,-192.10222713652485,0.0,61.247391244069746,0.1601161927744495,14.237572148450472,0.999999999238646,1.0
8.0,-192.12767930605955,0.0,61.249513882136114,4.7785149683870895e-08,14.236481734509367,0.0,0.0
