iter,val,proj,gnorm,dnorm,xnorm,step,maxstep
1.0,39.99999999999994,0.0,65.68272955658739,12.260590808386194,14.142135623730951,0.5097515962890768,1.0
2.0,-91.02172955442933,0.0,61.6144505345832,5.3176691331934824,14.949346260190707,0.5856201107243123,1.0
3.0,-135.4737056059816,0.0,60.237787916928326,2.7694318406850407,15.536493995243228,1.0,1.0
4.0,-160.92529703614798,0.0,59.55459620448058,2.021482368393725,15.206029529939613,1.0,1.0
5.0,-164.70660239148881,0.0,59.57325441641927,1.4383450786758285,14.06799248496321,1.0,1.0
6.0,-166.61020316906195,0.0,59.58579773213497,0.8742695890613702,13.715010025472957,1.0,1.0
7.0,-167.26917688891743,0.0,59.594950449298885,0.14243154178915612,13.64944361131019,0.9999995267066463,1.0
8.0,-167.29364679418313,0.0,59.59641000309605,3.750698169259543e-06,13.651444096543093,0.0,0.0
