iter,val,proj,gnorm,dnorm,xnorm,step,maxstep
1.0,19.999999999996362,0.0,2498.01834204515,9.852068091736403,10.0,0.48261741126680374,1.0
2.0,-490.82040012252946,0.0,2497.5512013588236,5.1005254013485635,11.029160865296118,0.5203853524237414,1.0
3.0,-756.601672916966,0.0,2497.2877630404864,2.5034722050982845,12.29501145890214,0.5536718802724849,1.0
4.0,-887.1908471356019,0.0,2497.185472547814,1.2127048585829556,13.049050188200788,0.6571641612233295,1.0
5.0,-955.0766249762873,0.0,2497.130831273799,0.6099877715044525,13.451375834330285,1.0,1.0
6.0,-990.2464492329909,0.0,2497.1089955383727,0.3509083697414697,13.632531035222508,1.0,1.0
7.0,-990.36368319553,0.0,2497.1133196039946,0.20774869742174318,13.601984496613946,1.0,1.0
8.0,-990.3948522787741,0.0,2497.1068332239875,0.002985523957116868,13.597685869769045,0.9999959541670447,52.7912788391156
9.0,-990.3948567354109,0.0,2497.1065942923224,1.4574169665580517e-07,13.597641347999788,0.0,0.0
