iter,val,proj,gnorm,dnorm,xnorm,step,maxstep
1.0,20.0,0.0,2501.6258239257127,9.793290262215246,10.0,0.4836774708693535,1.0
2.0,-527.5692657708951,0.0,2501.118218635457,5.009622557405202,11.014105432429119,0.5125067087706915,1.0
3.0,-808.333452139248,0.0,2500.9068627689703,2.551082685856366,12.220407979111219,0.5742784810204087,1.0
4.0,-956.6535807689106,0.0,2500.735888851049,1.215219644253866,12.97011646140953,0.7346974016100546,1.0
5.0,-1036.0421526842038,0.0,2500.634613068275,0.6192655891981274,13.367540550684982,1.0,1.0
6.0,-1064.6521869386725,0.0,2500.5884169236097,0.41259460904173334,13.459427103640804,1.0,1.0
7.0,-1064.8046379267307,0.0,2500.5765938869145,0.2655327171240305,13.422072278727558,1.0,1.0
8.0,-1064.8624628315047,0.0,2500.5721699810965,0.07245926674855184,13.41695901147956,1.0,1.0
9.0,-1064.8684970913491,0.0,2500.566845596235,2.980479318686241e-06,13.4165037074599,0.0,0.0
