iter,val,proj,gnorm,dnorm,xnorm,step,maxstep
1.0,20.0,0.0,2496.3097061530643,9.781136203938681,10.0,0.4693151054139295,1.0
2.0,-489.05678021418134,0.0,2494.926402349239,5.199930506461747,10.950553044040294,0.4914505100090161,1.0
3.0,-753.2518579653279,0.0,2494.302664160014,2.6820809052415666,12.1569231231394,0.516016300579541,1.0
4.0,-889.0249115435963,0.0,2493.9980357700624,1.3868753459223733,12.918987338131716,0.5967524886109055,1.0
5.0,-963.5105079697441,0.0,2493.836098112634,0.7429668254643923,13.351301235312024,1.0,1.0
6.0,-1013.3618634821341,0.0,2493.7285924504863,0.43979130424063406,13.620902643825852,1.0,1.0
7.0,-1013.5368299380643,0.0,2493.7200507235,0.2688026769734492,13.578195519815724,1.0,1.0
8.0,-1013.6016054430675,0.0,2493.7225618561497,0.05523836205970839,13.57178585648339,1.0,1.0
9.0,-1013.6034459473703,0.0,2493.7229915806593,0.0,13.57184038123985,0.0,0.0
