iter,val,proj,gnorm,dnorm,xnorm,step,maxstep
1.0,19.999999999996362,0.0,2506.4222720459534,9.749745892152184,10.0,0.5093082912630683,1.0
2.0,-515.5967105026084,0.0,2505.2886464119447,4.87535619044637,11.103835535630354,0.5607251774776726,1.0
3.0,-786.253741423765,0.0,2504.7904236035147,2.19140712745316,12.453147502378204,0.6173887445674968,1.0
4.0,-912.6154832831071,0.0,2504.567158280701,1.0105827057351,13.19109382565925,0.875122573617172,1.0
5.0,-980.1256360963052,0.0,2504.442136264129,0.4971413839535668,13.56091524910243,1.0,1.0
6.0,-989.8884926138908,0.0,2504.4390759452335,0.3629102424960874,13.562588711180796,1.0,1.0
7.0,-990.0164007053554,0.0,2504.4455717947435,0.2011693872196547,13.537535186279463,1.0,1.0
8.0,-990.0470924947767,0.0,2504.450321728691,0.043274607054359086,13.531689308854595,0.9999999999996574,1.0
9.0,-990.0485046383656,0.0,2504.447883991888,2.322228393508101e-13,13.531211753652803,0.0,0.0
