iter,val,proj,gnorm,dnorm,xnorm,step,maxstep
1.0,25.0,0.0,3955.4983747307997,7.8263782873545145,7.905694150420948,0.4600807579654357,1.0
2.0,-606.5320720140771,0.0,3954.479557079167,4.245958900702501,8.645982554928029,0.4968254196565783,1.0
3.0,-962.3298008663478,0.0,3954.016421788984,2.268138243507547,9.64320999365388,0.5793438473799661,1.0
4.0,-1167.3127028066465,0.0,3953.8219326256553,1.076215842760095,10.348647194875683,0.750267802815889,1.0
5.0,-1277.8852241378117,0.0,3953.7185148490985,0.44165467606602443,10.75368903036789,1.0,1.0
6.0,-1314.5617668279283,0.0,3953.6969430893682,0.07810241186387393,10.88370730691284,1.0,1.0
7.0,-1314.5662944662345,0.0,3953.6989867642887,0.005614520761705537,10.880240060948339,1.0542441396917055,12.334288937761182
8.0,-1314.566311082648,0.0,3953.699062282872,0.0007196006953127406,10.880352383908898,0.0,0.0
