iter,val,proj,gnorm,dnorm,xnorm,step,maxstep
1.0,24.999999999996362,0.0,3961.7686039818127,7.843026802394401,7.905694150420948,0.4602705589904278,1.0
2.0,-632.614586595626,0.0,3960.688388444894,4.249532502654391,8.658767415235513,0.4993443104182521,1.0
3.0,-1005.2276491682296,0.0,3960.185683838709,2.251791174066709,9.656618674603864,0.5763934998824035,1.0
4.0,-1216.7939488705179,0.0,3959.9500746420613,1.0860097368304649,10.35080706269879,0.7454998068617259,1.0
5.0,-1331.6263097187075,0.0,3959.818651939368,0.4238464787976658,10.752500703345621,1.0,1.0
6.0,-1370.680054056871,0.0,3959.7687690551447,0.08867603291738661,10.886332522811122,1.0,1.0
7.0,-1370.6842590874076,0.0,3959.7644107380765,0.0046922401727905435,10.882332561086502,1.159440803859731,29.544017076226588
8.0,-1370.6842718512053,0.0,3959.7641651676227,0.00015581054618928096,10.882209547171193,0.0,0.0
