iter,val,proj,gnorm,dnorm,xnorm,step,maxstep
1.0,24.999999999996362,0.0,3948.685890069252,7.829260736328774,7.905694150420948,0.4621611304069383,1.0
2.0,-625.9717456351336,0.0,3947.906571565576,4.2759273004913565,8.655558546693541,0.518782416921097,1.0
3.0,-1006.3597747849417,0.0,3947.5043839759614,2.167374159740974,9.702449518826496,0.611093109335462,1.0
4.0,-1218.1623831774377,0.0,3947.295294707296,1.019585047326553,10.4084038963202,0.8718075948800371,1.0
5.0,-1334.655410927946,0.0,3947.1972655097566,0.3883062196312212,10.807794478918868,1.0,1.0
6.0,-1351.7968664320524,0.0,3947.2006331141006,0.040260371532858656,10.85051561629303,1.0,1.0
7.0,-1351.7981264538084,0.0,3947.204231929347,0.0009100905000068212,10.847627706781818,0.0,0.0
