iter,val,proj,gnorm,dnorm,xnorm,step,maxstep
1.0,25.0,0.0,3952.192485246638,7.810865599391957,7.905694150420948,0.4762776140659084,1.0
2.0,-648.355667384616,0.0,3951.059035715011,4.188451867424729,8.690053248149358,0.5327607758315364,1.0
3.0,-1030.4431578266122,0.0,3950.456385654654,2.017920121065402,9.783670966734068,0.5842986413570204,1.0
4.0,-1222.7920637284278,0.0,3950.1690163273634,0.9383699629516552,10.45742813665124,0.713695948298135,1.0
5.0,-1319.6385770219604,0.0,3950.030046784549,0.3605533467771498,10.817013887754419,0.9878605065698334,1.0
6.0,-1357.8734302652738,0.0,3949.972927409251,0.0771872333401165,10.956709372111415,1.0,1.0
7.0,-1358.3454110741877,0.0,3949.977299739329,0.0016504863688855175,10.953815333222328,0.97674290101267,29.439826557997844
8.0,-1358.3454124045566,0.0,3949.977328627133,0.00035928948975640584,10.953798238706652,0.0,0.0
