iter,val,proj,gnorm,dnorm,xnorm,step,maxstep
1.0,24.999999999996362,0.0,3960.1512730298573,7.840585086586332,7.905694150420948,0.493046483902335,1.0
2.0,-648.1947665066164,0.0,3958.7311449728013,4.0388203374154,8.765784940464965,0.5365710683639988,1.0
3.0,-1007.4121406130198,0.0,3958.04579167822,1.9489497335251051,9.856964332292137,0.5902412204325771,1.0
4.0,-1187.345550888349,0.0,3957.716722435698,0.8707885038349834,10.524396583385352,0.7076210076683687,1.0
5.0,-1274.984872147972,0.0,3957.5661027459482,0.363706360219155,10.866699944471334,1.0,1.0
6.0,-1311.0820213394527,0.0,3957.5275565364195,0.08413287654235342,10.997468696080247,0.9999999999989282,1.0
7.0,-1311.085915595877,0.0,3957.541966827437,3.3367827696111766e-13,10.989490084611267,0.0,0.0
