iter,val,proj,gnorm,dnorm,xnorm,step,maxstep
1.0,24.99999999999818,0.0,3954.311338029417,7.832096566098354,7.905694150420948,0.47122358770172224,1.0
2.0,-617.8412145212606,0.0,3953.0802365958634,4.162818866262899,8.688305608144441,0.5011837682909952,1.0
3.0,-967.1196193946489,0.0,3952.431241579054,2.169284390618929,9.695950156701452,0.5427368400220643,1.0
4.0,-1152.3769902271852,0.0,3952.1217473596307,1.0481379507693784,10.351976802876857,0.6016334226887384,1.0
5.0,-1245.3819121659617,0.0,3951.9219151312514,0.4913867459320996,10.705314660734913,0.7708112363455669,1.0
6.0,-1292.6360893947003,0.0,3951.8466601110526,0.18214677483143968,10.887803100082005,1.0,1.0
7.0,-1306.6638831510973,0.0,3951.806806952647,0.08119588688630892,10.939505349923714,1.2923311751321764,1.2923311751321764
8.0,-1306.6694876574948,0.0,3951.8182364287004,0.029356359779341597,10.937877201552945,0.9994941101408377,1.0
9.0,-1306.6717275010633,0.0,3951.813578646806,0.00019545282606911934,10.938038227731811,0.0,0.0
