iter,val,proj,gnorm,dnorm,xnorm,step,maxstep
1.0,24.99999999999818,0.0,3954.7538825562838,7.843477410218977,7.905694150420948,0.4942074065778635,1.0
2.0,-623.8537103493491,0.0,3953.834416714597,4.008115592972508,8.77059717371829,0.5480368269586895,1.0
3.0,-975.3724792104822,0.0,3953.34096455048,1.9295753581595685,9.834052713694797,0.6427212853423883,1.0
4.0,-1158.44176745613,0.0,3953.154811857425,0.8302728459121752,10.485942974061498,0.8864901540963334,1.0
5.0,-1247.9111562813196,0.0,3953.0660961983276,0.28208074962208585,10.814809050401827,1.0,1.0
6.0,-1259.3696396141295,0.0,3953.0686399832384,0.03290902085021377,10.843385221955584,0.991525797807591,1.0
7.0,-1259.3710430634637,0.0,3953.0653462356313,0.0075330491213588474,10.841962790789886,0.9745645900296096,1.0
8.0,-1259.37107790562,0.0,3953.0660096383763,0.002545783398700435,10.841857973672722,1.0,1.0
9.0,-1259.3710814498154,0.0,3953.065613208322,0.0009084898149407336,10.841916911721968,0.0,0.0
