iter,val,proj,gnorm,dnorm,xnorm,step,maxstep
1.0,25.0,0.0,3952.3890155818417,7.854874979741462,7.905694150420948,0.43681727016090877,1.0
2.0,-586.4779562443237,0.0,3951.4069711816187,4.4083545246854605,8.59159610302252,0.4511092007713447,1.0
3.0,-929.9936254007062,0.0,3950.846515290275,2.480437310613514,9.507455956239326,0.4901186570421051,1.0
4.0,-1130.8860233391533,0.0,3950.537301978439,1.3533717773890122,10.165721161726058,0.5648665845517999,1.0
5.0,-1247.6312494041667,0.0,3950.366693056631,0.699439816556684,10.580705512154863,0.7481871500382452,1.0
6.0,-1314.5112187439463,0.0,3950.27765593173,0.2728028543476016,10.826592199341198,1.0,1.0
7.0,-1336.9622010891599,0.0,3950.2561339464432,0.03881353935496109,10.90923082897827,1.0,1.0
8.0,-1336.9629850806523,0.0,3950.2574867954304,2.1794906544997704e-09,10.907398349108893,0.0,0.0
