iter,val,proj,gnorm,dnorm,xnorm,step,maxstep
1.0,24.999999999996362,0.0,3957.428558929902,7.815597492333018,7.905694150420948,0.42876394034974424,1.0
2.0,-556.156441855439,0.0,3956.3861632227045,4.532461525041297,8.54519036197528,0.48460961252421547,1.0
3.0,-918.6555272779533,0.0,3955.775036594235,2.449531028355946,9.532737573531133,0.559336420202497,1.0
4.0,-1129.9646068682723,0.0,3955.4561327618057,1.2024884300918464,10.267568951923835,0.6810506000827534,1.0
5.0,-1242.0929112787417,0.0,3955.3030173457278,0.4978485025443914,10.69646889056198,1.0,1.0
6.0,-1294.3392781949242,0.0,3955.232585552427,0.08865752872995328,10.903792793595736,0.9999999999999998,1.0
7.0,-1294.3443797007094,0.0,3955.2359600254463,1.4416220074117224e-17,10.898179731690737,0.0,0.0
