iter,val,proj,gnorm,dnorm,xnorm,step,maxstep
1.0,25.0,0.0,3942.9413468429884,7.829652909201751,7.905694150420948,0.4626164473555263,1.0
2.0,-627.1309595151452,0.0,3942.2102908520956,4.266747479487907,8.657509692557957,0.5017880935263681,1.0
3.0,-994.889750656901,0.0,3941.879955332777,2.2077005766458537,9.69078148198559,0.5734259331109072,1.0
4.0,-1200.488092927848,0.0,3941.7373985792424,1.1002909806012688,10.390830233128543,0.7778799407200622,1.0
5.0,-1318.3859985106883,0.0,3941.677141534305,0.43518562866290644,10.806417579535925,1.0,1.0
6.0,-1351.9624522858321,0.0,3941.6679383758524,0.09118987659952589,10.91697635554605,1.0,1.0
7.0,-1351.9671759017183,0.0,3941.6687388333,0.0030707317718709115,10.91303826504939,1.4368101770413142,61.92746706694462
8.0,-1351.9671826758895,0.0,3941.66862925846,0.0008919314522267136,10.913124249904836,0.0,0.0
