iter,val,proj,gnorm,dnorm,xnorm,step,maxstep
1.0,24.999999999996362,0.0,3964.75377417085,7.858522393588143,7.905694150420948,0.4552315306084812,1.0
2.0,-558.0679612031636,0.0,3963.5889982366816,4.3028684821160175,8.654105804486703,0.48236329694829133,1.0
3.0,-882.4143903771965,0.0,3963.086116483623,2.2844763516947206,9.630956104010863,0.5292462331758337,1.0
4.0,-1062.901506694363,0.0,3962.8063784656765,1.1884662176466423,10.291128068684948,0.6426363118216166,1.0
5.0,-1164.9635417561603,0.0,3962.670748567891,0.539318878179741,10.686919929858032,0.8862603227856939,1.0
6.0,-1214.9920189058957,0.0,3962.5594739971766,0.1645666467481505,10.877867313632205,1.0,1.0
7.0,-1221.4053767672413,0.0,3962.5438563072858,0.015484613143641348,10.896300066760395,0.9997368352743332,1.0
8.0,-1221.405496717587,0.0,3962.543867108517,5.223596171441598e-05,10.895344834843964,0.0,0.0
