iter,val,proj,gnorm,dnorm,xnorm,step,maxstep
1.0,25.00000000000182,0.0,3941.2510151110646,7.830938841726268,7.905694150420948,0.4429678252985348,1.0
2.0,-613.6710175396402,0.0,3940.341718059128,4.383145122534876,8.59478879399918,0.47331131172866003,1.0
3.0,-981.4449052862365,0.0,3939.905007319029,2.41982863656014,9.561394296448483,0.5397703385665449,1.0
4.0,-1198.3283560601194,0.0,3939.724603350309,1.1906033381834153,10.270196259887967,0.6311249115581767,1.0
5.0,-1313.83274825415,0.0,3939.63668402645,0.5495122804406782,10.678908708850413,0.9185546106843121,1.0
6.0,-1375.5419543663957,0.0,3939.5940176683453,0.15018139019431945,10.89879932326895,1.0,1.0
7.0,-1381.0123391375146,0.0,3939.5982759322965,0.0668472183444575,10.912599389971476,0.9998624435456553,3.191439646825924
8.0,-1381.0145731054781,0.0,3939.589810285591,0.00042629646624290534,10.913902968458,0.0,0.0
