iter,val,proj,gnorm,dnorm,xnorm,step,maxstep
1.0,3.000000000000007,0.0,57.43466798026606,1.2022649825372496,1.2247448713915885,0.5435838639012477,1.0
2.0,-10.872291806568878,0.0,56.955344478418105,0.5600692904665326,1.330746956461206,0.5888931578107872,1.0
3.0,-17.454948128311774,0.0,56.7280956590563,0.2450998578275541,1.475844372234724,0.6621771715898338,1.0
4.0,-20.439146886523314,0.0,56.6255806789864,0.09660212521000998,1.5546814128120725,0.78988262480831,1.0
5.0,-21.631374833605385,0.0,56.585015191696336,0.028335626588720637,1.5862241291915682,0.9644743037552379,1.0
6.0,-21.93618260015355,0.0,56.57483890740432,0.0039718582849412485,1.5929758901078594,1.0,1.0
7.0,-21.947400504097708,0.0,56.57451731906642,0.00011632908302859481,1.5927428029454065,0.0,0.0
