iter,val,proj,gnorm,dnorm,xnorm,step,maxstep
1.0,3.0000000000000107,0.0,59.28260729761639,1.2121304738823642,1.2247448713915885,0.5293591368821168,1.0
2.0,-11.08284839885011,0.0,58.80906664868634,0.5753924908731566,1.3450551290529615,0.5539403539316847,1.0
3.0,-17.740600500513818,0.0,58.5848480212791,0.26480487630522753,1.4951546204202046,0.5918809994054586,1.0
4.0,-20.85140977797737,0.0,58.48026539996434,0.11628183297710121,1.5796934038807018,0.6550170917479661,1.0
5.0,-22.243444579792488,0.0,58.433656816080955,0.04582968970633105,1.6191196395737917,0.7478398034711384,1.0
6.0,-22.789429633351304,0.0,58.41548818559967,0.014412646800509089,1.6343122078381518,0.8726296642058823,1.0
7.0,-22.94979879623815,0.0,58.41020978585776,0.0029919662979145047,1.638309818698464,1.0,1.0
8.0,-22.97319263526716,0.0,58.409460563530466,0.00020507612532424398,1.6386934218465463,0.0,0.0
