iter,val,proj,gnorm,dnorm,xnorm,step,maxstep
1.0,3.0000000000000036,0.0,54.44439767323723,1.2020722430117732,1.2247448713915892,0.5525232845293172,1.0
2.0,-10.231294735935169,0.0,53.962910472129806,0.5504109039721974,1.3262527071038706,0.6052914574328866,1.0
3.0,-16.441160872559895,0.0,53.737436362750366,0.23788077983434958,1.4689572288732773,0.7026940526663179,1.0
4.0,-19.229918505452314,0.0,53.63693123552621,0.08643305023389984,1.5460438263846945,0.8527652618043448,1.0
5.0,-20.227220990537077,0.0,53.601454406153735,0.02088935029056845,1.5736363299708518,1.0,1.0
6.0,-20.398844137709315,0.0,53.59554086262485,0.0018521830276183883,1.577273294579609,1.0,14.051770790702511
7.0,-20.398845853000296,0.0,53.59557391463679,0.0,1.5770340902539326,0.0,0.0
