iter,val,proj,gnorm,dnorm,xnorm,step,maxstep
1.0,3.0,0.0,58.17944900050876,1.204709216490144,1.2247448713915892,0.5331456562260346,1.0
2.0,-11.299072260283534,0.0,57.69003935649499,0.5703812342899935,1.338046786883638,0.5703901737031162,1.0
3.0,-18.16278237493618,0.0,57.45507821557383,0.2590876841593819,1.4846486437771835,0.6405701652518484,1.0
4.0,-21.411933172658163,0.0,57.3443901414097,0.10695470254513945,1.5663488194536879,0.7566032185035387,1.0
5.0,-22.779314744326676,0.0,57.29818775351779,0.03521509179221176,1.6011825282440324,0.9291351032120031,1.0
6.0,-23.186503744533333,0.0,57.28465193283011,0.0063722431583577085,1.6103899190322728,1.0,1.0
7.0,-23.217523317026142,0.0,57.28370057566424,0.000334600377428615,1.6104529336370592,0.0,0.0
