iter,val,proj,gnorm,dnorm,xnorm,step,maxstep
1.0,3.0,0.0,59.311357580178516,1.2031830700271677,1.2247448713915892,0.5334933664897239,1.0
2.0,-11.475939045340262,0.0,58.825588313500454,0.5717993495652854,1.3367169178443314,0.5810880572565051,1.0
3.0,-18.550481676368705,0.0,58.58850196517732,0.25500435760096224,1.4820822128042377,0.6545209951330003,1.0
4.0,-21.826636864031446,0.0,58.47922509538962,0.10259906925816528,1.5625678097176747,0.776924678719597,1.0
5.0,-23.15880067510527,0.0,58.4351644078757,0.03219567520578055,1.5958466352599088,0.9586074344407055,1.0
6.0,-23.52417713170232,0.0,58.423305577038114,0.0049203912674821845,1.6036561105571647,1.0,1.0
7.0,-23.539939553256673,0.0,58.42286278315097,0.00016451586680151615,1.6034236283021528,0.0,0.0
