iter,val,proj,gnorm,dnorm,xnorm,step,maxstep
1.0,3.0,0.0,58.276898064353084,1.210752059672004,1.2247448713915892,0.5338467401409374,1.0
2.0,-10.889752755012402,0.0,57.80231597424474,0.570104083150464,1.3417716652653982,0.5567692422690266,1.0
3.0,-17.366729239803902,0.0,57.58056108110195,0.2625483689429375,1.4914677011016113,0.5943239604143613,1.0
4.0,-20.37009550631251,0.0,57.47784781490149,0.11379871081814966,1.5768107013691914,0.6485762242841708,1.0
5.0,-21.6871310817668,0.0,57.432950973214474,0.0445365564387898,1.6164890677479042,0.7224243905503515,1.0
6.0,-22.200482918456494,0.0,57.41553246854397,0.014588985658265715,1.6320457189351811,0.8157402924355969,1.0
7.0,-22.361101632777494,0.0,57.41011868811058,0.003463218812878377,1.6367615391288552,0.9213569644698586,1.0
8.0,-22.39450825500449,0.0,57.40900561575869,0.00048068053816695337,1.6376376468571918,0.0,0.0
