iter,val,proj,gnorm,dnorm,xnorm,step,maxstep
1.0,3.0000000000000036,0.0,59.08283752497505,1.2106295523583912,1.2247448713915892,0.5215541950039413,1.0
2.0,-10.619101468472891,0.0,58.62277430042896,0.5826792104161964,1.3481706905484847,0.5473239387096199,1.0
3.0,-17.17737452389569,0.0,58.401051319589925,0.27336206231877486,1.4975278500449742,0.5994204369075986,1.0
4.0,-20.363141508857844,0.0,58.29378849387841,0.12106376104591923,1.5821115031967765,0.6955253882866359,1.0
5.0,-21.829734883806807,0.0,58.24479105228539,0.04636665938443994,1.620836640005764,0.8580388783917665,1.0
6.0,-22.378231807542797,0.0,58.22672463142284,0.011646761610828888,1.6335426806058075,1.0,1.0
7.0,-22.468827123100176,0.0,58.223854552986545,0.0010091137738692335,1.6345898643021415,1.0,11.844433250540632
8.0,-22.46882763225547,0.0,58.22387319107509,0.0,1.6344032813476324,0.0,0.0
