iter,val,proj,gnorm,dnorm,xnorm,step,maxstep
1.0,2.9999999999999893,0.0,58.949792315179536,1.2137821514222022,1.2247448713915885,0.5250591943207645,1.0
2.0,-11.36937244637748,0.0,58.46325378111393,0.5826903887947529,1.348439560749914,0.5462823833248914,1.0
3.0,-18.190771978747975,0.0,58.231655585455336,0.2687817321313929,1.5018717464681606,0.5753288066090704,1.0
4.0,-21.386729886753823,0.0,58.123284739757004,0.12094769811332905,1.587346356411512,0.6282461182846223,1.0
5.0,-22.855270495450544,0.0,58.07365409489623,0.05010048094041366,1.6280139116720396,0.7089379721325658,1.0
6.0,-23.46873143146025,0.0,58.05302966560457,0.017721444289142484,1.6445722146120907,0.8267491281908234,1.0
7.0,-23.676579790268686,0.0,58.0461023141498,0.004422839659191475,1.649689314518464,0.9632568576934475,1.0
8.0,-23.718506122993674,0.0,58.044728666011196,0.00048552113404569066,1.6504890980346532,0.0,0.0
