iter,val,proj,gnorm,dnorm,xnorm,step,maxstep
1.0,3.000000000000007,0.0,57.77245610152125,1.2118054801572442,1.2247448713915885,0.5256337670876124,1.0
2.0,-10.26291889445275,0.0,57.31467809053929,0.576395503061774,1.34679902094493,0.5503216788734604,1.0
3.0,-16.571193323425927,0.0,57.096810174960154,0.26949610721354134,1.4945747468281994,0.6039868365093751,1.0
4.0,-19.62042717336241,0.0,56.991950846609704,0.11800595174064075,1.5781244752794805,0.6960033966009549,1.0
5.0,-20.998326394292953,0.0,56.944913440976215,0.04473669849087732,1.6161202093857376,0.8456790458257104,1.0
6.0,-21.505043359140966,0.0,56.9278357937837,0.011508968838626538,1.62882769645639,1.0,1.0
7.0,-21.597348824735352,0.0,56.924826458967566,0.0010241432098999671,1.6302938496258605,0.9999999999999998,12.469801765255845
8.0,-21.597349349170017,0.0,56.924845038265495,0.0,1.6301249417422279,0.0,0.0
