iter,val,proj,gnorm,dnorm,xnorm,step,maxstep
1.0,3.0000000000000107,0.0,57.36971441450445,1.2082500101206375,1.2247448713915885,0.5427863827102327,1.0
2.0,-10.785065287710694,0.0,56.89233387282137,0.563548908061512,1.335402397296265,0.5827646710251834,1.0
3.0,-17.273700333076583,0.0,56.66768194923464,0.24588281201861695,1.48359123736365,0.6347850857663314,1.0
4.0,-20.164160863473693,0.0,56.56792023420754,0.09813201352131874,1.5638777542217859,0.7130735188995002,1.0
5.0,-21.339483089959923,0.0,56.527590126494864,0.034024240797820904,1.5972335625060536,0.8344773819189959,1.0
6.0,-21.73269190918173,0.0,56.51422466089539,0.008407730003464852,1.6077052194644932,0.9816209020281131,1.0
7.0,-21.809149833144364,0.0,56.51167773189103,0.0008263745976412261,1.609319919212426,0.0,0.0
