iter,val,proj,gnorm,dnorm,xnorm,step,maxstep
1.0,3.000000000000007,0.0,57.95555569574327,1.2026811119922256,1.2247448713915885,0.5371149325695835,1.0
2.0,-10.79559988350415,0.0,57.48223412835,0.5649867908023668,1.334592295030711,0.5747079738212529,1.0
3.0,-17.351854033192755,0.0,57.25735388003896,0.25283138050984577,1.4798786343227075,0.6445886645559777,1.0
4.0,-20.418470298779503,0.0,57.152756233099105,0.10447867924936764,1.5593244105286626,0.7750997880195623,1.0
5.0,-21.71756896975534,0.0,57.10889652173123,0.033768733867834924,1.5926067027270985,0.9724727909030799,1.0
6.0,-22.082779781397857,0.0,57.09683896629175,0.004936120382670751,1.600189263834922,1.0,1.0
7.0,-22.093110643153604,0.0,57.09657910497173,0.0001229781607833772,1.5996985444248863,0.0,0.0
