iter,val,proj,gnorm,dnorm,xnorm,step,maxstep
1.0,10.000000000000114,0.0,273.5001971806649,6.931105161880179,7.0710678118654755,0.3427746244749729,1.0
2.0,-221.12313745241272,0.0,270.6648918305411,4.547851155565429,7.437808861833731,0.34335218254937383,1.0
3.0,-364.3135049446166,0.0,268.87283485662994,2.98244790260713,8.050541964721303,0.3455156179534472,1.0
4.0,-455.05373601964334,0.0,267.72995091268285,1.963335568158385,8.574206353068707,0.35191156056354517,1.0
5.0,-513.8516029274723,0.0,266.98529971757824,1.2961808953062195,8.961310666704044,0.36779715036952043,1.0
6.0,-552.9245346049984,0.0,266.4886047572784,0.857433079924867,9.233381436464757,0.4073076442119984,1.0
7.0,-579.9313861299287,0.0,266.14461130729904,0.5703353959892582,9.421925984641643,0.5130745981147881,1.0
8.0,-599.9213686705486,0.0,265.8895491583024,0.3854930781896653,9.55732877306796,0.9587657611361203,1.0
9.0,-618.0089095969914,0.0,265.6584975560824,0.264693562841441,9.670924744698132,1.0,1.0
10.0,-618.8505983057911,0.0,265.6499354046015,0.13184191677172563,9.660732704354539,1.0,1.0
11.0,-618.8701784858591,0.0,265.6552563714715,0.018395124269604005,9.658799206186487,1.0,1.0
12.0,-618.8707400214682,0.0,265.65482843020663,0.000625946289410577,9.658937775626107,0.0,0.0
