iter,val,proj,gnorm,dnorm,xnorm,step,maxstep
1.0,10.000000000000114,0.0,248.02696079207954,6.9162080232651535,7.0710678118654755,0.27748216461508585,1.0
2.0,-164.2887759766378,0.0,246.87231032543158,4.983751163242086,7.305402474444706,0.2776477013298194,1.0
3.0,-282.03922943830105,0.0,246.16468455559206,3.600502173591366,7.762187130130081,0.27849730258639993,1.0
4.0,-363.05717292882105,0.0,245.72347797348897,2.6046566304687,8.216677936451058,0.2806374663140454,1.0
5.0,-419.7040243545214,0.0,245.44102973055746,1.8849075539351272,8.598933504746354,0.2854857411405729,1.0
6.0,-459.9623009022122,0.0,245.25479620833093,1.3681915614486966,8.899169323859542,0.2960400449914744,1.0
7.0,-489.1489826339018,0.0,245.12822896492096,0.9922425345668514,9.129288459569041,0.3150777804574956,1.0
8.0,-510.6646888348492,0.0,245.040258359397,0.7219063505611216,9.304306901831328,0.35562107590368885,1.0
9.0,-527.0975534087664,0.0,244.97646282236124,0.5216596868305587,9.439710529872576,0.4454951900828549,1.0
10.0,-540.2423497513528,0.0,244.92678819742022,0.37697678257740774,9.547911285480064,0.7442209783205659,1.0
11.0,-552.3376307335781,0.0,244.88292736103853,0.27346584281861247,9.645929149746234,1.0,1.0
12.0,-556.5187509507077,0.0,244.8712225321479,0.13873912194281557,9.673466267017087,1.0,1.0
13.0,-556.5373367617505,0.0,244.85896293949673,0.02526604066079175,9.664486235405182,0.6797965090215488,1.0
14.0,-556.5375627387364,0.0,244.86188426874904,0.007285304369194703,9.665189284990984,1.0171947581160081,1.0171947581160081
15.0,-556.5376016870736,0.0,244.86159921780794,0.004567125557946373,9.664969038510046,1.0,1.0
16.0,-556.5376125868299,0.0,244.86222071646134,0.0005346067667395292,9.665165312275445,0.0,0.0
