iter,val,proj,gnorm,dnorm,xnorm,step,maxstep
1.0,10.000000000000227,0.0,276.1282037306394,6.93970070439475,7.0710678118654755,0.3119786219358566,1.0
2.0,-190.92619109460202,0.0,273.03555418947457,4.74477841410731,7.369952045822016,0.3127584809561871,1.0
3.0,-320.7998244966835,0.0,270.9984556951733,3.2520072284699575,7.901803950533727,0.3150254478146236,1.0
4.0,-406.6027586612264,0.0,269.63322370549633,2.2307277572605266,8.384701723822804,0.32038566774266264,1.0
5.0,-464.4278071131246,0.0,268.70286380434845,1.5314233971553672,8.757906881903315,0.3322934938541764,1.0
6.0,-504.24957081350124,0.0,268.057094665248,1.0586885568336175,9.02969258440458,0.3591394136146357,1.0
7.0,-532.5220663835489,0.0,267.5962395004682,0.7225516062184478,9.226447041374003,0.40745902890083235,1.0
8.0,-552.8417741751887,0.0,267.2639389215467,0.4759764778749458,9.367638183887099,0.4920995796676289,1.0
9.0,-567.2644045454692,0.0,267.02713204634745,0.30007358467336015,9.465828983396612,0.7021072094040693,1.0
10.0,-577.6577891322988,0.0,266.85592995716974,0.18068629930848887,9.533121250075856,1.0,1.0
11.0,-582.0644896149774,0.0,266.782773473141,0.06691841051056004,9.554136869930241,1.0,1.0
12.0,-582.0735276875295,0.0,266.7829269859077,0.0014802063210781584,9.551735242041282,1.14355953213911,20.813455922635175
13.0,-582.0735289403053,0.0,266.78296238238096,0.00014238006061859963,9.551906078601988,0.0,0.0
