iter,val,proj,gnorm,dnorm,xnorm,step,maxstep
1.0,10.0,0.0,264.25150946168907,6.954062983641054,7.0710678118654755,0.31056300251754543,1.0
2.0,-193.07056411924327,0.0,261.7358534180606,4.766960797130302,7.3664735941596104,0.3111660301185086,1.0
3.0,-324.6130358101194,0.0,260.09622233609343,3.2771172256450725,7.900677716170832,0.31323782306887965,1.0
4.0,-411.69833671616595,0.0,259.00635198463607,2.2569457483806574,8.390509880112052,0.317603769094737,1.0
5.0,-470.36910389130503,0.0,258.2701650877048,1.5570175443641556,8.77476080432148,0.32564820804090766,1.0
6.0,-510.47047806908995,0.0,257.76649109590807,1.0735704731897941,9.059812669989663,0.3406037791393242,1.0
7.0,-538.2905063415425,0.0,257.4172202217001,0.7416042369591016,9.266825935580815,0.3734616777654614,1.0
8.0,-558.1709710865259,0.0,257.1679201131973,0.5149890894006208,9.418056340390915,0.4576555744115848,1.0
9.0,-573.309261304888,0.0,256.9783611599591,0.35234999484331336,9.533501503913266,0.7085564075004517,1.0
10.0,-585.9467736462036,0.0,256.8194126002726,0.23784659491365223,9.627883732785197,1.0,1.0
11.0,-591.1511777179154,0.0,256.7524742763948,0.12168718212330643,9.662609320904247,1.0,1.0
12.0,-591.17357367364,0.0,256.7533526159003,0.005540249231120598,9.658456507620423,0.9978374208813243,55.15328960362237
13.0,-591.1735889876314,0.0,256.753207929867,0.00022826805458583371,9.658444537652365,0.0,0.0
