iter,val,proj,gnorm,dnorm,xnorm,step,maxstep
1.0,10.000000000000227,0.0,261.33772999540633,6.877384739844203,7.0710678118654755,0.3412302245635322,1.0
2.0,-193.5117124433449,0.0,259.2145781842509,4.475699727301572,7.4112983010394755,0.3426483227721076,1.0
3.0,-319.34531755390606,0.0,257.9220531249305,2.9271800116480784,7.982345578294647,0.34964782292562946,1.0
4.0,-399.9596484318371,0.0,257.0941588350418,1.9290691996377094,8.46584143725698,0.36716013428026417,1.0
5.0,-453.34644802266075,0.0,256.5353850996629,1.278095248524059,8.818653632942627,0.40472462745064325,1.0
6.0,-489.8183732927488,0.0,256.15462073202497,0.8495070016040527,9.071469355491617,0.5031931718063682,1.0
7.0,-516.4309999773557,0.0,255.8735832174492,0.5559964114712821,9.252524980435297,0.8499059336573433,1.0
8.0,-538.5530697960439,0.0,255.63792764829586,0.33459947679783875,9.390986198684073,1.0,1.0
9.0,-542.5190976409274,0.0,255.59392468115564,0.1700068876725556,9.389355895632619,1.0,1.0
10.0,-542.5380138308767,0.0,255.59559511326452,0.04742577683310413,9.377235750975558,0.8250249450649499,2.402621092038184
11.0,-542.538941655707,0.0,255.59322338040494,0.019131389130739224,9.376825862380693,0.6855275730603547,4.295950062661601
12.0,-542.5390671106979,0.0,255.59305630888767,0.007820972023736765,9.375452498315775,0.8367223173927936,12.88510640554465
13.0,-542.5390927008473,0.0,255.59310780211896,0.004118614536648053,9.375416128080404,0.71454294352433,22.078536750162638
14.0,-542.5390987612377,0.0,255.5929688086219,0.0019676262498729796,9.375055323887828,0.9024712597955209,79.83078968693708
15.0,-542.5391005082208,0.0,255.59297607063667,0.001285141554419698,9.375049795950838,0.8184518717066078,98.47356837670128
16.0,-542.5391011840935,0.0,255.5929309136216,0.0008902755615017716,9.374937452145144,0.0,0.0
