iter,val,proj,gnorm,dnorm,xnorm,step,maxstep
1.0,10.0,0.0,251.6895545102995,6.95671826192516,7.0710678118654755,0.3213146503021497,1.0
2.0,-203.04774378356922,0.0,249.45543562529534,4.670343387319118,7.393146686033929,0.3212331971466353,1.0
3.0,-338.78509445366,0.0,248.04177775869545,3.1696115633700255,7.945538025587995,0.32456062681868936,1.0
4.0,-427.85506501351074,0.0,247.11651435667298,2.1598691798908907,8.445153691682469,0.33115113738814683,1.0
5.0,-487.35973446195464,0.0,246.5008747906659,1.4635419100938476,8.833981956445665,0.3453781658723627,1.0
6.0,-527.9759385190052,0.0,246.08395436990028,0.9980872596049435,9.114138985292309,0.37954394019092386,1.0
7.0,-556.7589652305802,0.0,245.79099224737683,0.6840065217171413,9.314654993569562,0.46486523229940974,1.0
8.0,-578.404623368918,0.0,245.57279527909358,0.4708629670284936,9.46231646781639,0.7543546036444497,1.0
9.0,-597.0662914179045,0.0,245.3871981071108,0.3219327207007022,9.581844617223327,1.0,1.0
10.0,-603.1736340383753,0.0,245.32727711488948,0.19739004435115903,9.604272281600034,1.0,1.0
11.0,-603.2046372807174,0.0,245.32206246469912,0.027396617032946317,9.59724413436477,1.045266102987488,3.6633605224479133
12.0,-603.205029555824,0.0,245.3231382863663,0.007184223503590848,9.599691370467236,1.034859056102313,20.343726671543187
13.0,-603.2050562619489,0.0,245.32267383889766,0.0020091400421569303,9.59960315881458,1.0377084121019184,33.776445149784145
14.0,-603.2050583563787,0.0,245.3227508318766,0.0005645903230254843,9.599809174187763,0.0,0.0
