iter,val,proj,gnorm,dnorm,xnorm,step,maxstep
1.0,9.999999999999773,0.0,263.05342720540887,6.946024795272055,7.0710678118654755,0.3300697858967851,1.0
2.0,-196.7462919352986,0.0,260.82225108641956,4.6107326982318355,7.409751605315351,0.331375176742518,1.0
3.0,-326.9036376918307,0.0,259.4366551489203,3.082298791558092,7.980190326262278,0.3349194202334389,1.0
4.0,-410.90457483502075,0.0,258.55333265289187,2.070689070216397,8.48445900753954,0.34230919135462623,1.0
5.0,-466.2081617990242,0.0,257.97625735584563,1.3900563035507543,8.869689350977499,0.3567205575542665,1.0
6.0,-503.2813984531249,0.0,257.5912014913136,0.9308465476444323,9.148570729031809,0.38636193684268505,1.0
7.0,-528.719934296229,0.0,257.32763234155385,0.6208101274931638,9.34724628161096,0.45431511979736233,1.0
8.0,-546.8837126057388,0.0,257.139738360881,0.41869959854665856,9.49078769942572,0.6862902190131634,1.0
9.0,-561.7507242622366,0.0,256.9861917656835,0.29210445076286307,9.607008651989618,1.0,1.0
10.0,-568.5573569070261,0.0,256.91735646148976,0.18505432860706172,9.653656017173557,1.0,1.0
11.0,-568.5931087487562,0.0,256.9205365936997,0.04228175782536008,9.651725893765187,1.1557430919635603,1.1557430919635603
12.0,-568.5942453782117,0.0,256.92196699814446,0.007234436977278048,9.654197419966955,1.0,1.0
13.0,-568.5942744435979,0.0,256.92173558329273,0.0009143751276079142,9.654404141684974,0.0,0.0
