iter,val,proj,gnorm,dnorm,xnorm,step,maxstep
1.0,25.000000000000057,0.0,77.19945010170086,7.402215762499401,7.905694150420948,0.5150675559132544,1.0
2.0,-79.67640806205708,0.0,74.46382632475809,3.5825981162127305,8.501322340273871,0.6126809669233825,1.0
3.0,-128.57732166632007,0.0,73.18376038483348,1.8598271920239686,9.180587634790626,1.0,1.0
4.0,-156.8169570111935,0.0,72.47930844430445,0.7658125563064331,9.503636631764051,1.0,1.0
5.0,-157.2334897702835,0.0,72.49715164401285,4.623103426167141e-06,9.298328415303544,0.0,0.0
