iter,val,proj,gnorm,dnorm,xnorm,step,maxstep
1.0,25.0,0.0,77.41193424792975,7.3819633922019365,7.905694150420948,0.5152849618150644,1.0
2.0,-76.07707573375299,0.0,74.77662374593184,3.587528526603708,8.48955297685269,0.6120183779662051,1.0
3.0,-122.86384466195776,0.0,73.55685229890882,1.8441090217180032,9.17044658510697,1.0,1.0
4.0,-149.7984537200024,0.0,72.88949868337082,0.7637450002510904,9.496177026941357,1.0,1.0
5.0,-150.2228655490843,0.0,72.90715750310567,0.00010543109559030405,9.276284681828512,0.0,0.0
