iter,val,proj,gnorm,dnorm,xnorm,step,maxstep
1.0,25.000000000000057,0.0,74.86610309081807,7.380709483120631,7.905694150420948,0.5152079239210385,1.0
2.0,-73.03650413870821,0.0,72.2258337656357,3.583673641308489,8.491696470927948,0.61409931991797,1.0
3.0,-118.25755421729417,0.0,71.00940291309666,1.8653712862143037,9.168898749117345,1.0,1.0
4.0,-144.09233929839456,0.0,70.35395394045283,0.7753632516595429,9.464996019369934,1.0,1.0
5.0,-144.56239177001672,0.0,70.37294601688257,0.0010371037787290916,9.237336007275715,0.9922050995979134,316.38218995406777
6.0,-144.5623923036167,0.0,70.37294214279136,5.057697127704126e-06,9.237338561020895,0.0,0.0
