iter,val,proj,gnorm,dnorm,xnorm,step,maxstep
1.0,25.00000000000003,0.0,74.00301607369933,7.341806960706326,7.905694150420948,0.517693311696832,1.0
2.0,-75.06912500069146,0.0,71.27686428703987,3.5702038221676946,8.465178743765268,0.6216594221612051,1.0
3.0,-121.66504063041867,0.0,70.0067379986853,1.8649373966293323,9.135502847546244,1.0,1.0
4.0,-147.62895139387211,0.0,69.3391621216802,0.7774669654641289,9.427479506754452,1.0,1.0
5.0,-148.0967115500018,0.0,69.35782933202051,0.00015214357521842021,9.217901163750849,0.0,0.0
