iter,val,proj,gnorm,dnorm,xnorm,step,maxstep
1.0,24.99999999999997,0.0,75.04960983245816,7.373070198842221,7.905694150420948,0.5157218478129914,1.0
2.0,-74.15947657567153,0.0,72.38535297713204,3.580043136327124,8.489443973991552,0.6143018789694565,1.0
3.0,-119.94454658510571,0.0,71.1556667234735,1.8709332712062763,9.168484956131865,1.0,1.0
4.0,-146.12856935013778,0.0,70.4913250271128,0.7824656270088769,9.473277476414516,1.0,1.0
5.0,-146.5971875690724,0.0,70.50994528546123,0.001430193064064132,9.254126447924222,0.9715602797530077,73.37319221051472
6.0,-146.5971885627127,0.0,70.50994351106607,8.244628281241674e-07,9.25419735697631,0.0,0.0
