iter,val,proj,gnorm,dnorm,xnorm,step,maxstep
1.0,25.00000000000003,0.0,75.92236715227601,7.3153436623682095,7.905694150420948,0.5176821508789778,1.0
2.0,-75.54510402718364,0.0,73.23866217253136,3.575083152901355,8.443244671052131,0.6259328097148115,1.0
3.0,-122.83233505258926,0.0,71.98569427620839,1.869199875012242,9.112865869154204,1.0,1.0
4.0,-148.80741817702517,0.0,71.34191657294285,0.7839378804401435,9.388770404446044,1.0,1.0
5.0,-149.27700690517293,0.0,71.36079380452823,1.966861798461347e-08,9.193833054170904,0.0,0.0
