iter,val,proj,gnorm,dnorm,xnorm,step,maxstep
1.0,25.0,0.0,75.25454617499331,7.391763217022157,7.905694150420948,0.5156197011082204,1.0
2.0,-74.29927884855172,0.0,72.59501850192048,3.5792502024527133,8.490161267216177,0.6167278068857215,1.0
3.0,-120.34628431330913,0.0,71.3629260149532,1.846855993401541,9.16271066643454,1.0,1.0
4.0,-146.47833715419327,0.0,70.70458291097954,0.7875560874927909,9.405780742245751,1.0,1.0
5.0,-146.91908405750934,0.0,70.72558394131387,3.874611673222552e-05,9.146365641303532,0.0,0.0
