iter,val,proj,gnorm,dnorm,xnorm,step,maxstep
1.0,25.0,0.0,73.6688294735555,7.415481607268805,7.905694150420948,0.5137146744696534,1.0
2.0,-69.2396129342979,0.0,71.07431648867838,3.5818800421583536,8.50140024116397,0.6159939466308187,1.0
3.0,-112.6163965917267,0.0,69.88434276004153,1.852278171613241,9.163536223389974,1.0,1.0
4.0,-137.10827210895525,0.0,69.25476004471581,0.7748057547208399,9.41867497814634,1.0,1.0
5.0,-137.52371077323136,0.0,69.27645673110828,0.003519751025550067,9.176792814444319,0.9598569675721802,118.92666220663554
6.0,-137.52371671889605,0.0,69.27641205590838,2.0765754813497013e-05,9.1769227648827,0.0,0.0
