iter,val,proj,gnorm,dnorm,xnorm,step,maxstep
1.0,25.0,0.0,75.24038880816606,7.346653875461205,7.905694150420948,0.5165004945881204,1.0
2.0,-72.80610276554069,0.0,72.62066884983042,3.5520878482293154,8.465054320765132,0.62496113116462,1.0
3.0,-118.58371328781567,0.0,71.39892112791124,1.8456972907199518,9.107795305774372,1.0,1.0
4.0,-143.76843305264703,0.0,70.76865487156616,0.777383312573351,9.337267957577184,1.0,1.0
5.0,-144.19946267020674,0.0,70.78840382695938,0.005658411875221084,9.114371819905157,0.9361413530088513,8.325738542713514
6.0,-144.19947765671802,0.0,70.78834813355736,1.3197762414188197e-05,9.114627335005071,0.0,0.0
