iter,val,proj,gnorm,dnorm,xnorm,step,maxstep
1.0,25.00000000000003,0.0,74.26987600638634,7.359152723862395,7.905694150420948,0.5169377025825076,1.0
2.0,-74.4227289904249,0.0,71.57195217440679,3.570351733958164,8.474284697284622,0.6206696559803434,1.0
3.0,-120.67097017707684,0.0,70.31732741920611,1.857012414189068,9.142350770138668,1.0,1.0
4.0,-146.51794263730028,0.0,69.65653556278282,0.7744114569856341,9.413962083447913,1.0,1.0
5.0,-146.9710847639365,0.0,69.67620441619302,0.0003007474307385297,9.185516767011721,0.0,0.0
