iter,val,proj,gnorm,dnorm,xnorm,step,maxstep
1.0,25.000000000000057,0.0,76.22232018250823,7.370331762157248,7.905694150420948,0.5153467348392524,1.0
2.0,-75.14946687901812,0.0,73.57255041144225,3.575773133732291,8.48287250619673,0.6199649110794029,1.0
3.0,-122.06867139446913,0.0,72.33307411525999,1.8650152458456621,9.14517122492539,1.0,1.0
4.0,-148.43239546428816,0.0,71.6774453782412,0.7603552541196619,9.386851851254523,1.0,1.0
5.0,-148.89319911852837,0.0,71.69595956791134,7.587006090341167e-06,9.160381255456432,0.0,0.0
