iter,val,proj,gnorm,dnorm,xnorm,step,maxstep
1.0,25.0,0.0,77.42963386200789,7.360483512174653,7.905694150420948,0.5161808479907698,1.0
2.0,-76.97128371120192,0.0,74.77571095189333,3.5761837294659413,8.480904719849338,0.6184358849604623,1.0
3.0,-124.66196712944779,0.0,73.53530427328826,1.8598042531559902,9.152594869065826,1.0,1.0
4.0,-151.61822687171474,0.0,72.87263338781979,0.774112394048487,9.429329631835646,1.0,1.0
5.0,-152.08329867863048,0.0,72.8909451090195,0.00014907028191381085,9.200747260654058,0.0,0.0
