iter,val,proj,gnorm,dnorm,xnorm,step,maxstep
1.0,25.0,0.0,76.6835016284859,7.310416526281922,7.905694150420948,0.5181872988801667,1.0
2.0,-79.88185459700475,0.0,73.92597480629934,3.538531309259775,8.441203578070107,0.6378610945025637,1.0
3.0,-130.62832951057476,0.0,72.59270694604031,1.8671308746911384,9.065940634482745,1.0,1.0
4.0,-157.46069177526954,0.0,71.92889393019718,0.7446256680423162,9.271931535658315,1.0,1.0
5.0,-157.90810570948008,0.0,71.94626861004586,0.00041179258242832775,9.082438801246223,0.0,0.0
