iter,val,proj,gnorm,dnorm,xnorm,step,maxstep
1.0,25.0,0.0,73.42255367395225,7.381328288216784,7.905694150420948,0.515447794746831,1.0
2.0,-70.06117674345782,0.0,70.81478632990543,3.5602272508769777,8.49042530003309,0.6193276045941958,1.0
3.0,-113.91505561795208,0.0,69.61666343751534,1.8569099492505607,9.143365523273866,1.0,1.0
4.0,-138.48554195073024,0.0,68.98865100794767,0.789786544810965,9.379663100473369,1.0,1.0
5.0,-138.92911287047113,0.0,69.00940019866412,0.00010047882187792521,9.14196117863884,0.0,0.0
