iter,val,proj,gnorm,dnorm,xnorm,step,maxstep
1.0,24.99999999999997,0.0,74.6616668847167,7.42977753743771,7.905694150420948,0.5141628760759083,1.0
2.0,-72.34695662145486,0.0,72.03175517462587,3.587346244186034,8.520133770373103,0.604950218768497,1.0
3.0,-116.51211678582462,0.0,70.83924893434173,1.8458513849359346,9.209297422076403,1.0,1.0
4.0,-142.56849927337117,0.0,70.17434939481356,0.7849624131462609,9.506186068008077,1.0,1.0
5.0,-143.00478066625746,0.0,70.19412046230336,2.954829868626656e-06,9.26202793851936,0.0,0.0
