iter,val,proj,gnorm,dnorm,xnorm,step,maxstep
1.0,25.000000000000057,0.0,74.46438050508175,7.348565478095612,7.905694150420948,0.5176328561861486,1.0
2.0,-75.03866632020606,0.0,71.75750017839759,3.5655100341487076,8.461584084173003,0.6270751476501899,1.0
3.0,-122.05340196077276,0.0,70.48627559999633,1.8526379142536569,9.120313797682014,1.0,1.0
4.0,-147.72851523346466,0.0,69.8329490954119,0.7744818660082521,9.373942359359255,1.0,1.0
5.0,-148.16878768163792,0.0,69.85312849746794,0.0031636210007131515,9.14544710464393,1.0,1.0
6.0,-148.16879289000136,0.0,69.85313380753622,9.878576247851792e-05,9.145350515726559,0.0,0.0
