iter,val,proj,gnorm,dnorm,xnorm,step,maxstep
1.0,25.00000000000003,0.0,75.22511285471495,7.439587877383447,7.905694150420948,0.5132125591500617,1.0
2.0,-75.66327933706484,0.0,72.51103925595086,3.591681822083872,8.528832730577733,0.6063572252744271,1.0
3.0,-122.01903398722655,0.0,71.25917271636655,1.8680177352389313,9.212478311190106,1.0,1.0
4.0,-149.2990838230225,0.0,70.55802161687963,0.7495459768868411,9.541748944992921,1.0,1.0
5.0,-149.7367353529791,0.0,70.57609351086901,0.019037911309534996,9.329218344619148,1.0,1.0
6.0,-149.73695840029288,0.0,70.57613669877766,0.00445479040209241,9.328744409856903,1.306636378604362,29.27299177007364
7.0,-149.73697136549524,0.0,70.57616122797594,0.00017336119622214663,9.32861002958278,0.0,0.0
