iter,val,proj,gnorm,dnorm,xnorm,step,maxstep
1.0,25.0,0.0,73.57447917589903,7.326774387045113,7.905694150420948,0.5178466351315565,1.0
2.0,-71.30836316503368,0.0,70.93881500319335,3.533281165533204,8.450277835727361,0.6378932257487141,1.0
3.0,-117.00042708938551,0.0,69.69460899389505,1.8645469698709727,9.070212664024075,1.0,1.0
4.0,-141.03008784737312,0.0,69.08711522688756,0.7673823111320731,9.234918787961343,1.0,1.0
5.0,-141.48494867735207,0.0,69.10758711179007,5.7704833727360955e-05,9.011162290178799,0.0,0.0
