iter,val,proj,gnorm,dnorm,xnorm,step,maxstep
1.0,24.999999999999943,0.0,72.6857959989708,7.319166399920118,7.905694150420948,0.518483438610205,1.0
2.0,-68.54342632097871,0.0,70.09629344404264,3.5439566502920674,8.448645992010379,0.6303942781751963,1.0
3.0,-111.91783242959974,0.0,68.90130925070268,1.8689545711780184,9.09218470726487,1.0,1.0
4.0,-135.3103891848175,0.0,68.30440296047479,0.8195745828605855,9.291877394346455,1.0,1.0
5.0,-135.78288931088207,0.0,68.3259136810711,0.0015696581029246807,9.060321301873499,0.9999998544536732,156.059764230639
6.0,-135.78289054279517,0.0,68.3259107592858,9.991593697160334e-09,9.060326159339622,0.0,0.0
