iter,val,proj,gnorm,dnorm,xnorm,step,maxstep
1.0,25.00000000000003,0.0,73.34649725790865,7.281017717644365,7.905694150420948,0.5199370118677183,1.0
2.0,-68.36347183730427,0.0,70.78831771178473,3.545947270578977,8.424273888144866,0.6387189995141856,1.0
3.0,-112.06567316092324,0.0,69.59808266952321,1.8714039028061933,9.064968142843814,1.0,1.0
4.0,-134.90456837577628,0.0,69.02473298384615,0.7871530838264913,9.248008115935784,1.0,1.0
5.0,-135.39437648070896,0.0,69.04525803099266,2.1521641003294803e-06,9.015399850304618,0.0,0.0
