iter,val,proj,gnorm,dnorm,xnorm,step,maxstep
1.0,25.000000000000142,0.0,77.48170972562234,7.421282522093285,7.905694150420948,0.5140245692481007,1.0
2.0,-78.44085235963297,0.0,74.78042909847959,3.600523372871134,8.513654049380172,0.6062208433849295,1.0
3.0,-126.2508434447625,0.0,73.53449552297651,1.844405606680066,9.211172893117352,1.0,1.0
4.0,-154.49306475488828,0.0,72.83287939394965,0.7755380858642754,9.521336144606956,1.0,1.0
5.0,-154.94374888413031,0.0,72.85060922248736,0.001068565251712567,9.266417150190497,0.9999999999554621,316.7032008558662
6.0,-154.94374945504617,0.0,72.85061343257563,5.161981126301766e-12,9.266371729467958,0.0,0.0
