iter,val,proj,gnorm,dnorm,xnorm,step,maxstep
1.0,25.0,0.0,76.7198416839086,7.39250881139791,7.905694150420948,0.5148046999315576,1.0
2.0,-74.69126290419598,0.0,74.0998592862109,3.5866440136202846,8.496282181586661,0.6159368215493457,1.0
3.0,-121.06475137298366,0.0,72.88300511717576,1.8581079717826712,9.170581281595071,1.0,1.0
4.0,-147.36697777862113,0.0,72.2297451612411,0.7587829180482795,9.473157397145942,1.0,1.0
5.0,-147.78450137835375,0.0,72.24775793452858,0.00023006282500417962,9.264383595744953,0.0,0.0
