iter,val,proj,gnorm,dnorm,xnorm,step,maxstep
1.0,24.999999999999943,0.0,74.56777860446428,7.382659586740012,7.905694150420948,0.515713908743546,1.0
2.0,-71.33737444403488,0.0,71.96470473032433,3.541850398918731,8.488653349253552,0.6245236412788385,1.0
3.0,-116.28066261128978,0.0,70.75597987005487,1.8568578660124253,9.123728177899173,1.0,1.0
4.0,-141.11164182993855,0.0,70.13244309882687,0.7900807556917048,9.307557290170452,1.0,1.0
5.0,-141.56429672288752,0.0,70.15345765099579,6.093695810743761e-08,9.059069451108185,0.0,0.0
