iter,val,proj,gnorm,dnorm,xnorm,step,maxstep
1.0,25.0,0.0,73.91665548442515,7.391177803227231,7.905694150420948,0.5157801691565916,1.0
2.0,-74.34937101953145,0.0,71.2051153061606,3.58151014574932,8.498386059271553,0.6145029509566495,1.0
3.0,-120.20679105057496,0.0,69.95266562063458,1.8705603524063545,9.179477151913773,1.0,1.0
4.0,-146.37930375645772,0.0,69.27618914423577,0.7720048241208033,9.496526637507216,1.0,1.0
5.0,-146.83450799119925,0.0,69.29538969195745,0.0002505298775833838,9.27716158437846,0.0,0.0
