iter,val,proj,gnorm,dnorm,xnorm,step,maxstep
1.0,25.00000000000003,0.0,72.940274307159,7.3376258659621785,7.905694150420948,0.5182663839206465,1.0
2.0,-70.03257919400374,0.0,70.31738166492772,3.553201281239427,8.457913201396046,0.6261784754238678,1.0
3.0,-113.96173872703312,0.0,69.1089045601135,1.851191570459403,9.111281021601954,1.0,1.0
4.0,-137.9805006049286,0.0,68.49311074131793,0.7933249368423191,9.335552835608917,1.0,1.0
5.0,-138.44885036718253,0.0,68.51421631450995,0.018584342837499542,9.095433439439374,1.2543762383133534,3.6976416900289983
6.0,-138.44906698403457,0.0,68.51420768000256,0.0019284282486209602,9.095206966703913,0.8329968710014422,15.88095053169563
7.0,-138.44906853292377,0.0,68.51423567235501,0.00013288480444457134,9.095200153662313,0.0,0.0
