iter,val,proj,gnorm,dnorm,xnorm,step,maxstep
1.0,39.999999999992724,0.0,3536.8371378792663,13.780104745092261,14.142135623730951,0.45980490617504133,1.0
2.0,-906.4319241988087,0.0,3534.7305781940413,7.553289330102512,15.409015222140969,0.5199701431459874,1.0
3.0,-1445.4502461364355,0.0,3533.848103997337,3.766344183966986,17.203331394589043,0.569170334454885,1.0
4.0,-1717.3957106461094,0.0,3533.4531190484886,1.7895361217838743,18.345424252256837,0.6934900785543816,1.0
5.0,-1857.215592937977,0.0,3533.246501142225,0.9073540060887197,18.95882615237445,1.0,1.0
6.0,-1918.69906683539,0.0,3533.1618696016208,0.6635280618971185,19.18793520091861,1.0,1.0
7.0,-1919.1272069176448,0.0,3533.1491807647535,0.43508960287283005,19.137503650856342,1.0,1.0
8.0,-1919.290112058883,0.0,3533.124777023872,0.08312461102840472,19.122865349403178,0.9997814048898404,1.0
9.0,-1919.296243222896,0.0,3533.1279965068934,0.00039760657185863716,19.121790683126406,0.0,0.0
