iter,val,proj,gnorm,dnorm,xnorm,step,maxstep
1.0,40.0,0.0,3543.8799053026614,13.875479001461539,14.142135623730951,0.4846555633811807,1.0
2.0,-1009.2314392289736,0.0,3542.3286506456466,7.197922803972172,15.586995442832652,0.5245801552481045,1.0
3.0,-1556.2645899952804,0.0,3541.7387529096777,3.548680715818287,17.395083080487417,0.5813135714138264,1.0
4.0,-1834.2028408481492,0.0,3541.529710505552,1.657253533429988,18.5080925879524,0.7535134621048521,1.0
5.0,-1982.3701673395808,0.0,3541.4019989884923,0.8060005434912372,19.097114441748545,1.0,1.0
6.0,-2030.747303981403,0.0,3541.338647144682,0.5297547905044028,19.23196506036113,1.0,1.0
7.0,-2031.0141759499784,0.0,3541.3243636840107,0.32824099202292295,19.189824719177604,1.0,1.0
8.0,-2031.1097970931587,0.0,3541.3062079122274,0.06437927999986481,19.180598807187124,1.0,1.0
9.0,-2031.116305722444,0.0,3541.3054378837087,0.0007461038516734887,19.180340544094296,0.0,0.0
