iter,val,proj,gnorm,dnorm,xnorm,step,maxstep
1.0,10.0,0.0,32.17967908479822,5.94609812150693,7.0710678118654755,0.5111592208720839,1.0
2.0,-20.05402176517069,0.0,30.281841315549613,2.5244461934185116,7.419725977738863,0.6114959608970273,1.0
3.0,-30.532235097042033,0.0,29.6313623964539,1.3616079557892313,7.612492631250216,1.0,1.0
4.0,-36.25136748943862,0.0,29.335645129620378,1.046051357035161,7.277181188178884,1.0,1.0
5.0,-37.30186101293333,0.0,29.34417186757412,0.8069403594811225,6.676652636097209,1.0,1.0
6.0,-37.918509696585836,0.0,29.35120292784098,0.5207977594095504,6.450395747230063,1.0,1.0
7.0,-38.15122958470003,0.0,29.357957383406927,0.0762520342149728,6.397546743500925,1.0,1.0
8.0,-38.15770070149193,0.0,29.359203900010215,4.440892098500626e-16,6.3966337625765775,0.0,0.0
