iter,val,proj,gnorm,dnorm,xnorm,step,maxstep
1.0,10.000000000000014,0.0,38.29318936837202,6.159027510492221,7.0710678118654755,0.5090265038026844,1.0
2.0,-30.475564235923684,0.0,36.13727761850619,2.7905725222921496,7.499137092551579,0.5647719054890102,1.0
3.0,-45.19534115612396,0.0,35.34257034907726,1.4406898541671946,7.898633206483466,0.9627700864328361,1.0
4.0,-54.02082952912765,0.0,34.897056761527175,0.9511953482604253,7.992792663556847,1.0,1.0
5.0,-55.13997909384145,0.0,34.887055891683566,0.6825028131346957,7.578257706925117,1.0,1.0
6.0,-55.5734854711006,0.0,34.89185182430827,0.42887789110963925,7.423016415932645,1.0,1.0
7.0,-55.747970361676074,0.0,34.894348939628905,0.09412123186134698,7.398815734838067,1.0,1.0
8.0,-55.75696115384615,0.0,34.895809089373465,3.263375893225244e-15,7.393699968944454,0.0,0.0
