iter,val,proj,gnorm,dnorm,xnorm,step,maxstep
1.0,10.0,0.0,32.938092719533714,5.907301510032713,7.0710678118654755,0.512530701520326,1.0
2.0,-20.393251501209022,0.0,31.067833979360756,2.4725998114106345,7.382641851336743,0.6206868495943587,1.0
3.0,-31.355362877222774,0.0,30.4042270021645,1.3652915640222723,7.535744698792396,1.0,1.0
4.0,-37.224901376806315,0.0,30.105416021719698,1.0526847944161581,7.219441297270125,1.0,1.0
5.0,-38.3086335006003,0.0,30.11271558542909,0.810471239253136,6.63927128296395,1.0,1.0
6.0,-38.91564952235997,0.0,30.12073692667617,0.5081589428750611,6.405110812427868,1.0,1.0
7.0,-39.133839482957754,0.0,30.12699061012837,0.05097261269560849,6.356927516882968,1.0,1.0
8.0,-39.13598997142859,0.0,30.12765304216636,4.965068306494546e-16,6.3568213035851695,0.0,0.0
