iter,val,proj,gnorm,dnorm,xnorm,step,maxstep
1.0,9.999999999999986,0.0,34.88398452013474,6.305281352762936,7.0710678118654755,0.5072337392570523,1.0
2.0,-30.030280668805545,0.0,32.527217217252584,2.8175773215086966,7.556936934162717,0.5604718660098696,1.0
3.0,-44.193282497469525,0.0,31.675737565907355,1.4506678870372829,7.976938853917782,0.9191868368646128,1.0
4.0,-52.32510508992083,0.0,31.217275734472796,0.9248570915817694,8.090745115231625,1.0,1.0
5.0,-53.695907526805534,0.0,31.18800314881188,0.6960097765331384,7.716935800458454,1.0,1.0
6.0,-54.130250112706705,0.0,31.194409593171557,0.4400953101903523,7.541997375817909,1.0,1.0
7.0,-54.302795405131434,0.0,31.19756257685342,0.09850189226642797,7.515000522327238,1.0,1.0
8.0,-54.31445951851849,0.0,31.198391057770795,0.0,7.515860055267818,0.0,0.0
