iter,val,proj,gnorm,dnorm,xnorm,step,maxstep
1.0,10.000000000000014,0.0,34.66782744854081,5.995581347318014,7.0710678118654755,0.5102126391454451,1.0
2.0,-25.06980492532584,0.0,32.60508813140895,2.627969536274037,7.454920337773118,0.5914842169323525,1.0
3.0,-37.840526912322744,0.0,31.85320017513982,1.3880448127029534,7.728863130367237,1.0,1.0
4.0,-45.250186853479974,0.0,31.463518962687985,1.015590738687552,7.5546071905644085,1.0,1.0
5.0,-46.216281081257236,0.0,31.47213613115668,0.7950088476222547,6.986130183645493,1.0,1.0
6.0,-46.81801134567332,0.0,31.476724861508547,0.5331776472152433,6.798944054599135,1.0,1.0
7.0,-47.071997702306476,0.0,31.48194239939014,0.09637829899136488,6.756124941696087,1.0,1.0
8.0,-47.081486107692314,0.0,31.48318115979905,1.1241460966198823e-07,6.758053295457977,0.0,0.0
