iter,val,proj,gnorm,dnorm,xnorm,step,maxstep
1.0,9.999999999999972,0.0,37.337483257466616,6.417375325549029,7.0710678118654755,0.506473008208592,1.0
2.0,-29.6335310650079,0.0,35.16707029051355,2.8666690713687126,7.592183123582549,0.5588280639127012,1.0
3.0,-43.3023261871498,0.0,34.409921290577095,1.4564607690161007,8.03237483147292,0.9047808195867031,1.0
4.0,-50.939301418978495,0.0,34.01669842241403,0.8857732082708336,8.146382894140988,1.0,1.0
5.0,-52.296534455169066,0.0,33.98803248853316,0.6182665134915586,7.764858433618362,1.0,1.0
6.0,-52.645855379866944,0.0,33.99327203054213,0.35639549344763016,7.612290833062782,1.0,1.0
7.0,-52.74863361968361,0.0,33.99665763468027,0.08520423626888081,7.583154769479505,0.9999999993228172,1.0
8.0,-52.75401931678346,0.0,33.997418826863466,4.539531550960499e-09,7.583217392718542,0.0,0.0
