iter,val,proj,gnorm,dnorm,xnorm,step,maxstep
1.0,10.000000000000028,0.0,30.82217150040211,6.055953550631593,7.0710678118654755,0.5108301206290299,1.0
2.0,-17.49937304141045,0.0,29.012391673715978,2.5516917874093568,7.436055120656686,0.6032904108037586,1.0
3.0,-26.164920490806907,0.0,28.457894036575986,1.3540424346648077,7.652351752804886,1.0,1.0
4.0,-30.847740634765195,0.0,28.224106098152593,1.0584762473058307,7.3156697396918755,1.0,1.0
5.0,-31.902749013442737,0.0,28.234012629547262,0.7740884614859074,6.678425824182463,1.0,1.0
6.0,-32.43456876268714,0.0,28.243056462653417,0.48627180701730865,6.455286413121744,1.0,1.0
7.0,-32.650348176370514,0.0,28.24814715730169,0.08212122534113174,6.409820407843313,1.0,1.0
8.0,-32.65496758987864,0.0,28.24953030047453,1.5392460626480013e-07,6.407459538995194,0.0,0.0
