iter,val,proj,gnorm,dnorm,xnorm,step,maxstep
1.0,400.0,0.0,73.45096268943655,12.764731349878831,14.142135623730951,1.0,1.0
2.0,-40.59103643470385,0.0,67.72572656240028,5.0571287895884005,11.155339951128052,0.9999398096881574,1.0
3.0,-58.174049116777255,0.0,69.08615596098443,0.004746336204505254,8.306969662429273,0.985646185059525,1.0
4.0,-58.17434476266911,0.0,69.08619538819275,4.568990477436581e-06,8.307100083290832,0.0,0.0
