iter,val,proj,gnorm,dnorm,xnorm,step,maxstep
1.0,399.99999999999994,0.0,71.98417674742414,12.97353599888762,14.142135623730951,1.0,1.0
2.0,-32.40410098443476,0.0,66.98162589994116,4.738627251025741,10.473734809060018,0.9999999011208269,1.0
3.0,-48.81816978791474,0.0,68.23404037016441,6.357758377665889e-06,7.659367296100985,0.0,0.0
