iter,val,proj,gnorm,dnorm,xnorm,step,maxstep
1.0,400.0000000000001,0.0,72.93065812128258,12.86935940802088,14.142135623730951,1.0,1.0
2.0,-25.65563792186441,0.0,67.70556325450852,5.527793891072727,11.120893653411379,0.9999999999925128,1.0
3.0,-44.54017267317393,0.0,69.27171692195871,4.811358294781826e-10,7.707421437509372,0.0,0.0
