iter,val,proj,gnorm,dnorm,xnorm,step,maxstep
1.0,400.0,0.0,73.79719279215844,12.881202444165798,14.142135623730951,1.0,1.0
2.0,-23.050236582052264,0.0,68.4661893150683,5.745219591254621,11.515590178791394,0.9998773957587046,1.0
3.0,-43.61772669473274,0.0,70.13867204197072,0.005364208804910237,7.71658910949899,0.9999057844114569,1.0
4.0,-43.61823934196519,0.0,70.13881118127543,6.6609618435303324e-06,7.716603754772642,0.0,0.0
