iter,val,proj,gnorm,dnorm,xnorm,step,maxstep
1.0,400.0000000000001,0.0,70.86911526189388,12.93991998667451,14.142135623730951,1.0,1.0
2.0,-27.962020094332402,0.0,66.12832794076586,4.586549008259014,10.102622712533357,0.9994049161507602,1.0
3.0,-43.468685023336306,0.0,67.33013466920661,0.025002852760362952,7.361359835114623,1.0,1.0
4.0,-43.47196722047775,0.0,67.3310991678251,1.48624313325632e-05,7.35993450161487,0.0,0.0
