iter,val,proj,gnorm,dnorm,xnorm,step,maxstep
1.0,400.00000000000006,0.0,70.82829172021162,12.850451164306007,14.142135623730951,1.0,1.0
2.0,-21.617838592906082,0.0,66.06438419873552,5.207375229400606,10.325565311870761,0.9999999999277895,1.0
3.0,-39.90673119043453,0.0,67.53364945859455,5.0895920081062734e-09,6.987794797329091,0.0,0.0
