iter,val,proj,gnorm,dnorm,xnorm,step,maxstep
1.0,50.0,0.0,3956.2362699977866,15.510357672603021,15.811388300841896,0.4250475936524726,1.0
2.0,-1066.7627148579486,0.0,3952.8867674335133,9.07139262394135,17.06396940865906,0.5102537590006724,1.0
3.0,-1785.421860865954,0.0,3951.111976476368,4.759238625228428,19.135503098269147,0.6028228337551238,1.0
4.0,-2184.2750279728316,0.0,3950.4304627874303,2.074455421958236,20.59324348844949,0.7446541498989713,1.0
5.0,-2375.577941637581,0.0,3950.0908871481656,0.9454335719877497,21.334058887145776,1.0,1.0
6.0,-2440.9149611585963,0.0,3949.9941552898454,0.626232486489208,21.54467398656872,1.0,1.0
7.0,-2441.275271177132,0.0,3950.0162244777084,0.37400034982478547,21.49259686660353,1.0,1.0
8.0,-2441.4076086330206,0.0,3950.0227197294,0.11408996530056745,21.482358057827838,1.0,1.0
9.0,-2441.419950041236,0.0,3950.023864894324,0.010270190036542993,21.4821170152866,1.1002243393598437,2.096160231356166
10.0,-2441.4200080652918,0.0,3950.02447793199,0.0020379331580414545,21.482643228737846,0.9827574798508066,109.36395755330288
11.0,-2441.420010106096,0.0,3950.0245237713957,0.000469433845707605,21.48258183233597,0.0,0.0
