iter,val,proj,gnorm,dnorm,xnorm,step,maxstep
1.0,50.0,0.0,3948.334108315303,15.404074759891726,15.811388300841896,0.45530726600023463,1.0
2.0,-1189.0647559103418,0.0,3946.3699854551064,8.60917370785069,17.202270535860684,0.540095797432383,1.0
3.0,-1939.004146700725,0.0,3945.645046677381,4.219706274386924,19.33901072351743,0.6236990026764256,1.0
4.0,-2322.472907803829,0.0,3945.4318263717246,1.8405651682696142,20.720136126049102,0.8184673948416997,1.0
5.0,-2508.3746296694044,0.0,3945.3833456219254,0.8347445438550305,21.38412032372645,1.0,1.0
6.0,-2549.6918714711464,0.0,3945.355985156183,0.630342742024193,21.471683257915412,1.0,1.0
7.0,-2549.978379703065,0.0,3945.385837320434,0.3693400071607324,21.425170440432083,0.7040140251038438,1.0
8.0,-2550.0499443058725,0.0,3945.365596805399,0.1519141077912883,21.42533540793777,1.0,1.0
9.0,-2550.0799464904194,0.0,3945.368988699776,0.06005230978149334,21.424955956654912,1.0,1.0
10.0,-2550.0832698102968,0.0,3945.3689650446604,0.04579155893546761,21.426632741602862,2.8887578515530477,2.8887578515530477
11.0,-2550.086815664825,0.0,3945.369145727291,0.057687541952535296,21.43108381255177,0.6547520830918673,2.199182036476994
12.0,-2550.087905124008,0.0,3945.3700881483333,0.015375041717020883,21.43034478572366,1.0,1.0
13.0,-2550.08822223841,0.0,3945.369938834266,0.01075677340521993,21.43097630750778,0.9996023279207975,6.91689030380328
14.0,-2550.088280069558,0.0,3945.3702326729176,8.326382264876918e-05,21.430920344230955,0.0,0.0
