iter,val,proj,gnorm,dnorm,xnorm,step,maxstep
1.0,50.0,0.0,3943.870332591324,15.47886839455204,15.811388300841896,0.4522349469966224,1.0
2.0,-1176.4463900160772,0.0,3941.9823793037262,8.654596520133397,17.21680804959669,0.5133819275664556,1.0
3.0,-1889.892596468846,0.0,3941.1698753184755,4.361825979257646,19.24744202043614,0.5684957338194736,1.0
4.0,-2259.580643688256,0.0,3940.651814816339,2.0642093855841988,20.565242233053812,0.7077863671786004,1.0
5.0,-2454.2630653645283,0.0,3940.4562593057844,1.0446021032388182,21.286744195399983,1.0,1.0
6.0,-2534.277127468038,0.0,3940.3454157867072,0.6991899246277695,21.52413278432846,1.0,1.0
7.0,-2534.731528655342,0.0,3940.4043972849913,0.45226578457065375,21.46834950300661,1.0,1.0
8.0,-2534.9184659469975,0.0,3940.4291513663516,0.15246569560269957,21.453107076777737,0.981859631456469,1.0
9.0,-2534.9368851962317,0.0,3940.4355480273825,0.037328683374357435,21.452809489227615,1.0,1.0
10.0,-2534.937738482833,0.0,3940.436193325848,0.0006920935001540122,21.452119718751387,0.0,0.0
