iter,val,proj,gnorm,dnorm,xnorm,step,maxstep
1.0,50.0,0.0,3944.880732539325,15.429616305115202,15.811388300841896,0.4551267271073318,1.0
2.0,-1149.7676275685117,0.0,3942.784601302394,8.554246747137226,17.210279571879724,0.5276113026538755,1.0
3.0,-1857.5797466896256,0.0,3941.7087697058732,4.284498739160304,19.28857362963336,0.6153253642085915,1.0
4.0,-2232.554550568355,0.0,3941.388693565256,1.9159264163471557,20.660525344478323,0.8266012007713863,1.0
5.0,-2422.5772149290788,0.0,3941.283330607705,0.9158641908080795,21.357911816128762,1.0,1.0
6.0,-2462.659794122923,0.0,3941.2306507338317,0.7304558251977625,21.415810104763413,1.0,1.0
7.0,-2463.164359497252,0.0,3941.2283006249227,0.46375007102278953,21.35918692244992,1.0,1.0
8.0,-2463.377946462795,0.0,3941.2113357693465,0.10983003337045578,21.353273945590892,1.0,1.0
9.0,-2463.388249267151,0.0,3941.227863336584,0.005592050092603683,21.353677513303456,1.1915662745674005,16.88671870715224
10.0,-2463.3882678979353,0.0,3941.227936917697,0.0005439390172308104,21.353764115478008,0.0,0.0
