iter,val,proj,gnorm,dnorm,xnorm,step,maxstep
1.0,49.999999999992724,0.0,3954.274416818337,15.573514997424315,15.811388300841896,0.45217568737331804,1.0
2.0,-1151.6039551064569,0.0,3952.078706072747,8.6262796565294,17.251713724376327,0.4929526934445346,1.0
3.0,-1820.099882164137,0.0,3950.835213538613,4.534200619750886,19.265378536183768,0.5578655900572796,1.0
4.0,-2188.466293693029,0.0,3950.29125729661,2.17520489204698,20.62412427037957,0.6677678080073386,1.0
5.0,-2379.3016861111246,0.0,3950.0812716294577,1.0871744089553108,21.352264473988154,0.9704219728884945,1.0
6.0,-2470.6708231149496,0.0,3949.97711411985,0.7410683433590605,21.63539421426157,0.598488691345256,1.0
7.0,-2472.55474810303,0.0,3949.991372150206,0.48504457014025937,21.61402905027553,1.0,1.0
8.0,-2473.828254862423,0.0,3949.9932237074495,0.36365797318397863,21.581043796013027,0.5428304251246423,1.0
9.0,-2473.8810579223973,0.0,3949.9893336077134,0.1693813585518703,21.583356313008068,1.0,1.0
10.0,-2473.913308659525,0.0,3949.980143420384,0.0527595988757214,21.579745743421512,6.337108805743769,6.337108805743769
11.0,-2473.922133639844,0.0,3949.9816502024755,0.0990509515467267,21.58902732380789,0.5723042583274165,1.0
12.0,-2473.9256665293506,0.0,3949.9808088150703,0.03186013319137874,21.58779459921627,1.484939498318092,1.484939498318092
13.0,-2473.926894542019,0.0,3949.980537399719,0.009739332917879673,21.588743623486344,1.0,1.0
14.0,-2473.927052789404,0.0,3949.980489887476,0.002932286963222687,21.588990758930816,1.235341244822236,234.20678213700052
15.0,-2473.927058100373,0.0,3949.9805447408166,0.0016719927818847837,21.58903155759839,0.8551207440691557,302.51997325225693
16.0,-2473.9270592956236,0.0,3949.9804866871973,0.0006599375304249139,21.588994877130006,0.0,0.0
