iter,val,proj,gnorm,dnorm,xnorm,step,maxstep
1.0,50.0,0.0,3973.979189118886,15.463428080474266,15.811388300841896,0.4578261108778246,1.0
2.0,-1048.7255007177155,0.0,3972.6375591280794,8.663706620047808,17.23487300498548,0.5724548480834982,1.0
3.0,-1741.9284917747427,0.0,3971.7944497184603,4.086905914507565,19.47221064473026,0.6317267851475117,1.0
4.0,-2055.731933914991,0.0,3971.200434475397,1.9243216048645753,20.760699873195584,0.5685863286871728,1.0
5.0,-2158.0468133094073,0.0,3971.1187571889905,1.2797774397744637,21.180970763888222,0.581004296369347,1.0
6.0,-2203.033677829557,0.0,3970.9798426110256,1.0445936065806654,21.33512547200765,0.5660583320782503,1.0
7.0,-2221.527891622336,0.0,3971.0120387589045,0.8639207745070162,21.3788596232823,0.592382705656462,1.0
8.0,-2230.034103435635,0.0,3970.9522402702546,0.7129736095858181,21.385013482367132,0.5454289592227727,1.0
9.0,-2233.315504376049,0.0,3970.9877973488497,0.516273008757056,21.382523804444748,0.5861581027976445,1.0
10.0,-2234.9476586562378,0.0,3970.957985389972,0.3619003742902651,21.378147334948046,0.5186053931717369,1.0
11.0,-2235.5634784098365,0.0,3970.981041359798,0.21983416599917271,21.376513618221953,0.9978209829084599,1.0
12.0,-2236.132815175468,0.0,3970.967917828656,0.11331688294514643,21.374263209917242,0.47360746267589643,1.0
13.0,-2236.145243466475,0.0,3970.9752508339684,0.05911564947499344,21.374259589273326,0.7179467652825279,1.0
14.0,-2236.152164389856,0.0,3970.980279758247,0.0176961850562908,21.37435546397601,0.9456279832394047,1.0
15.0,-2236.1541849715795,0.0,3970.9815386109917,0.004801272662951964,21.373970788383392,1.0,1.0
16.0,-2236.1543027594707,0.0,3970.981304106974,0.0003552490738643033,21.373729595232597,0.0,0.0
