iter,val,proj,gnorm,dnorm,xnorm,step,maxstep
1.0,49.999999999992724,0.0,3950.217221489218,15.496641565777464,15.811388300841896,0.44759721089693055,1.0
2.0,-1118.9070926295208,0.0,3948.6645291484015,8.660219864936293,17.194274451269354,0.516872657578813,1.0
3.0,-1813.9385127721835,0.0,3947.9065316439523,4.47424382563017,19.234882481530356,0.6019050417078254,1.0
4.0,-2189.546551991869,0.0,3947.556423545542,1.9684169158377085,20.61179213508216,0.7497478597163544,1.0
5.0,-2371.8290579321147,0.0,3947.383521010228,0.9568846404192,21.29691633689317,1.0,1.0
6.0,-2432.550000689287,0.0,3947.3377896168995,0.683869332078026,21.441829378755816,1.0,1.0
7.0,-2432.9754031087687,0.0,3947.3183654318327,0.41228646867084606,21.37854150435169,1.0,1.0
8.0,-2433.1123039150516,0.0,3947.3429416747476,0.10623439861541228,21.364673154731964,1.0,1.0
9.0,-2433.1203543470656,0.0,3947.3424210565927,0.016646512375615485,21.362864979471663,1.138693213456067,3.626404838104003
10.0,-2433.120512116693,0.0,3947.342305403983,0.00457580164777294,21.36262613091087,0.9542687202768645,48.64321396958379
11.0,-2433.1205221068485,0.0,3947.3419453939837,0.0014126540117693424,21.362539676803273,1.0926968208503,56.71724903090656
12.0,-2433.1205231971653,0.0,3947.341985383139,0.0005511116340948394,21.362507040654435,0.0,0.0
