iter,val,proj,gnorm,dnorm,xnorm,step,maxstep
1.0,5.000000000000057,0.0,274.23429150966416,3.5117523675914435,3.5355339059327378,0.3173708647865678,1.0
2.0,-100.83739017981372,0.0,272.78234649943806,2.393753090163212,3.6984724191631266,0.31842607253720095,1.0
3.0,-171.07392635287857,0.0,271.81313180156985,1.6375463690171412,3.984861787268151,0.3215451223550281,1.0
4.0,-218.35980037231525,0.0,271.1581033962794,1.1209939115056826,4.24761368994452,0.3277326507434487,1.0
5.0,-250.55900822905278,0.0,270.71092368434483,0.7586802029799,4.454594092945319,0.3324000244273194,1.0
6.0,-272.2794501016649,0.0,270.4087823954425,0.5070255220805528,4.606414915711986,0.33376969311692795,1.0
7.0,-286.7328624509521,0.0,270.20752458072656,0.3388018821426772,4.712788397219477,0.33880488516763085,1.0
8.0,-296.4592452193866,0.0,270.072124147321,0.22659477683829654,4.7854495241589134,0.34788755614087363,1.0
9.0,-303.0408294928986,0.0,269.9805561063397,0.15081510363279413,4.834823726093493,0.361481704128356,1.0
10.0,-307.4905132953503,0.0,269.918699737192,0.09924333815177616,4.868116894166636,0.38025179980623175,1.0
11.0,-310.4747418587325,0.0,269.8772574140817,0.06406973188230784,4.890277196514911,0.40510756111596624,1.0
12.0,-312.44311157169443,0.0,269.84995543489043,0.04018878813989238,4.904724205188221,0.43725612135880143,1.0
13.0,-313.70615818988585,0.0,269.83246127659834,0.024188023378623844,4.913849942794108,0.4782504906832002,1.0
14.0,-314.4832296074835,0.0,269.82171616027614,0.013732119677564034,4.919351821091679,0.5300019590246747,1.0
15.0,-314.9324162120521,0.0,269.8155173816989,0.007178636339340386,4.922450378012618,0.5946744206562867,1.0
16.0,-315.1692557216004,0.0,269.8122571481466,0.003334146648737675,4.924029077051481,0.6742692728251405,1.0
17.0,-315.2780918738311,0.0,269.8107638529844,0.0013008055329572761,4.924721053855421,0.7694875200935483,1.0
18.0,-315.318547651865,0.0,269.81021134653884,0.0003876729877111322,4.924960689295992,0.0,0.0
