iter,val,proj,gnorm,dnorm,xnorm,step,maxstep
1.0,5.0,0.0,253.33600033782812,3.5092751914025033,3.5355339059327378,0.30514883844075585,1.0
2.0,-92.32841721397239,0.0,252.21114873336197,2.435999697621029,3.6838766454281515,0.3053339683479939,1.0
3.0,-157.78509649890208,0.0,251.45921328731882,1.6922342608441756,3.9551599452474204,0.30645747661373357,1.0
4.0,-202.35366977188232,0.0,250.949888232923,1.1781733997975345,4.209535897946512,0.3094200567143632,1.0
5.0,-233.04292868536044,0.0,250.60053930384825,0.8211991870774583,4.413734611981425,0.3154522466661172,1.0
6.0,-254.3943098936859,0.0,250.35817592273514,0.5707885800101248,4.568563064541943,0.32511638318931135,1.0
7.0,-269.3320646091304,0.0,250.18906875095,0.3878525537357827,4.682639508750055,0.32918928862964564,1.0
8.0,-279.4790729522965,0.0,250.0743680528587,0.2612801347216662,4.762987519763313,0.3315276456742919,1.0
9.0,-286.3062093671578,0.0,249.99721966935223,0.17558453182927045,4.8184218967148675,0.33434762409822677,1.0
10.0,-290.89605737592774,0.0,249.94535484239782,0.1176230212253738,4.8563102631517605,0.3376618620757975,1.0
11.0,-293.97581727168904,0.0,249.9105478875138,0.0784873144083588,4.882015894181189,0.3414851529488844,1.0
12.0,-296.0361567334532,0.0,249.88725494918592,0.05212774831943814,4.899342781405342,0.3458345127330631,1.0
13.0,-297.4090385528625,0.0,249.87172754811758,0.034430716650971874,4.91094852709792,0.3507292520186661,1.0
14.0,-298.3193261159157,0.0,249.86142710064763,0.022597335002611137,4.918671795281679,0.3561910500168254,1.0
15.0,-298.9193270452238,0.0,249.85463404589208,0.014723367468634315,4.923775709801102,0.36224402774337494,1.0
16.0,-299.3120795786584,0.0,249.8501847967387,0.009514270170828728,4.927123005431625,0.36891481636777984,1.0
17.0,-299.56713074630414,0.0,249.84729368147435,0.006091343764263641,4.929299816686734,0.3762326155281695,1.0
18.0,-299.73126502453823,0.0,249.8454319289486,0.003859562756892614,4.930702223548902,0.3842292348698179,1.0
19.0,-299.83581548300646,0.0,249.84424521301764,0.002417303024498684,4.931596334608575,0.39293911012696314,1.0
20.0,-299.90165106222355,0.0,249.84349739940615,0.0014946174698649162,4.932159788687312,0.40239928266334957,1.0
21.0,-299.94257832417946,0.0,249.84303216520874,0.0009110126751732949,4.932510303683207,0.0,0.0
