iter,val,proj,gnorm,dnorm,xnorm,step,maxstep
1.0,5.000000000000114,0.0,257.72262272033646,3.496987402804844,3.5355339059327378,0.3162349482096791,1.0
2.0,-97.48404387660071,0.0,256.65698333215465,2.3959512030314496,3.6916225639372886,0.31790749241641497,1.0
3.0,-165.69285322425202,0.0,255.95370989317996,1.6382388011286146,3.974120201224634,0.3218030511437566,1.0
4.0,-211.73030787987966,0.0,255.48251079362103,1.1232613536555565,4.232951629526834,0.3321895549501553,1.0
5.0,-243.45557211443082,0.0,255.16065269941157,0.7681225516423404,4.436860997162227,0.3498222892488852,1.0
6.0,-265.5223353847763,0.0,254.93857283676775,0.5169288599127148,4.5893198564401665,0.3741343607203758,1.0
7.0,-280.7491859414164,0.0,254.78647250234064,0.34099213564060377,4.69826938687686,0.40887188178741973,1.0
8.0,-291.10882635520613,0.0,254.68372972034285,0.21626627254778064,4.773740671602707,0.45463393691200377,1.0
9.0,-297.89345728275345,0.0,254.61692128064252,0.12377445555831512,4.823527589820798,0.4854852425171234,1.0
10.0,-301.8351300210579,0.0,254.57827165706007,0.06777525654279744,4.852761943311427,0.5245172640834413,1.0
11.0,-304.0231155546106,0.0,254.55691120421713,0.03286311204288733,4.8689982099869376,0.5368145461250232,1.0
12.0,-305.0869930984061,0.0,254.5465537317664,0.01530433745140332,4.876941309488483,0.5403059495341734,1.0
13.0,-305.5827730213249,0.0,254.54173824797536,0.007089649886885661,4.88066079593791,0.5450990582261251,1.0
14.0,-305.81265907857556,0.0,254.53951098454974,0.0032594211623276615,4.882389127538457,0.5515389659489575,1.0
15.0,-305.91846076957074,0.0,254.53848876487038,0.0014827489511404805,4.8831852346758575,0.5600710822135695,1.0
16.0,-305.96664077758385,0.0,254.5380247177098,0.0006648345368403881,4.883547845616728,0.0,0.0
