iter,val,proj,gnorm,dnorm,xnorm,step,maxstep
1.0,5.0,0.0,251.6895545102995,3.502521625521358,3.5355339059327378,0.3230655720824901,1.0
2.0,-104.07402154967917,0.0,250.54247571625777,2.371192984385107,3.7018760324971622,0.32420959445305636,1.0
3.0,-175.91573829734614,0.0,249.79131372630616,1.603678881623355,3.992983412784857,0.3273234290465129,1.0
4.0,-223.89233663371954,0.0,249.2915292809667,1.0846992774727353,4.2536851046393,0.3360405346015904,1.0
5.0,-256.5407015744628,0.0,248.95104059783083,0.7361388777213274,4.453256041220853,0.3550528818553104,1.0
6.0,-279.2152939878404,0.0,248.7136185210058,0.49390589367235965,4.599488941914251,0.38396557444296625,1.0
7.0,-294.9206694940656,0.0,248.5485204477455,0.318319956617896,4.703669366925661,0.4149826042563388,1.0
8.0,-305.32726424248716,0.0,248.4384132210232,0.19859651570472558,4.773429433909235,0.45767354669570004,1.0
9.0,-312.02027869949706,0.0,248.36703035371653,0.11762734807871145,4.818124415501418,0.5155894838887356,1.0
10.0,-316.10098426909065,0.0,248.32308081181313,0.06222681034403044,4.844919116550557,0.5727273475242463,1.0
11.0,-318.2939597179155,0.0,248.29920610761485,0.029855273193576767,4.85891577357477,0.6446680333453425,1.0
12.0,-319.34790187425784,0.0,248.2875768446699,0.01237562426675574,4.8653343712690615,0.7322756396978787,1.0
13.0,-319.77313890630944,0.0,248.28280038572302,0.004093079457559911,4.867736591323372,0.8324232348437426,1.0
14.0,-319.9025338167414,0.0,248.2813085028474,0.0009404823310204817,4.868378097955917,0.0,0.0
