iter,val,proj,gnorm,dnorm,xnorm,step,maxstep
1.0,4.999999999999943,0.0,265.17649070262,3.4991797634286956,3.5355339059327378,0.33510164624599864,1.0
2.0,-105.26693679551653,0.0,263.7214050087872,2.3313188040570356,3.7123668748858614,0.33681682099695276,1.0
3.0,-176.6773579181193,0.0,262.7730361294903,1.5531760070645295,4.01787929282895,0.3403216540896726,1.0
4.0,-223.50941799810823,0.0,262.14835070898323,1.0289531506843874,4.288413842297521,0.34320796499646083,1.0
5.0,-254.21277898633195,0.0,261.73768973684645,0.6769077113834305,4.493232968839278,0.34414478150856753,1.0
6.0,-274.2353383413082,0.0,261.4693965491307,0.4444667008102287,4.638089492029288,0.34595918411248744,1.0
7.0,-287.35043537977765,0.0,261.2934268555478,0.29207252562790914,4.737024645533265,0.3521146786098793,1.0
8.0,-296.043370079013,0.0,261.1766432531494,0.1918158680736049,4.803321141923909,0.3625639084812432,1.0
9.0,-301.82607742841805,0.0,261.0988787963479,0.12509446109478708,4.847488955884826,0.37774058280027556,1.0
10.0,-305.65925561656286,0.0,261.04728742819736,0.08042863037868127,4.876631434620731,0.3982553556513376,1.0
11.0,-308.17089373625595,0.0,261.0134568902916,0.050545967206455725,4.895551649108813,0.42491468763049256,1.0
12.0,-309.78211081699186,0.0,260.9917384349669,0.03072399730184884,4.90752943319478,0.4587297499649184,1.0
13.0,-310.78190839885167,0.0,260.97825131636824,0.017819585929151213,4.914834018317786,0.5008940111493918,1.0
14.0,-311.3726138363327,0.0,260.97027615161613,0.009685485270604095,4.919055018868796,0.5526858747542538,1.0
15.0,-311.69785773139245,0.0,260.96588080121916,0.004812706749177649,4.921313791838144,0.6152139974882891,1.0
16.0,-311.85978495415225,0.0,260.9636899673404,0.002110486163299599,4.922396892387545,0.6888663729528551,1.0
17.0,-311.92954739639407,0.0,260.9627446775677,0.0007752042764727134,4.922839927392281,0.0,0.0
