iter,val,proj,gnorm,dnorm,xnorm,step,maxstep
1.0,39.99999999999636,0.0,3542.404905548207,13.916048636975464,14.142135623730951,0.4793494749739682,1.0
2.0,-993.7978515715004,0.0,3541.5523087666834,7.427781766709828,15.580739980363768,0.5568096883517866,1.0
3.0,-1578.8258566311124,0.0,3541.017972135051,3.4187873469563845,17.544015069077503,0.6119564471446217,1.0
4.0,-1853.2076274207975,0.0,3540.7640762742108,1.4830357026121688,18.676276570208284,0.7652742049883038,1.0
5.0,-1984.0546572492894,0.0,3540.665975086415,0.6773040635347185,19.219167328307172,1.0,1.0
6.0,-2024.1140683169942,0.0,3540.6459390590285,0.4509660964149032,19.342912412793336,1.0,1.0
7.0,-2024.2973467981392,0.0,3540.651475037377,0.24328940821410933,19.31148336697835,1.0,1.0
8.0,-2024.347482094061,0.0,3540.6564055370227,0.040371094832906074,19.30553635285899,0.9997653319546357,1.0
9.0,-2024.3500647603396,0.0,3540.6566082585123,0.0002340899686474316,19.305511413387016,0.0,0.0
