iter,val,proj,gnorm,dnorm,xnorm,step,maxstep
1.0,39.99999999999636,0.0,3538.6212665107296,13.867008710296123,14.142135623730951,0.4680924218036577,1.0
2.0,-1018.6246983138481,0.0,3536.9426623586146,7.515705520995944,15.50079870035274,0.5231266738863433,1.0
3.0,-1608.7043983013355,0.0,3535.974874444697,3.8124220394648183,17.394836110297813,0.6174021727861295,1.0
4.0,-1929.2688555579516,0.0,3535.706009963613,1.5925491389308413,18.661792196263118,0.7314861761133695,1.0
5.0,-2071.8556832661307,0.0,3535.5963298213273,0.7620302499316772,19.26656130238771,1.0,1.0
6.0,-2124.0271190727944,0.0,3535.5627291765554,0.546366355900476,19.446058314127672,1.0,1.0
7.0,-2124.3257359006966,0.0,3535.551505378215,0.38326174661633655,19.419168557788108,1.0,1.0
8.0,-2124.4461153289703,0.0,3535.531350317464,0.07995726620625464,19.40848110220197,1.0,1.0
9.0,-2124.4537540651363,0.0,3535.530814958224,3.0300116757370573e-09,19.408120834993294,0.0,0.0
