iter,val,proj,gnorm,dnorm,xnorm,step,maxstep
1.0,40.0,0.0,3534.756765919828,13.825276027985842,14.142135623730951,0.48586658980368036,1.0
2.0,-994.6430659497491,0.0,3532.5083033502606,7.163391398503944,15.578297478612031,0.5339287004752308,1.0
3.0,-1541.1891707492323,0.0,3531.579762673013,3.471199134817348,17.38161632513486,0.5905359763909882,1.0
4.0,-1812.9641429217263,0.0,3531.170406874484,1.6447089311744432,18.461078523243224,0.801177035578386,1.0
5.0,-1961.3314465635121,0.0,3530.9875717093505,0.8534592131295087,19.052592661138554,1.0,1.0
6.0,-1998.319299530871,0.0,3530.962415153869,0.6253768030024954,19.122337703809848,1.0,1.0
7.0,-1998.7017423272628,0.0,3530.9728913210965,0.37737825221544025,19.076572624116203,1.0,1.0
8.0,-1998.8324054243349,0.0,3530.9810921879102,0.0399796958288055,19.06706059910471,0.9998563538285646,1.0
9.0,-1998.834807795134,0.0,3530.98368247767,6.81952013778248e-05,19.066527738577268,0.0,0.0
