iter,val,proj,gnorm,dnorm,xnorm,step,maxstep
1.0,39.999999999992724,0.0,3529.4660383800265,13.817046209571958,14.142135623730951,0.4990103848655186,1.0
2.0,-1006.5103732698553,0.0,3528.5584585361416,6.977988786239487,15.657879902487096,0.5408067434149836,1.0
3.0,-1537.0525191071174,0.0,3528.144644330849,3.3637614077414093,17.498241796203057,0.6175001683417528,1.0
4.0,-1805.5860172128268,0.0,3527.9793426653637,1.4794634040239196,18.58766814812814,0.8483458861023343,1.0
5.0,-1944.309147842916,0.0,3527.8955097677363,0.7701738536043673,19.13123781527335,1.0,1.0
6.0,-1969.3542371765616,0.0,3527.880544162104,0.5776766376160708,19.14603943299202,1.0,1.0
7.0,-1969.6723220984168,0.0,3527.8728431599593,0.3382918533370771,19.10763106875779,1.0,1.0
8.0,-1969.778037103486,0.0,3527.8684870523157,0.06895629158306657,19.10219864517048,1.0,1.0
9.0,-1969.7815019624613,0.0,3527.870463232831,0.00040076729112418434,19.102118468328257,0.0,0.0
