iter,val,proj,gnorm,dnorm,xnorm,step,maxstep
1.0,40.0,0.0,3535.583669637589,13.887955053050668,14.142135623730951,0.4591468066054994,1.0
2.0,-978.138801825342,0.0,3533.9551407794816,7.477445739435084,15.449770136772448,0.4890192772156785,1.0
3.0,-1526.4340139846681,0.0,3533.2610066866005,3.9560740322855437,17.140041785654535,0.5359828011127674,1.0
4.0,-1822.2897796745965,0.0,3532.8787845785814,1.9812871623488226,18.260130945569205,0.6394821063608592,1.0
5.0,-1982.799678425985,0.0,3532.6917269993633,1.0148942714290985,18.893522839271636,1.0,1.0
6.0,-2072.5671339217843,0.0,3532.5800224087557,0.6471784018182428,19.210865307879743,1.0,1.0
7.0,-2072.9657738838687,0.0,3532.5838028072726,0.45265981668466915,19.15174977594218,1.0,1.0
8.0,-2073.153133669599,0.0,3532.587174010441,0.14062719136988083,19.135129001723257,1.0,1.0
9.0,-2073.170286793811,0.0,3532.592311281714,0.000626184445159565,19.134984804355867,0.0,0.0
