iter,val,proj,gnorm,dnorm,xnorm,step,maxstep
1.0,39.999999999992724,0.0,3528.2465959649135,13.931061387002105,14.142135623730951,0.49652953928296356,1.0
2.0,-956.1066848371629,0.0,3527.5259183758963,6.974447976214785,15.684013009145234,0.522413783346966,1.0
3.0,-1446.278730011134,0.0,3527.1928630364355,3.4149986488169066,17.44872288192401,0.5641720853125749,1.0
4.0,-1689.6072334702258,0.0,3527.043140838055,1.6473529978272279,18.488240549564527,0.7230485505269024,1.0
5.0,-1823.0057347383554,0.0,3526.9762832725264,0.8158597054742072,19.046145544504245,1.0,1.0
6.0,-1873.903691697251,0.0,3526.9560923093923,0.5002088456122308,19.19486203194706,1.0,1.0
7.0,-1874.1244779200388,0.0,3526.974981637475,0.3194095672973784,19.14819804205529,1.0,1.0
8.0,-1874.2223683574593,0.0,3526.9784663362752,0.0897281134540309,19.140970371653975,1.0,1.0
9.0,-1874.229290444815,0.0,3526.9822457549235,0.0065120105009521135,19.139267125705906,1.5443709652556659,53.71136123045955
10.0,-1874.229323190375,0.0,3526.982458380796,0.0013983597854653744,19.139042402636925,0.7750576153337176,122.99032200440654
11.0,-1874.2293239481514,0.0,3526.9824234420153,0.00018056716951566056,19.139051920275165,0.0,0.0
