iter,val,proj,gnorm,dnorm,xnorm,step,maxstep
1.0,40.0,0.0,3517.108694132156,13.911614917651413,14.142135623730951,0.4965136879873179,1.0
2.0,-1011.9869840297251,0.0,3515.757847713097,6.987933782997638,15.665768499505283,0.5422728835302505,1.0
3.0,-1552.279821765409,0.0,3515.0895392600823,3.3736373897191316,17.479063437990384,0.6415951074115708,1.0
4.0,-1834.936937758208,0.0,3514.8755772767145,1.5327413788221802,18.575869388335732,0.9703309125818366,1.0
5.0,-1985.7593470006614,0.0,3514.8366823076194,0.7845285295994355,19.12664655993097,1.0,1.0
6.0,-1990.8941490591424,0.0,3514.804890035365,0.600960459414158,19.047100973261426,1.0,1.0
7.0,-1991.2084017289635,0.0,3514.8387426491154,0.30362708081294043,19.005645074916103,1.0,1.0
8.0,-1991.3077622960773,0.0,3514.824470644955,0.09919738255254079,18.999982110904828,0.9999902316171257,1.0
9.0,-1991.31326707685,0.0,3514.819914454809,4.405887981126423e-05,18.999204977861314,0.0,0.0
