iter,val,proj,gnorm,dnorm,xnorm,step,maxstep
1.0,39.99999999999636,0.0,3541.9483657447636,13.843725886480128,14.142135623730951,0.48009822144289255,1.0
2.0,-928.2209645325311,0.0,3540.832000593446,7.297874938136926,15.55192178296909,0.5592491810569671,1.0
3.0,-1474.4830609553646,0.0,3540.294830575702,3.5018560187091703,17.453448393014266,0.6704583494177085,1.0
4.0,-1752.4450310735592,0.0,3540.1246785248168,1.4601654836567883,18.6295889124292,0.9948615930114159,1.0
5.0,-1886.0035044634424,0.0,3539.963457284948,0.7494203940518578,19.179091230277276,1.0,1.0
6.0,-1887.162414170929,0.0,3539.9730034547947,0.5348757167025711,19.096702372559708,1.0,1.0
7.0,-1887.3784439378833,0.0,3539.924218117771,0.2500668191917845,19.067161901702374,1.0,1.0
8.0,-1887.437484362068,0.0,3539.933144041389,0.10350944738721683,19.06433138893654,0.9999979677100832,1.0
9.0,-1887.4450320843498,0.0,3539.933454033921,0.0001923920688399331,19.06341622258188,0.0,0.0
