iter,val,proj,gnorm,dnorm,xnorm,step,maxstep
1.0,40.0,0.0,3543.4481837179446,13.855448867232704,14.142135623730951,0.4962149870983174,1.0
2.0,-1012.417487924824,0.0,3541.944082918979,6.999354922568493,15.64211553239914,0.5253329969164581,1.0
3.0,-1536.5641128885327,0.0,3541.4552452261746,3.370971824764317,17.431123578566556,0.5544781349964034,1.0
4.0,-1789.762788525266,0.0,3541.2104173933308,1.6667186644869891,18.466800116538302,0.7017277091887035,1.0
5.0,-1930.0655842577726,0.0,3541.064116039886,0.8388644413865527,19.036890227559248,1.0,1.0
6.0,-1989.434724808587,0.0,3541.0041605872093,0.5057400975240329,19.226472568823176,1.0,1.0
7.0,-1989.6741844402386,0.0,3541.0003988068574,0.2666267778385087,19.182647774362536,1.0,1.0
8.0,-1989.7228271010354,0.0,3541.012567620534,0.02240084851185921,19.178233392865433,0.9999147117560665,1.3001114537927863
9.0,-1989.7230779786587,0.0,3541.012217520423,4.1542041440423334e-05,19.17850294829339,0.0,0.0
