iter,val,proj,gnorm,dnorm,xnorm,step,maxstep
1.0,39.99999999999636,0.0,3539.66337489598,13.82471578671089,14.142135623730951,0.5123638891415637,1.0
2.0,-1072.2399404182725,0.0,3538.2889378186296,6.98101461800371,15.740456076394592,0.5923453819817219,1.0
3.0,-1661.287202479165,0.0,3537.747182411908,2.953380122520504,17.797687080717928,0.65313218480498,1.0
4.0,-1917.2343495149325,0.0,3537.542575856578,1.2380484549866004,18.885015309922558,0.9513463639632199,1.0
5.0,-2044.795910234614,0.0,3537.4804640558705,0.6366921088947423,19.394903018834263,1.0,1.0
6.0,-2051.6034694071677,0.0,3537.4675282306976,0.520253382817414,19.35908521632488,1.0,1.0
7.0,-2051.7741332808037,0.0,3537.480982051738,0.3406752961546785,19.330786626171488,0.732121789216419,1.0
8.0,-2051.8303382460326,0.0,3537.4532347932427,0.1162183389800723,19.335250614793082,0.8475296946375205,1.0
9.0,-2051.84171760804,0.0,3537.457359011568,0.03921522554475387,19.333028542597713,0.6819197860045407,1.0
10.0,-2051.8431507360474,0.0,3537.4543546241825,0.01574530817681608,19.33385700536176,1.0,1.0
11.0,-2051.8437546206624,0.0,3537.454404421213,0.011600734014958418,19.333785836844918,2.0897330390536117,36.897528243870774
12.0,-2051.8438952358047,0.0,3537.452648253648,0.013636907641556823,19.33433374269781,0.6769075417248669,4.001776405533114
13.0,-2051.843958176378,0.0,3537.4533327040226,0.005192601471973344,19.334119171572482,2.089731750049135,78.40912723032089
14.0,-2051.843986349213,0.0,3537.452546744229,0.006104012049575996,19.33437426033234,0.6769076476982392,8.219701612476852
15.0,-2051.843998959648,0.0,3537.4528530790403,0.0023242600915914266,19.334279646176864,2.0897309586878516,171.1498250771725
16.0,-2051.8440046040923,0.0,3537.4525012444947,0.0027322163822357123,19.334395800639985,0.6769077127656072,17.663788113782935
17.0,-2051.8440071307195,0.0,3537.452638378417,0.0010403622555385035,19.33435373601647,2.0897304727751504,378.3402857476663
18.0,-2051.844008261727,0.0,3537.452480906442,0.0012229675629899439,19.334406122522676,0.6769077526921605,38.724877950462904
19.0,-2051.844008767901,0.0,3537.4525422845045,0.00046567672189890116,19.334387351514245,0.0,0.0
