iter,val,proj,gnorm,dnorm,xnorm,step,maxstep
1.0,39.999999999992724,0.0,3536.950311098532,13.873350069317553,14.142135623730951,0.4613397134556898,1.0
2.0,-940.6302518226112,0.0,3535.3899837704307,7.538022750519288,15.449931914333504,0.5255110942752391,1.0
3.0,-1502.543222983455,0.0,3534.784494700906,3.7504290562920444,17.266657201378198,0.5894344420189952,1.0
4.0,-1790.1984910626088,0.0,3534.5370503005647,1.7416805758763694,18.426220012162666,0.760511878135169,1.0
5.0,-1939.6351665511247,0.0,3534.398092186486,0.8590537354278995,19.033821504487825,1.0,1.0
6.0,-1986.6647072847845,0.0,3534.364635724223,0.6083799621085622,19.16061885364286,1.0,1.0
7.0,-1987.0107380549416,0.0,3534.3549463606587,0.34688607630767787,19.111023603781227,1.0,1.0
8.0,-1987.109180137344,0.0,3534.3645678575785,0.06481666338538229,19.10686170176569,0.9999951359861798,1.0
9.0,-1987.113909220814,0.0,3534.36777305039,5.765792590696668e-06,19.107014561930495,0.0,0.0
