iter,val,proj,gnorm,dnorm,xnorm,step,maxstep
1.0,39.999999999992724,0.0,3536.356270122681,13.847257519090197,14.142135623730951,0.4490286832785304,1.0
2.0,-879.2546952201956,0.0,3534.440620199662,7.786550242225797,15.385438912358303,0.5172252359359638,1.0
3.0,-1422.5836112465477,0.0,3533.4507858725233,3.996832254277297,17.23721841167798,0.617864484447963,1.0
4.0,-1723.2482375465079,0.0,3533.1402927744384,1.7356393988378933,18.52640602243102,0.7856175627919861,1.0
5.0,-1866.213559159558,0.0,3533.0103309278034,0.763379214794949,19.155489492392338,1.0,1.0
6.0,-1905.175702792465,0.0,3532.963206156467,0.5643596098681848,19.270780288568755,1.0,1.0
7.0,-1905.478388904783,0.0,3532.98886120885,0.3657313696874968,19.2277156765961,1.0,1.0
8.0,-1905.607397586944,0.0,3532.974162098566,0.12551122917295762,19.219054690662745,1.0,1.0
9.0,-1905.617132975025,0.0,3532.983614978985,0.0005438435501829296,19.21882346072493,0.0,0.0
