iter,val,proj,gnorm,dnorm,xnorm,step,maxstep
1.0,1.9999999999995453,0.0,2490.9314059560134,0.9963071815459329,1.0,0.4651911968809929,1.0
2.0,-44.123806721667506,0.0,2490.8758050566753,0.5343236957201873,1.0957064740263935,0.4693991658732007,1.0
3.0,-68.82350500601024,0.0,2490.846006879533,0.28495051030208013,1.2183590820182992,0.4738819277708837,1.0
4.0,-81.99950465710799,0.0,2490.8301025731744,0.14989543128799412,1.2990067138226238,0.47383484306973644,1.0
5.0,-88.91550201773134,0.0,2490.8217475601073,0.07886230560414396,1.3449263789537511,0.4738144525476848,1.0
6.0,-92.55002790305139,0.0,2490.817353814201,0.041494508482377644,1.369941294013725,0.4738207579669597,1.0
7.0,-94.46130513756634,0.0,2490.815041906278,0.021833825134758636,1.383324447600538,0.4738537643974487,1.0
8.0,-95.46672201245428,0.0,2490.8138250646816,0.011488545392901102,1.3904251319418952,0.47391348021887547,1.0
9.0,-95.9956942780127,0.0,2490.8131845163093,0.006044692761102115,1.3941770427817466,0.47399991712235895,1.0
10.0,-96.27400509912445,0.0,2490.812847326032,0.0031804841861186226,1.396155254938374,0.47532746420630934,1.0
11.0,-96.42079964970071,0.0,2490.812669546911,0.0016762448768822577,1.397195869623118,0.48042929448431376,1.0
12.0,-96.49864344725029,0.0,2490.8125754345638,0.0008799287892397365,1.39774296732464,0.0,0.0
