iter,val,proj,gnorm,dnorm,xnorm,step,maxstep
1.0,1.9999999999997726,0.0,2488.4389696988756,0.9976534969617458,0.9999999999999999,0.49182827929468353,1.0
2.0,-58.186800193022236,0.0,2488.3332745762887,0.5069795765285382,1.1094704176550194,0.49182855813644727,1.0
3.0,-88.58445959369033,0.0,2488.279750401996,0.2574169730048833,1.2380614677878514,0.4930035956949003,1.0
4.0,-104.02005547956128,0.0,2488.2525351469594,0.13091444424403717,1.3165107119994368,0.49774319573930614,1.0
5.0,-111.90850907523213,0.0,2488.2386177934222,0.06638297873394403,1.3590851548189915,0.5058076183812799,1.0
6.0,-115.93146803011905,0.0,2488.2315181187846,0.03334290273810738,1.3812935103213444,0.5173669279463246,1.0
7.0,-117.96417860468205,0.0,2488.227930379341,0.01647156213142852,1.3925937418011256,0.5326357266393441,1.0
8.0,-118.97397394188806,0.0,2488.226148034381,0.007939297591737251,1.398204017289534,0.5518676946382498,1.0
9.0,-119.46290549170794,0.0,2488.225285059379,0.003699511263609172,1.400907359643817,0.5753432244079737,1.0
10.0,-119.69132018255345,0.0,2488.2248819214756,0.0016484879384587466,1.4021607683251824,0.603345886545916,1.0
11.0,-119.79303654238902,0.0,2488.2247024101994,0.0006932082488254672,1.4027135458591953,0.0,0.0
