iter,val,proj,gnorm,dnorm,xnorm,step,maxstep
1.0,1.9999999999995453,0.0,2503.6998702360474,0.9999999999999999,0.9999999999999999,0.5100086206942772,1.0
2.0,-57.11494622208761,0.0,2503.646823095468,0.4895510346658206,1.117993121968375,0.50987272646774,1.0
3.0,-85.88692968146029,0.0,2503.6211709794643,0.2395749267158936,1.2497185273182707,0.5100955559954755,1.0
4.0,-99.95041281678482,0.0,2503.6088822807374,0.11742126399688434,1.3265242897817722,0.5113122528944912,1.0
5.0,-106.84590590650532,0.0,2503.6029795419313,0.057522479298494154,1.366564154818947,0.5135332938845751,1.0
6.0,-110.22771255672819,0.0,2503.600144964712,0.028107676550825376,1.3866985013987283,0.516772955858713,1.0
7.0,-111.88260953597228,0.0,2503.5987876266186,0.013670940940018089,1.39665547541528,0.5210492893997031,1.0
8.0,-112.68877058905491,0.0,2503.598141100876,0.006604144790989793,1.4015254300965376,0.5263840156878676,1.0
9.0,-113.07880035352628,0.0,2503.5978355286466,0.0031615265670648673,1.4038837429500228,0.5328023300554843,1.0
10.0,-113.26576896452866,0.0,2503.597692583613,0.001496249591618576,1.4050135481389883,0.5403325889989258,1.0
11.0,-113.35435297695994,0.0,2503.597626576966,0.0006982939039074341,1.4055480815198742,0.0,0.0
