iter,val,proj,gnorm,dnorm,step,maxstep
1.0,14980.313133732521,0.0,4408.790550553322,17.320508075688775,1.0,1.0
2.0,0.0,0.0,4408.790550553322,0.0,0.0,0.0
