iter,val,proj,gnorm,dnorm,step,maxstep
1.0,14980.31313373251,0.0,4419.262670494057,17.320508075688775,1.0,1.0
2.0,0.0,0.0,4419.262670494057,0.0,0.0,0.0
