iter,val,proj,gnorm,dnorm,step,maxstep
1.0,14980.313133732507,0.0,4415.992202598672,17.320508075688775,1.0,1.0
2.0,0.0,0.0,4415.992202598672,0.0,0.0,0.0
