iter,val,proj,gnorm,dnorm,xnorm,step,maxstep
1.0,400.0000000000009,0.0,68.11180508549013,32.02171536671981,141.4213562373095,0.5039309657904066,1.6808872388477998
2.0,141.6370492360329,0.0,60.18232439693917,2.839526845196414,140.91575288083857,45.23625559986142,45.23625559986142
3.0,-94.35904431584515,0.0,64.22979149248508,15.362622557192234,12.943529160086992,0.7498137327128206,1.0
4.0,-206.04450212500683,0.0,60.393630343847605,3.8076513547867408,21.321197065252566,1.0,1.0
5.0,-215.2070983627736,0.0,60.215249607622646,2.02741037524013,22.070503955995555,1.0,1.0
6.0,-218.7426144754399,0.0,60.221258583835954,1.841564770199385,21.350907283295122,1.0,1.0
7.0,-220.86029280131714,0.0,60.239615938298,0.4205402038962503,21.03933044013265,1.0,1.0
8.0,-221.1311161309779,0.0,60.24289426984382,0.07771663957168637,21.030704942821547,0.9999970958465216,1.0
9.0,-221.13593120950534,0.0,60.2441216978451,1.081504054906971e-05,21.030252955693875,0.0,0.0
