iter,val,proj,gnorm,dnorm,xnorm,step,maxstep
1.0,400.0,0.0,68.20654269205704,31.356049670137907,141.4213562373095,0.5041014317227422,1.6900587272591943
2.0,152.18326964035987,0.0,60.63902125212903,2.8400238095796824,140.8778491877985,45.849601964688866,45.849601964688866
3.0,-79.43424896351274,0.0,64.94364624987936,15.732884171036098,11.070795892917689,0.7732505236573585,1.0
4.0,-199.32176226005902,0.0,60.82892790347758,3.5228087965509274,20.41399645959969,1.0,1.0
5.0,-207.56103672725297,0.0,60.67021244771622,1.5832122819490821,21.29217867076708,1.0,1.0
6.0,-210.102506959124,0.0,60.679532678804016,1.2875259411295308,20.693579156592858,1.0,1.0
7.0,-211.14762660156057,0.0,60.69765601114885,0.09474649343877542,20.550616668565056,0.9999820138873817,1.0
8.0,-211.15862448174545,0.0,60.698153670344304,4.435026638764752e-05,20.550360730423204,0.0,0.0
