iter,val,proj,gnorm,dnorm,xnorm,step,maxstep
1.0,1.999999999999993,0.0,48.37408913873004,0.9838360296987163,0.9999999999999999,0.5384858872151111,1.0
2.0,-7.6071854087665045,0.0,47.97923067168019,0.4678817584035647,1.0911946351342199,0.5832405259119521,1.0
3.0,-12.222778121904607,0.0,47.78950524530134,0.20168174163712027,1.2151289681115713,0.6212988929882387,1.0
4.0,-14.232228921718209,0.0,47.70701580846091,0.07916005911544789,1.2822799594307854,0.6642447527470967,1.0
5.0,-15.03886309580998,0.0,47.67401658728137,0.029309893769760127,1.3099702565894964,0.7387349289024925,1.0
6.0,-15.33904793490192,0.0,47.66179871987744,0.009274428560537451,1.3198714774803615,0.8469442458789519,1.0
7.0,-15.428847024757806,0.0,47.658172216401525,0.0020653391300242533,1.3225506705833385,0.9713109247076249,1.0
8.0,-15.444602470599413,0.0,47.65754584586382,0.00019612326417360235,1.3229095295000177,0.0,0.0
