iter,val,proj,gnorm,dnorm,xnorm,step,maxstep
1.0,2.0000000000000036,0.0,45.37647857648498,0.9874182177993805,0.9999999999999999,0.5530729060100436,1.0
2.0,-6.701081487558408,0.0,44.99655284396572,0.44103994942982966,1.0867011873178276,0.5963438191698682,1.0
3.0,-10.710577310020723,0.0,44.82203855125634,0.1937234441264947,1.1982982813236696,0.7110795197645676,1.0
4.0,-12.60283823456432,0.0,44.74057234906342,0.07446531866582906,1.2562048227103655,0.9388490095594968,1.0
5.0,-13.318631979464051,0.0,44.71046139519456,0.01622230983091111,1.2744885732428033,1.0,1.0
6.0,-13.365168274389104,0.0,44.708809897497694,0.0008577105718683043,1.272922610945052,0.0,0.0
