iter,val,proj,gnorm,dnorm,xnorm,step,maxstep
1.0,2.0,0.0,48.78128864638572,0.9925733110343931,1.0,0.5227206515091447,1.0
2.0,-7.970600103007605,0.0,48.37294436995467,0.4759059086627936,1.1030362976853092,0.5402993313893616,1.0
3.0,-12.703483916937412,0.0,48.17851317967818,0.2234646850874011,1.2273696627860187,0.5686789034958049,1.0
4.0,-14.950733886524512,0.0,48.08624072670614,0.10210718402441166,1.2980945587219515,0.6199964214835247,1.0
5.0,-15.998063914710476,0.0,48.043360202335535,0.04335993184356111,1.332408774819878,0.7015871314699709,1.0
6.0,-16.446545215582443,0.0,48.025087714822334,0.015516196354625277,1.346854065153245,0.8105205740075272,1.0
7.0,-16.600869573447447,0.0,48.0188456867246,0.004070404424087568,1.3515072223539923,0.9400846141486978,1.0
8.0,-16.63476063322193,0.0,48.01749337719191,0.0005391167700570274,1.3523675869776617,0.0,0.0
