iter,val,proj,gnorm,dnorm,xnorm,step,maxstep
1.0,2.0,0.0,48.58982280274955,0.9878325094198241,1.0,0.5398904095790646,1.0
2.0,-7.88491444461399,0.0,48.18500516953803,0.46190596847263854,1.092483986417808,0.574091468993436,1.0
3.0,-12.535873485805952,0.0,47.994347684209835,0.20498398393729816,1.214004174272767,0.6287296009725244,1.0
4.0,-14.665420168528556,0.0,47.907343885616406,0.08400893304949944,1.2799423837049662,0.7163556714207245,1.0
5.0,-15.558776089725159,0.0,47.87106204104991,0.029266354520165672,1.3079120936536515,0.8484791549003634,1.0
6.0,-15.857856372208982,0.0,47.85903404575926,0.006936767262652869,1.316549984398363,1.0,1.0
7.0,-15.911196174083607,0.0,47.85693597437052,0.0005620402353141587,1.3176627245741088,0.0,0.0
