iter,val,proj,gnorm,dnorm,xnorm,step,maxstep
1.0,2.0,0.0,47.81991737761369,0.9878412249518067,1.0,0.5311328477725518,1.0
2.0,-7.018906557054173,0.0,47.44431708519234,0.46731639348511594,1.096213454260437,0.5599810700549551,1.0
3.0,-11.291912847903095,0.0,47.26628412538782,0.21611759946640557,1.2170234011991954,0.6171779007204202,1.0
4.0,-13.322285778384556,0.0,47.18201739725474,0.09240165643232955,1.285664487081229,0.7112770855638222,1.0
5.0,-14.209500435805717,0.0,47.14545325039976,0.03257119964309198,1.316543131134048,0.8456672866557656,1.0
6.0,-14.512765075861353,0.0,47.133100031280385,0.007989563441767409,1.32628316365991,1.0,1.0
7.0,-14.568023067263042,0.0,47.13091122956914,0.0007038618231717808,1.3275311539554704,0.0,0.0
