iter,val,proj,gnorm,dnorm,xnorm,step,maxstep
1.0,2.0,0.0,48.477968851865064,0.9857675858605482,1.0,0.5454610550300698,1.0
2.0,-7.381712434828103,0.0,48.09367620464437,0.4542075298736897,1.088738004516947,0.5776812518271754,1.0
3.0,-11.715254409241016,0.0,47.916084116042036,0.20031031060089957,1.2079739595568293,0.6288667502968889,1.0
4.0,-13.669297546681833,0.0,47.83625730255231,0.08107680461420992,1.2729658110053532,0.7072568075790004,1.0
5.0,-14.477854421398956,0.0,47.80341818301252,0.028281950965566714,1.300412019632739,0.8247739653744743,1.0
6.0,-14.752888750333765,0.0,47.792348519583,0.00730921883357042,1.3091484239030742,0.9856033247356168,1.0
7.0,-14.810403476382875,0.0,47.7900835298389,0.0007664599237718874,1.3104850772514551,0.0,0.0
