iter,val,proj,gnorm,dnorm,xnorm,step,maxstep
1.0,2.0,0.0,48.839110966541966,0.9818161487773563,0.9999999999999999,0.5575769197977697,1.0
2.0,-7.592632768972479,0.0,48.450104513155,0.44220662592887294,1.0810138319120801,0.6153801758140355,1.0
3.0,-12.092351942720038,0.0,48.26823795747496,0.1885482220242716,1.1940525295448272,0.7399920234027239,1.0
4.0,-14.136672746951906,0.0,48.1864287441639,0.06522288157654123,1.252863043134706,0.9411275115409944,1.0
5.0,-14.807602615602143,0.0,48.16006760642474,0.012225595994237394,1.2705849766567296,1.0,1.0
6.0,-14.849488123556549,0.0,48.15859310141973,0.0005800111797599467,1.27035474221132,0.0,0.0
