iter,val,proj,gnorm,dnorm,xnorm,step,maxstep
1.0,2.000000000000007,0.0,45.38398845409249,0.9902884500415594,0.9999999999999999,0.5461612018234077,1.0
2.0,-6.657360474610435,0.0,45.005348080307094,0.453612245103558,1.0915273687100249,0.575030226421881,1.0
3.0,-10.610830490572875,0.0,44.83236179617923,0.2003617376411971,1.2113666665459908,0.6243054853749851,1.0
4.0,-12.396676492000767,0.0,44.75450946829992,0.0830559257436756,1.2759060032248593,0.7082476395287453,1.0
5.0,-13.150641361734948,0.0,44.72185633682041,0.02969899334358376,1.3037111075183605,0.8369926640700014,1.0
6.0,-13.409546268900819,0.0,44.71076366068112,0.007407894889427422,1.3127058177363278,0.9891252324868394,1.0
7.0,-13.459342904333647,0.0,44.70868083563002,0.0007009776283713314,1.3140668390548484,0.0,0.0
