iter,val,proj,gnorm,dnorm,xnorm,step,maxstep
1.0,1.9999999999999964,0.0,43.64257079962865,0.9800934294416949,0.9999999999999999,0.5497357590250852,1.0
2.0,-5.959719063604293,0.0,43.28166921596206,0.44887249901200105,1.0830834181555686,0.6092144296992797,1.0
3.0,-9.745888760575092,0.0,43.11096632337213,0.19448034983774018,1.1961746914340776,0.7322292121946596,1.0
4.0,-11.485851986551289,0.0,43.033480465906486,0.07060105107678433,1.2561167529394406,0.9471708873249772,1.0
5.0,-12.082906354974874,0.0,43.00753757907218,0.013816103457409815,1.2748958358641778,1.0,1.0
6.0,-12.116135980846822,0.0,43.00634610520854,0.0006110678694350764,1.274183242145173,0.0,0.0
