iter,val,proj,gnorm,dnorm,xnorm,step,maxstep
1.0,600.0000000000002,0.0,88.52112561420805,15.769147207511695,17.320508075688775,1.0,1.0
2.0,-42.640169723699984,0.0,82.37739738886663,6.264153424822653,12.99857325486945,0.9972537840766315,1.0
3.0,-68.84210906201729,0.0,84.06032770870513,0.1647649440027006,9.210105532300918,0.7834519334157026,1.0
4.0,-68.86701075058569,0.0,84.06404035453494,0.006599018552558093,9.20422212308398,1.0,1.0
5.0,-68.87097825275546,0.0,84.06526940121607,0.0005081374504137095,9.202701383389421,0.0,0.0
