iter,val,proj,gnorm,dnorm,xnorm,step,maxstep
1.0,600.0,0.0,88.61226690479033,15.67150578407744,17.320508075688775,1.0,1.0
2.0,-40.87550945477861,0.0,82.33479389425868,6.3175237140818865,13.148750751892885,0.9995773579819766,1.0
3.0,-68.57613072820901,0.0,84.10514253953319,0.011027749521006332,9.306107964942926,1.0,1.0
4.0,-68.57946670420586,0.0,84.10560099182324,4.675904580653236e-06,9.305323299622883,0.0,0.0
