iter,val,proj,gnorm,dnorm,xnorm,step,maxstep
1.0,600.0,0.0,89.62537575935289,15.892460279330693,17.320508075688775,1.0,1.0
2.0,-41.97656473227573,0.0,83.48049576762276,6.323471646935532,13.28618593263989,1.0,1.0
3.0,-68.82711605299268,0.0,85.17644586022622,4.967637004858301e-05,9.451335444613877,0.0,0.0
