iter,val,proj,gnorm,dnorm,xnorm,step,maxstep
1.0,600.0,0.0,88.42781751239029,15.74097865156709,17.320508075688775,1.0,1.0
2.0,-37.603580155900374,0.0,82.29341488338146,6.399489219715282,13.11538000243037,0.9999998570810623,1.0
3.0,-65.43198885726557,0.0,84.07692658813798,1.3290709326350142e-05,9.140732122338648,0.0,0.0
