iter,val,proj,gnorm,dnorm,xnorm,step,maxstep
1.0,600.0,0.0,86.89630962247244,15.757121774219902,17.320508075688775,1.0,1.0
2.0,-30.74279723152719,0.0,81.00849122228429,6.412079686565552,12.820256934766078,0.9999999823010481,1.0
3.0,-59.12710000465054,0.0,82.84560108248765,9.041469154008126e-07,8.646924212303755,0.0,0.0
