iter,val,proj,gnorm,dnorm,xnorm,step,maxstep
1.0,600.0,0.0,87.89298293950661,15.722450548726266,17.320508075688775,1.0,1.0
2.0,-33.73067743631424,0.0,81.84169993067205,6.4634734222738786,13.04703957736518,0.9999710074407984,1.0
3.0,-61.664142511873024,0.0,83.66725415900422,0.0005023888570346967,8.931194887689824,0.0,0.0
