iter,val,proj,gnorm,dnorm,xnorm,step,maxstep
1.0,600.0,0.0,89.78809867685918,15.646566172806097,17.320508075688775,1.0,1.0
2.0,-37.264951837452145,0.0,83.53077029541704,6.357683806862487,13.36772355339532,0.9999833895982042,1.0
3.0,-65.76759775759685,0.0,85.3123238400338,0.0017480127005520757,9.456968599556019,0.9952262722724069,1.0
4.0,-65.76773636835294,0.0,85.31233332559354,5.133651906037628e-07,9.45694607983499,0.0,0.0
