iter,val,proj,gnorm,dnorm,xnorm,step,maxstep
1.0,400.0,0.0,3524.7352307791857,13.854661297917028,14.142135623730951,0.515545348471434,1.0
2.0,-769.4968778540824,0.0,3523.0666469140983,6.987563165813992,15.058887467232722,0.6225391901010218,1.0
3.0,-1412.9206628978827,0.0,3522.2560168428868,3.006950799735723,16.7987150182713,0.8289432438673068,1.0
4.0,-1726.5802286031612,0.0,3521.929637894784,0.9315128567067593,17.85865728263258,1.0,1.0
5.0,-1790.6841442572586,0.0,3521.876059151981,0.13398441976809944,18.01981611807314,1.0037295373489785,2.498002547662165
6.0,-1790.6931536456723,0.0,3521.87878168469,0.003257753277641832,18.00267657854061,1.0927902303281356,31.50081441818878
7.0,-1790.6931594445123,0.0,3521.878708853505,0.0001687844638360573,18.002886741194523,0.0,0.0
