iter,val,proj,gnorm,dnorm,xnorm,step,maxstep
1.0,400.0,0.0,3541.646709024772,13.886365897286925,14.142135623730951,0.5130306761384081,1.0
2.0,-679.810590641162,0.0,3539.777120835193,6.967412638176849,15.11796533341199,0.6645205722311984,1.0
3.0,-1317.930663157811,0.0,3538.8668388948317,2.947124292887508,16.918476269726693,1.0,1.0
4.0,-1630.7089332620671,0.0,3538.545286632945,0.7516787328615137,17.97401158740649,1.0,1.0
5.0,-1631.0495068411692,0.0,3538.5822968125976,0.007805211219337877,17.907430576192752,0.9999670565368914,1.0
6.0,-1631.050217483884,0.0,3538.582272947738,3.09321719597953e-06,17.907615043246945,0.0,0.0
