iter,val,proj,gnorm,dnorm,xnorm,step,maxstep
1.0,400.0,0.0,3533.0563981439636,13.898295853911629,14.142135623730951,0.4848561897426408,1.0
2.0,-655.0317518169722,0.0,3530.8987761161006,7.356489213780102,15.046091892571084,0.5894403934951533,1.0
3.0,-1273.6243900199916,0.0,3529.882170572618,3.419131880642187,16.776552434979383,0.8196126151706313,1.0
4.0,-1615.0019197479523,0.0,3529.5696454622853,1.2730504961508937,17.99212091370455,1.0,1.0
5.0,-1689.454844202246,0.0,3529.6730570779255,0.21553215326730718,18.21770474414141,1.0,1.0
6.0,-1689.4837258443622,0.0,3529.704223512966,0.0873099458478655,18.20892122060226,0.9931011726409271,7.189965485290623
7.0,-1689.4875110626526,0.0,3529.7069920498966,0.006358936264727978,18.205154698364137,0.9045838890463347,72.12734712326136
8.0,-1689.4875293515724,0.0,3529.707039733537,0.0018751604304973442,18.20522347401583,1.1541827191683436,468.88266384694674
9.0,-1689.4875313807788,0.0,3529.706992967428,0.000717136754338532,18.205077899032883,0.0,0.0
