iter,val,proj,gnorm,dnorm,xnorm,step,maxstep
1.0,400.0,0.0,3542.1852353565587,13.927695465330938,14.142135623730951,0.5131597919566134,1.0
2.0,-684.0602341513877,0.0,3540.0658937553835,6.922706457487181,15.0676585275621,0.6222274454727919,1.0
3.0,-1282.720025509716,0.0,3539.2600678401323,3.0621792754953665,16.809252510946816,0.8911031773480003,1.0
4.0,-1596.6091599762258,0.0,3539.1146234354433,1.0043866903673426,17.929292355397802,1.0,1.0
5.0,-1634.8606693941438,0.0,3539.233932744567,0.09588247363707542,17.99812204168267,1.0,1.0
6.0,-1634.8656547551036,0.0,3539.245885963578,0.0003007523525979783,17.987524863432995,0.0,0.0
