iter,val,proj,gnorm,dnorm,xnorm,step,maxstep
1.0,400.0,0.0,3531.6666325348433,13.847343544882536,14.142135623730951,0.5303765803483721,1.0
2.0,-766.6407694008631,0.0,3530.1156177038993,6.825230984566835,15.185559286828266,0.6932270866375327,1.0
3.0,-1440.5061203099722,0.0,3529.5426274798565,2.685490999728579,17.08579535081404,1.0,1.0
4.0,-1730.6550500232406,0.0,3529.485855101422,0.5811967735502923,18.095038552562983,1.0,1.0
5.0,-1730.835495592597,0.0,3529.548509607231,0.029925861324789933,18.048066630045344,1.3548607995520998,1.3548607995520998
6.0,-1730.8361364133743,0.0,3529.54937412888,0.0032147023124325055,18.049386445373248,1.087598463171094,290.2412594030579
7.0,-1730.8361420331312,0.0,3529.549710148725,0.0006628359630469868,18.049285345583204,0.0,0.0
