iter,val,proj,gnorm,dnorm,xnorm,step,maxstep
1.0,400.0,0.0,3546.2329153675173,13.882606215725815,14.142135623730951,0.5199459716050119,1.0
2.0,-713.8908384401075,0.0,3544.198293515364,6.995996965952786,15.122981278503548,0.7164161973905114,1.0
3.0,-1406.1446061163406,0.0,3543.488054401928,2.6675241101622746,17.10185535941131,1.0,1.0
4.0,-1673.149490767053,0.0,3543.4938487288873,0.556350684471349,18.00555443027498,0.9997133720807216,1.0
5.0,-1673.3180358516947,0.0,3543.485915143828,0.00144614538867907,17.950379775935517,1.0,1.0
6.0,-1673.3180408507214,0.0,3543.4859730004414,2.345590916870071e-05,17.95035808135462,0.0,0.0
