iter,val,proj,gnorm,dnorm,xnorm,step,maxstep
1.0,400.0,0.0,3534.770156318795,13.875533575326033,14.142135623730951,0.519195012512996,1.0
2.0,-714.422093194542,0.0,3534.0512182370267,6.933583356952434,15.203756564787293,0.599989790421386,1.0
3.0,-1294.3245684745925,0.0,3533.858536014564,3.095769621033909,16.92628289763246,0.796104080963526,1.0
4.0,-1592.117269650018,0.0,3533.81420814913,1.1898610858861998,17.98805662518448,1.0,1.0
5.0,-1667.7160487424408,0.0,3533.8155171942267,0.2246239185208527,18.173901377344,1.0,1.0
6.0,-1667.7417934738878,0.0,3533.8191326903575,0.014291483047508333,18.143382903624424,1.0739972078195728,10.742143844229256
7.0,-1667.741903153972,0.0,3533.818692836897,0.009985962364991791,18.143188758351783,0.9006457104810005,2.153030309406526
8.0,-1667.7419480598983,0.0,3533.819073964004,0.00853709556680534,18.143155966371854,1.1796418127950663,18.2892021820244
9.0,-1667.7419910473036,0.0,3533.818703230629,0.009596522154207986,18.143194763075698,0.9022130951664146,1.2140914687403204
10.0,-1667.7420325910898,0.0,3533.819069449875,0.008252732554156376,18.143185918454588,1.1796424445058573,4.545386736761968
11.0,-1667.742072762394,0.0,3533.8187102559446,0.0023306072356270276,18.143233185021632,0.6502809217789072,1.0
12.0,-1667.7420846425339,0.0,3533.8187860648977,0.0013641922744964572,18.143229055997622,1.0,1.0
13.0,-1667.7420915534967,0.0,3533.8187712953645,0.0007426557791043262,18.143234306529944,0.0,0.0
