iter,val,proj,gnorm,dnorm,xnorm,step,maxstep
1.0,400.0,0.0,3537.490009790558,13.923815365528707,14.142135623730951,0.5316989461115585,1.0
2.0,-728.4821768394286,0.0,3535.3508893621492,6.70393923995796,15.39126882912376,0.6296543770306169,1.0
3.0,-1314.2373321937994,0.0,3534.256250583535,2.9065191876749603,17.263040559974186,0.8702024499049852,1.0
4.0,-1605.0015084604238,0.0,3533.8056220765325,0.7959120217212778,18.393061836628913,1.0,1.0
5.0,-1647.9820121577832,0.0,3533.7622918557154,0.0865821164222699,18.52745671589352,0.9927064140461221,4.469868253431648
6.0,-1647.985733051155,0.0,3533.7673945804095,0.0039408197531289775,18.519639501758967,0.794017521242227,188.15524108946266
7.0,-1647.985739216725,0.0,3533.7674777085795,0.0003167750969785607,18.51946488777594,0.0,0.0
