iter,val,proj,gnorm,dnorm,xnorm,step,maxstep
1.0,400.0,0.0,3530.2729832966174,13.848835820186045,14.142135623730951,0.487480202192393,1.0
2.0,-688.9952163335583,0.0,3529.306806484701,7.239509848125283,15.074847675284174,0.5646853864338272,1.0
3.0,-1295.1034687505926,0.0,3528.8556553318817,3.6007435953894285,16.67628916475074,0.7938350334160953,1.0
4.0,-1654.1537667172743,0.0,3528.7736270482496,1.353355287857438,17.854585776855274,1.0,1.0
5.0,-1746.4210311499737,0.0,3528.817116110096,0.2846153147289672,18.117188932135363,1.0,1.0
6.0,-1746.4689553679273,0.0,3528.8313965039183,0.1039162582855083,18.094001163672377,2.3396411180598413,2.3396411180598413
7.0,-1746.4916951300947,0.0,3528.8342196875647,0.09727913741821007,18.110474191204553,0.9999964846672486,1.0
8.0,-1746.4990176533101,0.0,3528.8302217297764,8.541024591595026e-06,18.11521988853591,0.0,0.0
