iter,val,proj,gnorm,dnorm,xnorm,step,maxstep
1.0,400.0,0.0,3548.0934466947174,13.909009235112293,14.142135623730951,0.49079760924216675,1.0
2.0,-620.7925424268542,0.0,3545.3369347482662,7.327853237054602,15.024345956805954,0.6165982112440616,1.0
3.0,-1231.073230941427,0.0,3544.1683598465406,3.295587590679002,16.839922922446316,0.8597260121324684,1.0
4.0,-1546.2474846243276,0.0,3543.7992463415917,1.0849406795619128,18.043318033824185,1.0,1.0
5.0,-1597.339228328252,0.0,3543.842926275262,0.2937052706457686,18.184330145528307,1.0,1.0
6.0,-1597.3914708066077,0.0,3543.855191914103,0.2029267289549379,18.184427293808366,0.8906264323602714,1.0
7.0,-1597.412246118205,0.0,3543.854854923047,0.1208450743303498,18.185267220993566,1.0,1.0
8.0,-1597.424882580155,0.0,3543.8539322249103,0.062492030198283546,18.189965139371335,1.0,1.0
9.0,-1597.4299139691466,0.0,3543.854760208253,0.02875214911060748,18.189529281847413,1.0008605169044194,4.266403382218741
10.0,-1597.4303276678693,0.0,3543.8552219701983,0.0005934611346177616,18.189431443530477,0.0,0.0
