iter,val,proj,gnorm,dnorm,xnorm,step,maxstep
1.0,1.0000000000000018,0.0,31.32235320024343,0.7018561106095751,0.7071067811865476,0.5447919823225341,1.0
2.0,-3.442999256593108,0.0,31.040464742322673,0.32133456398531596,0.7733329340660028,0.5641862965563093,1.0
3.0,-5.446223030550949,0.0,30.913035664552638,0.14437955047928552,0.8591385585747585,0.5998011945739691,1.0
4.0,-6.355233539178143,0.0,30.85529957941809,0.06220746734938829,0.9062271486387943,0.6618170497511983,1.0
5.0,-6.752827950989346,0.0,30.830152265475746,0.023997745815212544,0.9277249110287608,0.7604904124816964,1.0
6.0,-6.906685500774409,0.0,30.820498820241944,0.007085860401448081,0.9356791512601499,0.8791360579602338,1.0
7.0,-6.9492122496192295,0.0,30.817861263312437,0.0013857683254432397,0.9375985082529209,1.0,1.0
8.0,-6.9550556626392686,0.0,30.81750862379116,8.974852237477197e-05,0.9377615333689994,0.0,0.0
