iter,val,proj,gnorm,dnorm,xnorm,step,maxstep
1.0,1.0,0.0,34.34922540612524,0.690484678258027,0.7071067811865476,0.5220102999404779,1.0
2.0,-3.6762049974097266,0.0,34.07780690936547,0.3376188241537441,0.7725300256771012,0.5672158357786793,1.0
3.0,-6.011394084090366,0.0,33.942386317632504,0.15952590660819174,0.8572991798777051,0.6657002091031485,1.0
4.0,-7.174720465885363,0.0,33.875407072782956,0.06487449312797905,0.9074653698134378,0.8296590987120499,1.0
5.0,-7.654931550514272,0.0,33.84812615142646,0.018748373827643824,0.9281039440133108,1.0,1.0
6.0,-7.753161434630718,0.0,33.84274158906842,0.002011816402121749,0.9313443044104773,1.0000000000000002,5.4870275763002825
7.0,-7.753163458333333,0.0,33.84278207881459,0.0,0.9310848063773067,0.0,0.0
