iter,val,proj,gnorm,dnorm,xnorm,step,maxstep
1.0,1.0,0.0,35.04442112521478,0.697862092393619,0.7071067811865476,0.5178981700082638,1.0
2.0,-4.044762045072414,0.0,34.756712209583014,0.33698994640913654,0.7787589816127406,0.5410306461349208,1.0
3.0,-6.492683137948015,0.0,34.61685384466459,0.1605343784289877,0.8641133042084812,0.5900768593478908,1.0
4.0,-7.696030514004959,0.0,34.54827547610273,0.0708180359758471,0.913422298734367,0.6559732395261066,1.0
5.0,-8.239603213536128,0.0,34.517415287642024,0.02822151780407406,0.9365100081913642,0.7762528812184483,1.0
6.0,-8.460022968836732,0.0,34.505012401931346,0.008971480067815951,0.9450655792724988,0.9654175342442962,1.0
7.0,-8.521261542359088,0.0,34.50163492973998,0.0013369108318884377,0.9467358321062495,1.0,1.0
8.0,-8.523454362890732,0.0,34.5015338778901,3.852238874386925e-05,0.9465731768192005,0.0,0.0
