iter,val,proj,gnorm,dnorm,xnorm,step,maxstep
1.0,1.0000000000000018,0.0,34.47592281580292,0.7000010714277515,0.7071067811865476,0.5837992699805435,1.0
2.0,-4.0077756986111766,0.0,34.18933800599105,0.29629449105684713,0.7609749792942743,0.6165584386984794,1.0
3.0,-6.121227874136652,0.0,34.06827066584827,0.12117810624639086,0.8431110358958852,0.6739938658053225,1.0
4.0,-6.991674467621073,0.0,34.01853250346935,0.04268176919371034,0.8851127318677728,0.728115417421952,1.0
5.0,-7.295949270113788,0.0,34.00119387055257,0.013289793479216013,0.9007965171074821,0.8036923563800275,1.0
6.0,-7.3870145566992065,0.0,33.9960272703921,0.0032715663848782847,0.9055251565220566,0.8960565422872385,1.0
7.0,-7.406927660370485,0.0,33.994905422220484,0.0005149449539391135,0.9065319396493292,0.0,0.0
