iter,val,proj,gnorm,dnorm,xnorm,step,maxstep
1.0,1.0,0.0,31.2030066500041,0.6924954873499177,0.7071067811865476,0.5561787979271334,1.0
2.0,-3.084867113939133,0.0,30.944291481798086,0.31612001042785465,0.7636010662199013,0.6131556660905303,1.0
3.0,-4.991714761063524,0.0,30.823978270954374,0.13412203418683236,0.8460725992169018,0.7176232924876539,1.0
4.0,-5.836472522297219,0.0,30.771198853256216,0.04832757724552024,0.8896867447482814,0.9042542889341788,1.0
5.0,-6.134289527675701,0.0,30.75296147489667,0.009992893800470519,0.904141550928899,1.0,1.0
6.0,-6.165725791437098,0.0,30.751163711255142,0.0007191145984551633,0.9047405534491159,0.0,0.0
