iter,val,proj,gnorm,dnorm,xnorm,step,maxstep
1.0,1.0,0.0,35.096918126824185,0.6948136440801951,0.7071067811865476,0.5607259752417585,1.0
2.0,-3.818591939528348,0.0,34.82517020688037,0.3135029386472064,0.7638663374935183,0.6067610140933093,1.0
3.0,-6.018173291040014,0.0,34.701228894269434,0.12906504979481923,0.8475946923752299,0.6562584796341304,1.0
4.0,-6.9363638352641,0.0,34.649627074206215,0.04783014843097545,0.8910542426637852,0.7141807048059972,1.0
5.0,-7.277132897878634,0.0,34.63054063406318,0.01575559984950458,0.9080897038266081,0.7989772313703213,1.0
6.0,-7.385765914001539,0.0,34.62448801826503,0.004108064119207837,0.9134749298006462,0.9249787162451704,1.0
7.0,-7.411020719429311,0.0,34.62309891150874,0.000638511246687245,0.9145754840922831,0.0,0.0
