iter,val,proj,gnorm,dnorm,xnorm,step,maxstep
1.0,1.0,0.0,33.479526579699424,0.7011929121147761,0.7071067811865476,0.5383059778690917,1.0
2.0,-3.7311746936214707,0.0,33.19911073656683,0.32034367851989315,0.7742149620946801,0.5504256262871968,1.0
3.0,-5.873926982346124,0.0,33.07184274477746,0.1477019157722402,0.85720465544382,0.6134287943414106,1.0
4.0,-6.927599056795162,0.0,33.00967402977639,0.06547565919992637,0.9014356489433512,0.7584902540466155,1.0
5.0,-7.427006224241597,0.0,32.980569423876545,0.023312898333748625,0.9202777512251756,1.0,1.0
6.0,-7.585443127195214,0.0,32.97158520603185,0.003588199349913427,0.9238167897052035,1.0,3.2361561930006193
7.0,-7.585449564782502,0.0,32.97166541883496,0.0,0.9229079817929537,0.0,0.0
