iter,val,proj,gnorm,dnorm,xnorm,step,maxstep
1.0,1.0,0.0,34.200935952116865,0.6990861892499379,0.7071067811865476,0.5589403359390033,1.0
2.0,-4.039721730380775,0.0,33.90871263233681,0.3105781937340157,0.7673126855997703,0.570815814339197,1.0
3.0,-6.221748314850656,0.0,33.781663177152005,0.13398136297934488,0.8520903001211124,0.5886905562441594,1.0
4.0,-7.170309879827812,0.0,33.72644919766,0.05720458656891103,0.8963035025053994,0.6311329226102231,1.0
5.0,-7.585343434258794,0.0,33.70236649486004,0.0233171253704871,0.9160715819650458,0.7138988509860275,1.0
6.0,-7.757935092863789,0.0,33.692409858157575,0.008178229324473926,0.9238937370771968,0.839565156589725,1.0
7.0,-7.815924470018857,0.0,33.689094642199365,0.001995959242668678,0.9262400143001583,0.9861002465822553,1.0
8.0,-7.826846006020011,0.0,33.6884823566863,0.00018415227429307158,0.9265557699962088,0.0,0.0
