iter,val,proj,gnorm,dnorm,xnorm,step,maxstep
1.0,0.9999999999999982,0.0,32.876619321347505,0.6924849345764749,0.7071067811865476,0.5294928675927328,1.0
2.0,-3.2956425284189717,0.0,32.616594384543895,0.3322510550915697,0.7715529441532454,0.5818693461699345,1.0
3.0,-5.422641398379753,0.0,32.488266173787295,0.15029289723485847,0.85458007755741,0.6735958618628954,1.0
4.0,-6.430851408143757,0.0,32.42790159850649,0.060167586011945606,0.9013418051608595,0.8470513888945125,1.0
5.0,-6.840760797470947,0.0,32.40375101271983,0.016577194614895166,0.9194114547372564,1.0,1.0
6.0,-6.9145083534637655,0.0,32.39960073544729,0.0017244558600215986,0.9213219737199279,0.9999999999999999,5.835499533829822
7.0,-6.914509840337771,0.0,32.39963877958844,0.0,0.9209880146217557,0.0,0.0
