iter,val,proj,gnorm,dnorm,xnorm,step,maxstep
1.0,1.0000000000000018,0.0,34.378031299084014,0.7016148041007497,0.7071067811865476,0.5324087259669983,1.0
2.0,-4.091709840029944,0.0,34.08263930413609,0.32758088662534296,0.77685917240995,0.5519416297851052,1.0
3.0,-6.467808258284441,0.0,33.944465943722115,0.15130341390619598,0.8616870089861514,0.5957932132726351,1.0
4.0,-7.596611233092791,0.0,33.87896891191415,0.06702409955466741,0.9088485043230098,0.6905200987886515,1.0
5.0,-8.121068662298594,0.0,33.84875168001607,0.025799615769738726,0.9301062210933674,0.8560905134940858,1.0
6.0,-8.321555892605733,0.0,33.837350588194035,0.006427282197745552,0.9369056834829821,1.0,1.0
7.0,-8.355210079299741,0.0,33.83550016676273,0.0005842948896419745,0.9373134412947249,0.0,0.0
