iter,val,proj,gnorm,dnorm,xnorm,step,maxstep
1.0,1.0,0.0,34.27534875097553,0.7015246253696303,0.7071067811865476,0.5329668396183184,1.0
2.0,-3.575623393910048,0.0,34.00946730430279,0.3304205904518777,0.7766387668474631,0.5573755640182942,1.0
3.0,-5.717630281374297,0.0,33.88484468299557,0.14897479625774618,0.8635708749335523,0.5907994622957193,1.0
4.0,-6.702296071343126,0.0,33.827690198178026,0.06549335278880827,0.9107347704677912,0.6545309489968413,1.0
5.0,-7.144571724209488,0.0,33.80213317950655,0.02612902373025685,0.9324601124309719,0.7549021498880288,1.0
6.0,-7.320059551880236,0.0,33.79206242344276,0.008335670730494005,0.9407665158714817,0.8901385397844176,1.0
7.0,-7.370687058334869,0.0,33.78919152433409,0.0016075114644536167,0.9428952075642744,1.0,1.0
8.0,-7.376931629404588,0.0,33.78884873202921,9.637379141661992e-05,0.9430547684550129,0.0,0.0
