iter,val,proj,gnorm,dnorm,xnorm,step,maxstep
1.0,0.9999999999999982,0.0,31.43326740891249,0.6957066750993395,0.7071067811865476,0.5314568344657828,1.0
2.0,-2.7211865871756213,0.0,31.198098550632203,0.33296960146648086,0.7731470477822843,0.5781819846487841,1.0
3.0,-4.5238162933831525,0.0,31.08461662960138,0.14816054088456834,0.8585119049737304,0.6407164180667493,1.0
4.0,-5.345584325938983,0.0,31.033207392058834,0.059727306316951605,0.9058374283163236,0.7431134326422483,1.0
5.0,-5.6841564670928575,0.0,31.01224896078488,0.01982896607852094,0.9255018217362585,0.8967229902691413,1.0
6.0,-5.788616674712951,0.0,31.005895485757893,0.003991631524264315,0.9309727238580644,1.0,1.0
7.0,-5.800627966726838,0.0,31.005204491319777,0.0002579632202223406,0.9313013817321916,0.0,0.0
