iter,val,proj,gnorm,dnorm,xnorm,step,maxstep
1.0,0.9999999999999982,0.0,35.066953959547156,0.6915757369948718,0.7071067811865476,0.5553329661640474,1.0
2.0,-3.7764892767081815,0.0,34.79720208244805,0.3198552811678847,0.7632205614199882,0.6137377443451515,1.0
3.0,-6.031882893413943,0.0,34.670074081705835,0.13496508510246932,0.848165739222779,0.6928779138836446,1.0
4.0,-6.996857841079212,0.0,34.615919258798854,0.04943387506109255,0.8945179819470748,0.8099894108478431,1.0
5.0,-7.3404396218082,0.0,34.596788645950625,0.0127625805600842,0.9125059077709812,0.942969500392012,1.0
6.0,-7.4161932429999675,0.0,34.59262878308771,0.0015537525392172514,0.9165748397182467,1.0,1.0
7.0,-7.420770373366207,0.0,34.592388364744664,5.716276602918402e-05,0.9168057963876128,0.0,0.0
