iter,val,proj,gnorm,dnorm,xnorm,step,maxstep
1.0,50.00000000000006,0.0,74.97948762164222,13.705778771655737,15.811388300841896,0.5092574358415156,1.0
2.0,-121.59002155308065,0.0,70.30645451770074,6.021577625928146,16.73476822357958,0.578318062348695,1.0
3.0,-180.6687966453622,0.0,68.69092377589239,3.1319152187340906,17.466017202152752,1.0,1.0
4.0,-215.08775004969354,0.0,67.85363005980248,2.2391850316462563,17.31212430914315,1.0,1.0
5.0,-219.74362129551147,0.0,67.87241999322053,1.6547790195047882,16.10653427570473,1.0,1.0
6.0,-222.2675848229626,0.0,67.88562000176766,1.049685090268908,15.71561342152214,1.0,1.0
7.0,-223.27128062855056,0.0,67.89551997005736,0.20231164090469916,15.636635584289756,1.0,1.0
8.0,-223.31293680755354,0.0,67.89837137558035,0.0003713017639762508,15.63695255976256,0.0,0.0
