iter,val,proj,gnorm,dnorm,xnorm,step,maxstep
1.0,50.00000000000006,0.0,74.96130512474151,13.891023533570097,15.811388300841896,0.508679183801171,1.0
2.0,-122.75234967897507,0.0,70.25231332198784,6.012457953329116,16.784787793558763,0.5793344031295815,1.0
3.0,-181.98835233607826,0.0,68.63258702427443,3.1243999228802735,17.500905219616893,1.0,1.0
4.0,-216.66409422973547,0.0,67.79234523412336,2.2290028750892237,17.262334494915855,1.0,1.0
5.0,-221.27419165400704,0.0,67.8121423477663,1.580059380793634,16.0307634889034,1.0,1.0
6.0,-223.5681108465417,0.0,67.82656623817174,0.9476635465693392,15.642441903415836,1.0,1.0
7.0,-224.35884115450818,0.0,67.83728195063034,0.16355962351321798,15.560264279140457,1.0,1.0
8.0,-224.38938563266498,0.0,67.83921570872332,0.00046386735853280286,15.561066093451872,0.0,0.0
