iter,val,proj,gnorm,dnorm,xnorm,step,maxstep
1.0,50.0,0.0,72.74909253045153,13.291223645605395,15.811388300841896,0.5112376538203244,1.0
2.0,-108.36505685693498,0.0,68.31722782632134,5.833390046175903,16.593057136015886,0.5931488178371822,1.0
3.0,-163.23698588591589,0.0,66.79009944684653,3.0848788698375507,17.176558419104598,1.0,1.0
4.0,-194.15668114718576,0.0,66.04952053658359,2.300649900013939,16.747685931251652,1.0,1.0
5.0,-199.10805224634288,0.0,66.06884258812406,1.7584670087448535,15.48348645557841,1.0,1.0
6.0,-202.01454688637784,0.0,66.08154587248215,1.1706565722059945,15.051439163578657,1.0,1.0
7.0,-203.29468720278027,0.0,66.09144696973986,0.18284294670508658,14.970173452611322,1.0,1.0
8.0,-203.33021863803717,0.0,66.0940780689059,0.00012381331653970213,14.97055468898147,0.0,0.0
