iter,val,proj,gnorm,dnorm,xnorm,step,maxstep
1.0,50.00000000000006,0.0,75.53156105896262,13.779397390590136,15.811388300841896,0.5086756735464694,1.0
2.0,-122.50836256277728,0.0,70.85722201705298,6.065503773927673,16.749511897037006,0.5782697919127272,1.0
3.0,-181.89341589307685,0.0,69.2450736359005,3.139542976505022,17.487288999128047,1.0,1.0
4.0,-216.50566338032723,0.0,68.4114990508957,2.23737531295555,17.299648030696535,1.0,1.0
5.0,-221.04445170347307,0.0,68.43268100139068,1.563566255836644,16.03909728710124,1.0,1.0
6.0,-223.33054050965237,0.0,68.44500401542497,0.952925939781163,15.677242411858574,1.0,1.0
7.0,-224.10775321902446,0.0,68.45544852500672,0.14692872015584169,15.609190099345778,0.9999990600436077,1.0
8.0,-224.12980037695624,0.0,68.45691734818051,1.2338530985035429e-05,15.61095761888192,0.0,0.0
