iter,val,proj,gnorm,dnorm,xnorm,step,maxstep
1.0,50.0,0.0,77.13114418965792,13.679325916204318,15.811388300841896,0.5094910692471193,1.0
2.0,-128.9543117364758,0.0,72.39439548645846,6.000410648345244,16.713450372024408,0.5806814477457881,1.0
3.0,-192.60156661755673,0.0,70.6982872214211,3.1429014654004366,17.423834953668024,1.0,1.0
4.0,-229.92295626543998,0.0,69.79994690950959,2.206552232416197,17.311865258078807,1.0,1.0
5.0,-234.52182670206804,0.0,69.81630310233054,1.6312789600876787,16.18897771881406,1.0,1.0
6.0,-236.97816795486176,0.0,69.82885661717211,0.9961663584729233,15.808620697361295,1.0,1.0
7.0,-237.86190213630653,0.0,69.83814284279038,0.1761678664046233,15.74052729750398,1.0,1.0
8.0,-237.89499376837023,0.0,69.84002255728771,5.289724775577892e-05,15.74396201731171,0.0,0.0
