iter,val,proj,gnorm,dnorm,xnorm,step,maxstep
1.0,50.0,0.0,77.05322278792627,13.673399486014157,15.811388300841896,0.5089841485501533,1.0
2.0,-133.75546054919704,0.0,72.1464307895588,6.000832790874355,16.72889226867519,0.5799784164764458,1.0
3.0,-200.06893666660534,0.0,70.35249693184848,3.125772469901649,17.43594499180584,1.0,1.0
4.0,-239.79261566792383,0.0,69.37404050372459,2.225212454759056,17.203414474674737,1.0,1.0
5.0,-244.41979744821498,0.0,69.39071191712195,1.6641624698701671,16.03607873749635,1.0,1.0
6.0,-246.99958006682385,0.0,69.40342703522866,1.0810812526955433,15.637930822583836,1.0,1.0
7.0,-248.08091036151293,0.0,69.41274644551383,0.2043760607652739,15.560649696489376,0.9997631397716055,1.0
8.0,-248.1246570104805,0.0,69.41542769123468,0.0001799473144363301,15.56264033494883,0.0,0.0
