iter,val,proj,gnorm,dnorm,xnorm,step,maxstep
1.0,50.00000000000006,0.0,72.24774790955632,13.459105152414828,15.811388300841896,0.5104220019024872,1.0
2.0,-108.35147770530062,0.0,67.77860191701708,5.8915591422510305,16.64166808729068,0.5884495464743958,1.0
3.0,-162.21344686546757,0.0,66.2636516213235,3.102477026903884,17.27124449722755,1.0,1.0
4.0,-192.34779425456563,0.0,65.53155504706604,2.268096369844481,16.991614841936663,1.0,1.0
5.0,-197.21635579207552,0.0,65.54864039260367,1.7127834174860284,15.808576598910033,1.0,1.0
6.0,-199.96605402308722,0.0,65.56273872481287,1.0761815841372258,15.378536366103853,1.0,1.0
7.0,-201.01611964117618,0.0,65.5737797839932,0.18398013395779636,15.296716199006296,0.9999987246508257,1.0
8.0,-201.05384249460658,0.0,65.57632457151382,3.0886915518995144e-05,15.296910701322425,0.0,0.0
