iter,val,proj,gnorm,dnorm,xnorm,step,maxstep
1.0,50.0,0.0,75.62761483747718,13.543316162626164,15.811388300841896,0.5094852389390044,1.0
2.0,-122.55190601367804,0.0,70.96103060347106,5.9691555353695795,16.68087340638204,0.5816881859869453,1.0
3.0,-183.27115042714792,0.0,69.31435487164832,3.13216356195237,17.368102099330688,1.0,1.0
4.0,-218.78233114336717,0.0,68.45654774218514,2.2561941062424573,17.15218651417676,1.0,1.0
5.0,-223.48882989092863,0.0,68.47567252429307,1.6909575607890943,15.931075865979096,1.0,1.0
6.0,-226.1699551563462,0.0,68.48765568426946,1.1011562084051916,15.541651890416343,1.0,1.0
7.0,-227.28731865238456,0.0,68.49713606175983,0.1905163371994932,15.46682997058709,0.9996592498485157,1.0
8.0,-227.32777296736322,0.0,68.49953083592905,0.0012557602889534992,15.470043420085075,0.9199506676290101,1.0
9.0,-227.32778068941994,0.0,68.4995284068614,3.868436929758443e-05,15.470033128289476,0.0,0.0
