iter,val,proj,gnorm,dnorm,xnorm,step,maxstep
1.0,50.0,0.0,72.93597445708394,13.58716423187246,15.811388300841896,0.5101979965242904,1.0
2.0,-112.31926437542688,0.0,68.3989214161991,5.868270796899265,16.676475063925643,0.5905762287333932,1.0
3.0,-168.16358503226053,0.0,66.84257439457812,3.0938653075572047,17.28455503252191,1.0,1.0
4.0,-199.9497307986257,0.0,66.07500309759594,2.286912887514454,16.87209288555237,1.0,1.0
5.0,-204.88042191966443,0.0,66.09421259060892,1.6997683229788099,15.613670272934241,1.0,1.0
6.0,-207.5497656903612,0.0,66.10974705942199,1.0501932609385904,15.168927444562586,1.0,1.0
7.0,-208.50175896995339,0.0,66.12116787842082,0.16208910993428846,15.085125318173478,0.9999579328880404,1.0
8.0,-208.52870682330385,0.0,66.1231141357688,0.0002515647767677276,15.0856885328316,0.0,0.0
