iter,val,proj,gnorm,dnorm,xnorm,step,maxstep
1.0,49.99999999999994,0.0,75.85635286517406,13.708749692809695,15.811388300841896,0.5087818648591909,1.0
2.0,-125.1802080848206,0.0,71.13192071457811,5.949345721398391,16.732589317259404,0.5846464530685215,1.0
3.0,-187.27097212867932,0.0,69.44772023072721,3.134049728103322,17.3893073563469,1.0,1.0
4.0,-223.49461840649028,0.0,68.5700699855216,2.2163952174312325,17.130075490560387,1.0,1.0
5.0,-228.08576068484336,0.0,68.5882755185996,1.6350599328355222,15.932820401209625,1.0,1.0
6.0,-230.60753384995337,0.0,68.60034127445822,1.063057301914847,15.548085183498433,1.0,1.0
7.0,-231.64606708789978,0.0,68.6091835886892,0.1764721984242777,15.464077214607695,0.9980529391329528,1.0
8.0,-231.68449368694445,0.0,68.61181981222526,0.0037155022038321216,15.462076217517723,0.8574687538435508,1.0
9.0,-231.68453788823692,0.0,68.61179020431763,0.0003249836246469452,15.462066754344756,0.0,0.0
