iter,val,proj,gnorm,dnorm,xnorm,step,maxstep
1.0,50.000000000000114,0.0,72.26708059693293,13.612038030963998,15.811388300841896,0.5098707202113496,1.0
2.0,-103.99024391587403,0.0,67.92896817557194,5.793088257079989,16.687590137811537,0.5984919877477002,1.0
3.0,-155.91359729842776,0.0,66.48576744855228,3.077697064419781,17.228740000142366,1.0,1.0
4.0,-184.75580256209528,0.0,65.8114395141718,2.2872911767837247,16.655876485358927,1.0,1.0
5.0,-189.72556709268275,0.0,65.83142538089484,1.6758441915069389,15.356913805595767,1.0,1.0
6.0,-192.3093262005449,0.0,65.84824161437058,1.0340096911051437,14.89912177778525,1.0,1.0
7.0,-193.2511938902091,0.0,65.85900938990115,0.15920014421516557,14.820515140950851,0.9999988929386698,1.0
8.0,-193.27599692439057,0.0,65.86094926515062,1.6468208822599196e-05,14.82158442005064,0.0,0.0
