iter,val,proj,gnorm,dnorm,xnorm,step,maxstep
1.0,50.000000000000114,0.0,73.96264124546121,13.600846954064133,15.811388300841896,0.5100443633666779,1.0
2.0,-115.63739319518987,0.0,69.39510497187678,5.839451052143301,16.675760788861663,0.5933501485066274,1.0
3.0,-173.72087951650553,0.0,67.79724049826332,3.0764917926928623,17.259759259439203,1.0,1.0
4.0,-206.99876936793825,0.0,67.00012407177374,2.2943012609740197,16.763848360733572,1.0,1.0
5.0,-211.9686150998626,0.0,67.01920001884271,1.6795410661843027,15.485197653510532,1.0,1.0
6.0,-214.5540969078076,0.0,67.03563464844639,1.0134244898402123,15.032958839058448,1.0,1.0
7.0,-215.47992109221406,0.0,67.04580966753306,0.17795033222810538,14.960024866317655,0.9999945736166524,1.0
8.0,-215.5123419534304,0.0,67.04791541696635,4.902536156238328e-06,14.961639815317055,0.0,0.0
