iter,val,proj,gnorm,dnorm,xnorm,step,maxstep
1.0,50.0,0.0,72.66930144155646,13.489432955445514,15.811388300841896,0.5110047925699378,1.0
2.0,-109.71831632948215,0.0,68.1954716235195,5.8103410024858055,16.618910240181997,0.5943136602323957,1.0
3.0,-164.98970131918696,0.0,66.65321487740765,3.08514219907332,17.188721138307535,1.0,1.0
4.0,-196.01196932150083,0.0,65.90521366946271,2.296593732332151,16.801217197286867,1.0,1.0
5.0,-201.07256080605094,0.0,65.92183903031666,1.7248100954873802,15.58223445883203,1.0,1.0
6.0,-203.79414068511238,0.0,65.93886022017989,1.0507795079336728,15.118917609252126,1.0,1.0
7.0,-204.74242217642563,0.0,65.95094900959045,0.16444220187938952,15.031493412355596,0.9999990812179788,1.0
8.0,-204.77082974970773,0.0,65.95323688864723,6.7104731759761e-05,15.030528388764232,0.0,0.0
