iter,val,proj,gnorm,dnorm,xnorm,step,maxstep
1.0,50.000000000000114,0.0,75.14276434896577,13.693968525228374,15.811388300841896,0.5091815446709027,1.0
2.0,-120.61370348834004,0.0,70.50755350975003,5.95829285196368,16.735250083350873,0.5832455291961618,1.0
3.0,-179.84187434258376,0.0,68.89617359257915,3.1340689314080064,17.415229995926968,1.0,1.0
4.0,-214.1266006192201,0.0,68.0688450395367,2.231457337872288,17.188483779461414,1.0,1.0
5.0,-218.80521529940225,0.0,68.08711017431783,1.6621936309750664,16.00110144059057,1.0,1.0
6.0,-221.35003262702241,0.0,68.10121315185563,1.0532140795982685,15.590130829299095,1.0,1.0
7.0,-222.37971822926167,0.0,68.11033657896367,0.1660762794606166,15.518834280439444,0.9999968596057781,1.0
8.0,-222.41515097615448,0.0,68.11198009046262,2.5664576033410496e-05,15.523476003219567,0.0,0.0
