iter,val,proj,gnorm,dnorm,xnorm,step,maxstep
1.0,50.0,0.0,75.80482243238882,13.693279058078012,15.811388300841896,0.509427694367951,1.0
2.0,-129.53171012853,0.0,70.95995968292566,5.952687326491093,16.7309764904879,0.5856128116319207,1.0
3.0,-194.06302197751552,0.0,69.20696550902503,3.1118277129746184,17.39615088334268,1.0,1.0
4.0,-231.99538156861752,0.0,68.28018643405382,2.234997693159635,17.089132525410253,1.0,1.0
5.0,-236.68372835167912,0.0,68.29940620712475,1.6514299988137622,15.870695196105789,1.0,1.0
6.0,-239.22498891046413,0.0,68.31230723537448,1.0453861657605183,15.473098564150606,1.0,1.0
7.0,-240.217819568547,0.0,68.32268839610343,0.17883463715725317,15.390611844326127,1.0,1.0
8.0,-240.2498580274874,0.0,68.32521889124688,0.0011680898514900742,15.387193340735031,1.003023219601498,235.66405126513476
9.0,-240.24985871176705,0.0,68.3252193021033,3.742650148899788e-05,15.387210471896083,0.0,0.0
