iter,val,proj,gnorm,dnorm,xnorm,step,maxstep
1.0,50.000000000000114,0.0,75.42211751207996,13.657066332814585,15.811388300841896,0.5095861284304968,1.0
2.0,-128.00245863371703,0.0,70.5980958980978,5.979162855539064,16.716966067263677,0.5823193741790778,1.0
3.0,-191.3122855336914,0.0,68.87016423635168,3.126233240592935,17.40426899772026,1.0,1.0
4.0,-228.654276062071,0.0,67.95551910571817,2.19824974392778,17.14344704303469,1.0,1.0
5.0,-233.15358613234503,0.0,67.97413457303544,1.6320425034776267,15.992309351347906,1.0,1.0
6.0,-235.665833329436,0.0,67.98427554243236,1.037052183193536,15.635207510743733,1.0,1.0
7.0,-236.5845879683902,0.0,67.995261985866,0.15483117226491586,15.555617574789796,1.0,1.0
8.0,-236.61076210138467,0.0,67.99737120760263,1.1863842677451194e-05,15.552652501233844,0.0,0.0
