iter,val,proj,gnorm,dnorm,xnorm,step,maxstep
1.0,50.00000000000006,0.0,75.40161008893642,13.696589707252251,15.811388300841896,0.5097282514314216,1.0
2.0,-114.71895533827637,0.0,70.94387357098708,5.891299734333235,16.7060655867507,0.5923757764718108,1.0
3.0,-171.73349184824662,0.0,69.41406406689556,3.1031932292755666,17.31574759107922,1.0,1.0
4.0,-204.01298543050777,0.0,68.66108281660196,2.267582251792053,16.911593858892896,1.0,1.0
5.0,-208.845323055225,0.0,68.67978913711387,1.6067777963703995,15.655438967389212,1.0,1.0
6.0,-211.21573759894164,0.0,68.69357637384441,0.943246737749122,15.225891969142884,1.0,1.0
7.0,-211.98841798738457,0.0,68.70395752039715,0.1636872767713422,15.149278329207966,0.9999987168462751,1.0
8.0,-212.01416727589657,0.0,68.70579441915608,1.2862064028623274e-05,15.150703520941338,0.0,0.0
