iter,val,proj,gnorm,dnorm,xnorm,step,maxstep
1.0,50.0,0.0,75.93221943289159,13.738066579255815,15.811388300841896,0.5091748046691077,1.0
2.0,-125.14209775117496,0.0,71.21743551047555,5.934881212232665,16.735353015143584,0.5851081502197539,1.0
3.0,-187.05299301017772,0.0,69.54428660634316,3.1206712385029127,17.390145499648774,1.0,1.0
4.0,-223.28846035862057,0.0,68.67038810270056,2.2427880679191867,17.084655462047614,1.0,1.0
5.0,-227.99389609251614,0.0,68.68927027669201,1.6392918358884658,15.875212954966692,1.0,1.0
6.0,-230.48025233142292,0.0,68.70316881998676,1.0037223605604118,15.465701097236279,1.0,1.0
7.0,-231.38782180260506,0.0,68.7131045769329,0.16425147119392036,15.390216420692678,0.999995085848141,1.0
8.0,-231.4190777993377,0.0,68.71487752722231,9.401313777274731e-05,15.393573101094914,0.0,0.0
