iter,val,proj,gnorm,dnorm,xnorm,step,maxstep
1.0,50.000000000000114,0.0,76.60423994796241,13.625787940711378,15.811388300841896,0.5098750552352506,1.0
2.0,-126.37506617435679,0.0,71.90671752601385,5.892913797776833,16.690514702234296,0.5883603634502182,1.0
3.0,-189.82146538762424,0.0,70.21025390667579,3.117960115908889,17.319281977187217,1.0,1.0
4.0,-226.8108564585885,0.0,69.32468903741945,2.2491931098197013,17.01665916644557,1.0,1.0
5.0,-231.62092794250873,0.0,69.34049844025465,1.673568162515701,15.859132023019185,1.0,1.0
6.0,-234.17111374989497,0.0,69.35556044372514,1.0358197911480076,15.431736296065212,1.0,1.0
7.0,-235.14602578225467,0.0,69.36506532613711,0.16185185440328498,15.356459570586932,0.9999999063689965,1.0
8.0,-235.17507059312112,0.0,69.36708727366134,1.6686159318787241e-06,15.357072175372613,0.0,0.0
