iter,val,proj,gnorm,dnorm,xnorm,step,maxstep
1.0,50.0,0.0,74.25433835140275,13.488977962177215,15.811388300841896,0.5104630931871806,1.0
2.0,-115.82471638602351,0.0,69.7022953842891,5.841811468307517,16.654728072338713,0.5936338774983005,1.0
3.0,-174.25332030231374,0.0,68.10319870881813,3.0883196516165032,17.23432214594171,1.0,1.0
4.0,-207.79634320919104,0.0,67.30319599260433,2.2722751673555126,16.723285597086424,1.0,1.0
5.0,-212.64428589304822,0.0,67.32238977446406,1.686781008266004,15.472323537437873,1.0,1.0
6.0,-215.3269268136891,0.0,67.33560230282232,1.0694338379099741,15.049430779420359,1.0,1.0
7.0,-216.35241434916324,0.0,67.34593182824909,0.1857327842849176,14.973387932241698,0.9999997451865325,1.0
8.0,-216.3852123045754,0.0,67.34849941806638,4.466700334104407e-06,14.97305939962044,0.0,0.0
