iter,val,proj,gnorm,dnorm,xnorm,step,maxstep
1.0,50.0,0.0,73.91801807410559,13.827587367122852,15.811388300841896,0.5087941569661008,1.0
2.0,-122.40569956977993,0.0,69.14781426877461,6.029524254005684,16.778967972852765,0.5773209722002938,1.0
3.0,-181.36404104899782,0.0,67.50775301076102,3.1252251693329334,17.51721829204569,1.0,1.0
4.0,-216.05434013913927,0.0,66.65110705064413,2.2375746144869795,17.291475099469682,1.0,1.0
5.0,-220.6980965668029,0.0,66.6703224612614,1.624051743080103,16.085781942099228,1.0,1.0
6.0,-223.11895175229182,0.0,66.68463609979473,1.0023047994797996,15.689845238649214,1.0,1.0
7.0,-224.01016306502117,0.0,66.69517563866954,0.1823909774325046,15.608912567003765,1.0,1.0
8.0,-224.03580175181617,0.0,66.69778458879605,0.00014429454275701267,15.607066197678362,0.0,0.0
