iter,val,proj,gnorm,dnorm,xnorm,step,maxstep
1.0,50.00000000000006,0.0,78.14945325468503,13.684804972631673,15.811388300841896,0.5093470699619734,1.0
2.0,-134.33388855278463,0.0,73.33132450399764,6.012245570472244,16.730812189904935,0.5775749788234098,1.0
3.0,-200.47948886011136,0.0,71.58683106258425,3.143459156683479,17.458015163798734,1.0,1.0
4.0,-240.1478410318153,0.0,70.63493148558219,2.242547554970401,17.324481216775627,1.0,1.0
5.0,-244.7821296659343,0.0,70.65242596143652,1.6521303325852088,16.14344332182903,1.0,1.0
6.0,-247.30965231266296,0.0,70.66444553691392,1.0301758402007406,15.758763935908307,1.0,1.0
7.0,-248.25095041149555,0.0,70.67422339378672,0.18284138026173702,15.684149398160965,1.0,1.0
8.0,-248.2823936056155,0.0,70.67634883780703,3.142483392336511e-05,15.685852189220368,0.0,0.0
