iter,val,proj,gnorm,dnorm,xnorm,step,maxstep
1.0,50.0,0.0,73.88729595812936,13.651446348378865,15.811388300841896,0.509739570186772,1.0
2.0,-111.81026979337025,0.0,69.42317519579042,5.905581921699178,16.69836190241293,0.5868892281320545,1.0
3.0,-166.71866269865905,0.0,67.91497508418867,3.088564033416585,17.33474585368431,1.0,1.0
4.0,-198.1353863321786,0.0,67.17049948445818,2.2857402555890625,16.93171289010621,1.0,1.0
5.0,-202.97142026500347,0.0,67.19186786760987,1.6478680490259705,15.624743878200999,1.0,1.0
6.0,-205.50192243200354,0.0,67.20549622992688,1.0429745890261497,15.218769689413215,1.0,1.0
7.0,-206.49652967094266,0.0,67.21572117697097,0.157761782429019,15.135720119476817,0.9999622619653189,1.0
8.0,-206.52714182516246,0.0,67.2176437737997,2.7251148676980955e-05,15.134741432310346,0.0,0.0
