iter,val,proj,gnorm,dnorm,xnorm,step,maxstep
1.0,50.0,0.0,74.48902827937145,13.518385163267835,15.811388300841896,0.5088593469804323,1.0
2.0,-124.26879034519044,0.0,69.68619993980957,5.966986122993849,16.690985183754258,0.5828529413374275,1.0
3.0,-186.2816532430008,0.0,67.96668906158072,3.1230317829421774,17.368859032828606,1.0,1.0
4.0,-222.76534436845878,0.0,67.06943931180571,2.264874950120586,17.07851524427572,1.0,1.0
5.0,-227.53350788023377,0.0,67.08768539232108,1.7192069273158377,15.82622287572775,1.0,1.0
6.0,-230.31808640253877,0.0,67.10301855019163,1.1441732351330876,15.406153812751633,1.0,1.0
7.0,-231.53204139371778,0.0,67.11210684181387,0.2153833304129991,15.330163848294912,0.9994425077609208,1.0
8.0,-231.57278856096073,0.0,67.11519875008933,0.002700996063035915,15.332622069857798,0.7802414063999841,1.0
9.0,-231.57279905042807,0.0,67.11513997373184,2.786591236272353e-05,15.332763689243771,0.0,0.0
