iter,val,proj,gnorm,dnorm,xnorm,step,maxstep
1.0,20.0,0.0,48.897394265974945,8.604151286355359,10.0,0.5106860396968381,1.0
2.0,-53.448807250480286,0.0,45.83144004469389,3.693272069333504,10.531231547652908,0.591831832178922,1.0
3.0,-80.67336833654278,0.0,44.685803480992945,1.9777416441886013,10.901873117450922,1.0,1.0
4.0,-96.508197053732,0.0,44.07999913855089,1.4037926497467215,10.757321628689335,1.0,1.0
5.0,-98.4187142002466,0.0,44.088558390139866,1.0485941016764393,10.079942876865887,1.0,1.0
6.0,-99.4003791596327,0.0,44.09788890658098,0.6235227896203728,9.824159756870422,1.0,1.0
7.0,-99.75072782921032,0.0,44.10414739482081,0.0994135937159044,9.773404858910325,0.9999999806858222,1.0
8.0,-99.76360509926542,0.0,44.10558659501386,1.5018978682060654e-07,9.770384753311259,0.0,0.0
