iter,val,proj,gnorm,dnorm,xnorm,step,maxstep
1.0,19.99999999999997,0.0,47.2123124619267,8.305113849083755,10.0,0.5127264289860385,1.0
2.0,-44.17832492217266,0.0,44.45171945206792,3.5498010796365893,10.438771099106885,0.6128855464549164,1.0
3.0,-67.79002706631474,0.0,43.444397675460955,1.9285694678634597,10.694090036369698,1.0,1.0
4.0,-80.86627097286407,0.0,42.965327827786496,1.4752701889663145,10.235862145479489,1.0,1.0
5.0,-82.93988300022345,0.0,42.97663363860203,1.146026428197461,9.426418749442853,1.0,1.0
6.0,-84.17752476672331,0.0,42.98455881135936,0.7378620257108783,9.136459859482791,1.0,1.0
7.0,-84.67193531359496,0.0,42.992328273144075,0.13578586693027295,9.074513228661814,0.9999999995118326,1.0
8.0,-84.68781635021882,0.0,42.99420999963937,3.8826617826845195e-09,9.07815717967432,0.0,0.0
