iter,val,proj,gnorm,dnorm,xnorm,step,maxstep
1.0,20.0,0.0,46.00974568503286,8.50353632059605,10.0,0.511621460118695,1.0
2.0,-45.01981260401985,0.0,43.12851549498966,3.667368836292891,10.511110278483212,0.6002180034614987,1.0
3.0,-67.98279892124839,0.0,42.118787365991544,1.9494622508879884,10.86045226752049,1.0,1.0
4.0,-80.74790303218546,0.0,41.630994660276606,1.4291117955764225,10.584936159530969,1.0,1.0
5.0,-82.73887340518507,0.0,41.639850294998205,1.088744285411071,9.829534719282622,1.0,1.0
6.0,-83.82935546257687,0.0,41.64753572467816,0.689341828855651,9.540360177491792,1.0,1.0
7.0,-84.2303544710004,0.0,41.655208221664424,0.10087041133084411,9.487413431002267,1.0,1.0
8.0,-84.23994520919432,0.0,41.656737452151965,4.440892098500626e-16,9.486927264930266,0.0,0.0
