iter,val,proj,gnorm,dnorm,xnorm,step,maxstep
1.0,20.000000000000085,0.0,46.31206484277072,8.568330283266237,10.0,0.5103360195312404,1.0
2.0,-45.35597341704005,0.0,43.43521482019078,3.7369202863387896,10.537236265047355,0.5849014598188298,1.0
3.0,-67.74792760482381,0.0,42.449328511130716,1.9678647329931485,10.95208065033911,1.0,1.0
4.0,-80.54831112930455,0.0,41.9563651121631,1.4388591156689627,10.795186075154094,1.0,1.0
5.0,-82.51638400046888,0.0,41.966095998204295,1.0817478936941916,10.060370979523631,1.0,1.0
6.0,-83.60220749497246,0.0,41.976211506575794,0.6766677218036214,9.777638840792175,1.0,1.0
7.0,-84.02636944694466,0.0,41.9832622808679,0.12937656243868637,9.722175969193561,1.0,1.0
8.0,-84.0448539589978,0.0,41.98495272440143,1.1561255106102675e-14,9.722804941820598,0.0,0.0
