iter,val,proj,gnorm,dnorm,xnorm,step,maxstep
1.0,20.0,0.0,51.353977976421646,8.718343650028944,10.0,0.509093878502248,1.0
2.0,-55.67270172133783,0.0,48.34733125276779,3.873150645828107,10.601292232504145,0.5719587093860867,1.0
3.0,-82.68547951196558,0.0,47.264585163073185,2.0051468037317006,11.103011731669667,1.0,1.0
4.0,-99.01000972302802,0.0,46.6654209711896,1.3503214409947812,11.0972103355398,1.0,1.0
5.0,-100.69052940299441,0.0,46.676211598499435,0.9871840682077744,10.407766137264407,1.0,1.0
6.0,-101.5982409905417,0.0,46.6812600311254,0.6209843568025604,10.217830338385602,1.0,1.0
7.0,-101.92368998849287,0.0,46.686653638958056,0.12231284512689182,10.178171425483868,0.9999999986553685,1.0
8.0,-101.93609994479124,0.0,46.6884095119908,1.7935701870368774e-08,10.175084150843675,0.0,0.0
