iter,val,proj,gnorm,dnorm,xnorm,step,maxstep
1.0,20.00000000000003,0.0,49.9407607471332,8.611189864718321,10.0,0.5103754704857666,1.0
2.0,-51.110453485610435,0.0,47.04226911051197,3.715322860686158,10.534299719514891,0.5902951504205655,1.0
3.0,-76.94707477093428,0.0,45.986552749598225,1.9742328352001852,10.917309060859619,1.0,1.0
4.0,-91.90308670658803,0.0,45.43867185960653,1.4096626573772426,10.751308003635685,1.0,1.0
5.0,-93.7830910076008,0.0,45.449100733692944,1.0326797577655669,10.016580021554223,1.0,1.0
6.0,-94.745326847486,0.0,45.457347437920326,0.6152792663335508,9.768065167611152,1.0,1.0
7.0,-95.06189099491594,0.0,45.46369874208495,0.11501483418757942,9.719222155054636,1.0,1.0
8.0,-95.07174057203116,0.0,45.46494226114598,2.663613430655095e-07,9.721728703000696,0.0,0.0
