iter,val,proj,gnorm,dnorm,xnorm,step,maxstep
1.0,19.999999999994543,0.0,2496.030086504568,9.75428534443427,10.0,0.4675535469784361,1.0
2.0,-481.9935756366849,0.0,2495.360257818362,5.135896349620408,10.93060832797117,0.4806397507230529,1.0
3.0,-738.3510209153465,0.0,2495.0579440859906,2.720009761139462,12.069412574301243,0.5088591378528784,1.0
4.0,-874.0800850521191,0.0,2494.916568092294,1.4245209801593268,12.804952708177625,0.5855994547982863,1.0
5.0,-949.2424055275387,0.0,2494.842147107291,0.7655258434578207,13.226704462227302,0.9756516385761999,1.0
6.0,-1000.6061366323211,0.0,2494.793164033143,0.4584887858437489,13.494717577764488,1.0,1.0
7.0,-1002.0719469458327,0.0,2494.7893088123496,0.32237125477400536,13.456393611403737,1.0,1.0
8.0,-1002.1689958252682,0.0,2494.793146770688,0.10569365715260427,13.443801938645626,1.0,1.0
9.0,-1002.1757914803475,0.0,2494.8004018874594,0.0007650443312954291,13.443380980167266,0.0,0.0
