iter,val,proj,gnorm,dnorm,xnorm,step,maxstep
1.0,20.0,0.0,2487.453678809718,9.82899755603397,10.0,0.44348910765792143,1.0
2.0,-426.44000163345663,0.0,2486.251706068324,5.446224351476932,10.86466659096191,0.5075950457408843,1.0
3.0,-690.6819288919705,0.0,2485.5590072491605,2.8860041260413007,12.078393941807967,0.6097473150137105,1.0
4.0,-840.6929774619312,0.0,2485.3046940802687,1.2817193953473636,12.922015611374887,0.8035810149472133,1.0
5.0,-916.1164995500822,0.0,2485.192054259566,0.6030499695704314,13.335592993538146,1.0,1.0
6.0,-934.5820643797397,0.0,2485.173081410733,0.413346410820675,13.365751248423027,1.0,1.0
7.0,-934.7393483861615,0.0,2485.1771385948196,0.2542479176935583,13.328002569738517,1.0,1.0
8.0,-934.798969750389,0.0,2485.1547689535187,0.06552384546810416,13.318474059554338,0.9998926763580187,1.6753347984269449
9.0,-934.801116207138,0.0,2485.1439509925644,8.85110245965261e-05,13.317143985869757,0.0,0.0
