iter,val,proj,gnorm,dnorm,xnorm,step,maxstep
1.0,20.0,0.0,2501.5248390255892,9.753268485999962,10.0,0.4581609080754913,1.0
2.0,-452.30380525226974,0.0,2500.4812509863614,5.306611204206177,10.902148567963742,0.4859536540317158,1.0
3.0,-704.8422313038482,0.0,2499.9590387109984,2.7806668315284355,12.100748108311766,0.5190497398330455,1.0
4.0,-837.9097854142437,0.0,2499.6494043619205,1.4323957310413962,12.88006730615789,0.5999782568497101,1.0
5.0,-910.2707156906017,0.0,2499.475237304227,0.7443010160164113,13.321371122376728,0.9835319884025056,1.0
6.0,-957.206384699819,0.0,2499.3610343093324,0.44759532898306365,13.586146349996309,1.0,1.0
7.0,-958.1738416090193,0.0,2499.35954907958,0.3331671715179831,13.550519177923285,1.0,1.0
8.0,-958.2843267162752,0.0,2499.3552486775075,0.08207586675008154,13.54254209780471,0.9999909954015804,1.0
9.0,-958.2894154819642,0.0,2499.3571728030515,3.161705401805211e-05,13.54173089092033,0.0,0.0
