iter,val,proj,gnorm,dnorm,xnorm,step,maxstep
1.0,20.0,0.0,2500.7828102268295,9.77809286997792,10.0,0.47158290460990654,1.0
2.0,-496.4469986155218,0.0,2500.344125047424,5.294660957338866,10.960886688841235,0.5277513812150096,1.0
3.0,-782.4551923240342,0.0,2500.280921120074,2.540337718244651,12.289947766665898,0.5511120285915623,1.0
4.0,-918.1727545505819,0.0,2500.244831256554,1.2218669828417645,13.079309063274563,0.6546288204009301,1.0
5.0,-989.2026792136439,0.0,2500.2207480602174,0.6165009644417093,13.499982670423126,1.0,1.0
6.0,-1026.43045861696,0.0,2500.1960984888738,0.3774261449997124,13.690399101728666,1.0,1.0
7.0,-1026.5607051024253,0.0,2500.1836660093313,0.24571174343511734,13.658198766545846,1.0,1.0
8.0,-1026.6170917779982,0.0,2500.1864171202565,0.016550004246359346,13.654302852684882,0.9999999999999998,1.0
9.0,-1026.6176688482992,0.0,2500.186211209248,3.469446951953614e-18,13.654297380751498,0.0,0.0
