iter,val,proj,gnorm,dnorm,xnorm,step,maxstep
1.0,20.0,0.0,2508.2495169627764,9.80904082976516,10.0,0.49031714933868326,1.0
2.0,-544.6358145915474,0.0,2507.545047087355,4.911725036416682,11.041144496357777,0.5122731297141255,1.0
3.0,-826.6164731097724,0.0,2507.271287375012,2.5515518181997123,12.24746816061287,0.5916394547579276,1.0
4.0,-980.508188956188,0.0,2507.2635050272534,1.1737415929086594,13.029264582247365,0.7622299523746574,1.0
5.0,-1060.097799927109,0.0,2507.2606703389565,0.6042471087796936,13.44212693288359,1.0,1.0
6.0,-1084.9381768422318,0.0,2507.255898821719,0.4134963783525515,13.526709223521225,1.0,1.0
7.0,-1085.1033880386112,0.0,2507.255921685138,0.23095938824914664,13.495291117827527,1.0,1.0
8.0,-1085.1506460018081,0.0,2507.2687963590274,0.01544533683054273,13.490905990453207,1.000010505212139,1.422548009279464
9.0,-1085.1507652822966,0.0,2507.2688295730845,1.565992240502938e-05,13.490764646605681,0.0,0.0
