iter,val,proj,gnorm,dnorm,xnorm,step,maxstep
1.0,29.999999999992724,0.0,4327.275469020664,8.59120770759269,8.660254037844387,0.47000147768381223,1.0
2.0,-733.6080755030489,0.0,4326.4063221909455,4.649305598956469,9.519955637384498,0.5572725203543635,1.0
3.0,-1197.6316814027741,0.0,4326.010394201125,2.1725822480641366,10.766150416159832,0.6382462345668836,1.0
4.0,-1428.6613731627913,0.0,4325.8166644576995,0.9431121041564178,11.53249802359674,0.8893657336475649,1.0
5.0,-1544.173196426531,0.0,4325.710728225824,0.29059116651569444,11.929614324008572,1.0,1.0
6.0,-1558.5303229035271,0.0,4325.727054121122,0.0368874639606266,11.97146225599774,1.0,1.0
7.0,-1558.5325994025297,0.0,4325.72887863956,0.01569371168240385,11.970232191941232,0.9999975776165022,8.686257289536034
8.0,-1558.532722548498,0.0,4325.731611294968,7.886706390840014e-07,11.970625927449237,0.0,0.0
