iter,val,proj,gnorm,dnorm,xnorm,step,maxstep
1.0,30.000000000003638,0.0,4321.261450937909,8.593501538953722,8.660254037844387,0.4105155043954029,1.0
2.0,-656.479941185069,0.0,4320.188799328791,5.117513517243466,9.319234477514684,0.46700073570537065,1.0
3.0,-1101.2512737369907,0.0,4319.540714406722,2.868372946720292,10.386745026350281,0.5401733709998509,1.0
4.0,-1369.9004969906273,0.0,4319.189778930629,1.4345756537638779,11.233185664777261,0.6428098287461613,1.0
5.0,-1515.1909393851674,0.0,4319.050348056852,0.6253978028952287,11.735648884152262,0.8703821853336873,1.0
6.0,-1585.057673137766,0.0,4318.999913225108,0.1667798291814286,11.981005392353389,1.0,1.0
7.0,-1595.441894597414,0.0,4318.999479596734,0.018434691799129068,12.011568688699393,0.9318230909670854,2.3618617962330752
8.0,-1595.4420529317977,0.0,4319.000998188752,0.0025780893655825143,12.010284560081072,0.9293195500103524,176.34494649875379
9.0,-1595.442056020176,0.0,4319.000913298685,0.0005976851262555946,12.010213767130447,0.0,0.0
