iter,val,proj,gnorm,dnorm,xnorm,step,maxstep
1.0,30.0,0.0,4327.457211867033,8.54123676701472,8.660254037844387,0.4427756741568579,1.0
2.0,-698.9937520165549,0.0,4326.314826865924,4.845295247889809,9.391854040259641,0.4951819362721132,1.0
3.0,-1138.2570747242498,0.0,4325.679705864598,2.5283376406876847,10.491628206035626,0.5431836215101857,1.0
4.0,-1376.7579390245446,0.0,4325.3474429987955,1.2635615141301697,11.24870427681647,0.6614054791037873,1.0
5.0,-1508.0634732307153,0.0,4325.165519554705,0.5530365568568592,11.696764809533196,0.9527143071677632,1.0
6.0,-1571.792166407642,0.0,4325.0736553338265,0.1306453707394145,11.918318705923985,1.0,1.0
7.0,-1574.957447543744,0.0,4325.067671938668,0.004966315199499438,11.923257879151363,0.9999999999253142,31.5768144932851
8.0,-1574.957459875899,0.0,4325.067667270059,1.5088435134234713e-11,11.922933639424082,0.0,0.0
