iter,val,proj,gnorm,dnorm,xnorm,step,maxstep
1.0,30.000000000007276,0.0,4350.856916170423,8.598326786980957,8.660254037844387,0.46707906832502977,1.0
2.0,-730.2723835438046,0.0,4349.448840761838,4.619071258022269,9.516080639092689,0.5022926953554986,1.0
3.0,-1151.1746091493842,0.0,4348.764092910792,2.3828595634070258,10.632252808250408,0.5667932314361485,1.0
4.0,-1383.177888190512,0.0,4348.369074105783,1.1799515812839092,11.378910142649945,0.7522989776463715,1.0
5.0,-1515.328113480511,0.0,4348.151974756951,0.5258040422681164,11.817038952613702,1.0,1.0
6.0,-1558.7274828360496,0.0,4348.124175218736,0.11821727611124982,11.940818408363148,1.0,1.0
7.0,-1558.7388784181057,0.0,4348.136647507901,0.0025603491055098565,11.93275451934322,1.0943191028600185,58.76558883792155
8.0,-1558.7388820049237,0.0,4348.136762946154,0.0003188613397173436,11.93280650952861,0.0,0.0
