iter,val,proj,gnorm,dnorm,xnorm,step,maxstep
1.0,30.000000000003638,0.0,4330.716386719869,8.583805963762776,8.660254037844387,0.4625483453282586,1.0
2.0,-738.7218331655058,0.0,4329.964363022282,4.679613056365898,9.489659589079114,0.5276990048333179,1.0
3.0,-1194.631271583843,0.0,4329.468924887895,2.357460660096151,10.663324602696095,0.6151027186041689,1.0
4.0,-1441.1262677336745,0.0,4329.18966669091,1.0588273661935328,11.451569122085054,0.8335734545525346,1.0
5.0,-1568.5448663002571,0.0,4329.067554436307,0.36757155591284346,11.880267171917044,1.0,1.0
6.0,-1593.9431613287088,0.0,4329.0782547585595,0.05650339427528131,11.955775369678484,1.0,1.0
7.0,-1593.9465702000998,0.0,4329.082194333188,0.00019656787293962215,11.952766564811238,0.0,0.0
