iter,val,proj,gnorm,dnorm,xnorm,step,maxstep
1.0,30.0,0.0,4332.107436200076,8.57525497532825,8.660254037844387,0.49783955082339487,1.0
2.0,-774.8773099727659,0.0,4331.065098604402,4.373864471094373,9.609228904708916,0.5538405495099934,1.0
3.0,-1209.7434268496836,0.0,4330.596688354642,2.087780093436943,10.80853353271709,0.6552474403966351,1.0
4.0,-1435.4254930643365,0.0,4330.37493167113,0.8869767427629442,11.553629291414495,0.9277921995933824,1.0
5.0,-1544.7273052418386,0.0,4330.287708457139,0.2683439539650732,11.930668218902735,1.0,1.0
6.0,-1553.2505083671567,0.0,4330.29742452743,0.019141620740821007,11.94989553900583,1.0,1.0
7.0,-1553.2515000253625,0.0,4330.299369283693,0.00010717400942124063,11.949111377179735,0.0,0.0
