iter,val,proj,gnorm,dnorm,xnorm,step,maxstep
1.0,29.999999999996362,0.0,4340.208730601559,8.574546185409131,8.660254037844387,0.4720778494478257,1.0
2.0,-712.4563203909383,0.0,4339.042842837421,4.594116784461503,9.516304919698818,0.5216741469381395,1.0
3.0,-1130.6517229974888,0.0,4338.465129470113,2.3091495863210563,10.67309119991966,0.5951493849228962,1.0
4.0,-1354.5581600283622,0.0,4338.194951344587,1.0805648587124994,11.430386828137417,0.7938553528264739,1.0
5.0,-1474.3424778870503,0.0,4338.085885738016,0.4227384917006782,11.851315451660483,1.0,1.0
6.0,-1505.3700229911992,0.0,4338.088545896456,0.06601722840276456,11.945752622312643,0.9989283438954427,1.0
7.0,-1505.3729592513373,0.0,4338.099681067035,0.0006908148469095927,11.93969484318452,0.0,0.0
