iter,val,proj,gnorm,dnorm,xnorm,step,maxstep
1.0,29.999999999996362,0.0,4331.900788926727,8.56799359653532,8.660254037844387,0.45003127577903135,1.0
2.0,-678.6068529073564,0.0,4330.173049549846,4.748640779557175,9.43276584717783,0.49198368124310105,1.0
3.0,-1089.6834963323563,0.0,4329.268562126342,2.5480248126490155,10.517880367897046,0.5700008116988877,1.0
4.0,-1326.8750485896708,0.0,4328.823075218823,1.271339276639126,11.290509438447993,0.8030871514211485,1.0
5.0,-1469.0971999282592,0.0,4328.632723080243,0.5106692420001259,11.768319344161485,1.0,1.0
6.0,-1503.8890133442037,0.0,4328.6318583899065,0.11563114566157413,11.86403200045528,0.8948804508827398,1.0
7.0,-1503.8957045183233,0.0,4328.647215012421,0.033114220548128584,11.860336008559775,0.5713495847652204,1.0
8.0,-1503.8960666436942,0.0,4328.648533844953,0.008892423829187483,11.859217094403485,1.0,1.0
9.0,-1503.8961596381014,0.0,4328.649287357176,0.007260981781693469,11.85912963853031,2.863285212135848,9.633399592638037
10.0,-1503.8962351169903,0.0,4328.649412812095,0.015118206883868621,11.858803761559754,0.6239219481500852,1.2543692464238048
11.0,-1503.8963064187883,0.0,4328.649288519424,0.006859160231695609,11.859204186685298,2.8632834007960914,3.602001686086239
12.0,-1503.8963737747727,0.0,4328.64940727303,0.005454176076367831,11.858930064656494,0.625197197475388,1.0
13.0,-1503.896396186905,0.0,4328.649362388395,0.0010770166097440537,11.859059633507188,0.5202738600567193,1.0
14.0,-1503.8963995012418,0.0,4328.649354285293,0.00033299692151024903,11.859084302594887,0.0,0.0
