iter,val,proj,gnorm,dnorm,xnorm,step,maxstep
1.0,29.999999999996362,0.0,4330.904532883402,8.58259021945007,8.660254037844387,0.44248393983379725,1.0
2.0,-678.4251627610101,0.0,4329.726005022989,4.820434563018012,9.416309719770258,0.49012594965055695,1.0
3.0,-1100.7786900577703,0.0,4329.084659743324,2.6036342978082856,10.505266861427755,0.5649570590983997,1.0
4.0,-1344.1677239268465,0.0,4328.718152089685,1.2598342143419052,11.27765013322937,0.6929356241663289,1.0
5.0,-1472.6715216442863,0.0,4328.514701132139,0.5811269637799025,11.713869278970865,1.0,1.0
6.0,-1529.3707166427594,0.0,4328.469437091097,0.1723535513257179,11.896560048886684,0.6645431849891219,1.0
7.0,-1529.3822766054764,0.0,4328.471086621892,0.059068366423479984,11.892097206941392,0.7986111843685794,1.0
8.0,-1529.3841934898664,0.0,4328.477998125944,0.027529013536533458,11.889763162888565,0.9629487270369258,1.0
9.0,-1529.3846994021042,0.0,4328.4771534618585,0.024506329093129896,11.889640891714985,1.0,1.0
10.0,-1529.3850322677026,0.0,4328.478863689567,0.02347143041386583,11.889561537514123,1.1722847265298075,13.48244050177391
11.0,-1529.3853551782267,0.0,4328.477101529746,0.026102180552187767,11.889996699438555,0.916472479854792,1.3183956175659792
12.0,-1529.3856673855043,0.0,4328.478889895097,0.022693440878928384,11.889951337982197,1.1722847213528744,5.980798501075001
13.0,-1529.3859692442747,0.0,4328.477186063739,0.008632436925702607,11.890432667898663,0.7318729502853627,1.0
14.0,-1529.3860996178191,0.0,4328.477712934384,0.005816028459157844,11.890411620824244,1.0,1.0
15.0,-1529.386163706844,0.0,4328.477496579642,0.002153857452846828,11.890518143515813,0.9998654756310951,120.29875596948905
16.0,-1529.3861660260518,0.0,4328.477346476138,7.818165245868482e-06,11.890560852226637,0.0,0.0
