iter,val,proj,gnorm,dnorm,xnorm,step,maxstep
1.0,30.0,0.0,4330.226328392547,8.543376715452014,8.660254037844387,0.4774658528129932,1.0
2.0,-754.8902748899236,0.0,4329.208996619521,4.539049721337698,9.513781138041603,0.5342664397818421,1.0
3.0,-1198.8502376488323,0.0,4328.633123443606,2.2682902942311918,10.672959057665826,0.6323354442935222,1.0
4.0,-1439.3195430316373,0.0,4328.349482525352,0.9850758958579415,11.442050409775545,0.851578851360705,1.0
5.0,-1557.3536894782737,0.0,4328.210918110777,0.32389475239100096,11.839629434982403,1.0,1.0
6.0,-1577.8953151868664,0.0,4328.195560737053,0.0620272426154979,11.894924349355382,1.0,1.0
7.0,-1577.8985335443904,0.0,4328.200545737847,0.0008446724293196881,11.892161174152767,0.0,0.0
