iter,val,proj,gnorm,dnorm,xnorm,step,maxstep
1.0,30.0,0.0,4339.338801238041,8.559716815028892,8.660254037844387,0.46115439512403755,1.0
2.0,-739.6975953219953,0.0,4338.269673483745,4.668337234023438,9.466911952288394,0.5110103489289467,1.0
3.0,-1184.29659364076,0.0,4337.669196061134,2.4311378542153816,10.590139039796773,0.6017782121365811,1.0
4.0,-1435.7447721854842,0.0,4337.38900731724,1.1276311772373777,11.371694944224524,0.7994808739659539,1.0
5.0,-1567.5352656038485,0.0,4337.268862381098,0.39988951427884695,11.80747344469497,1.0,1.0
6.0,-1600.500786732413,0.0,4337.23595167104,0.08169137253948437,11.90839469929637,1.0,1.0
7.0,-1600.5053810831814,0.0,4337.2365721374135,9.190170920535585e-06,11.904912442345292,0.0,0.0
