iter,val,proj,gnorm,dnorm,xnorm,step,maxstep
1.0,30.0,0.0,4337.582123782788,8.599017661380906,8.660254037844387,0.461001835209138,1.0
2.0,-679.805266928317,0.0,4336.490278532228,4.668945224392625,9.49516230728634,0.5142035064743884,1.0
3.0,-1091.3302970462937,0.0,4335.891099551879,2.426304878644617,10.62447488854523,0.6017115680066972,1.0
4.0,-1320.7434190098102,0.0,4335.595627697049,1.1061143299561693,11.395343428267646,0.7936515989371802,1.0
5.0,-1440.0319276925402,0.0,4335.442067250539,0.4158289391496229,11.818564967205438,1.0,1.0
6.0,-1470.9576267482807,0.0,4335.407401239502,0.05875399310129131,11.91588498000232,0.9986128489272149,1.746103394549622
7.0,-1470.9593503698816,0.0,4335.408406846914,0.0006990580078783255,11.911376965975604,0.0,0.0
