iter,val,proj,gnorm,dnorm,xnorm,step,maxstep
1.0,29.999999999996362,0.0,4339.132302952285,8.581220455156714,8.660254037844387,0.4547014994610737,1.0
2.0,-723.9710143226803,0.0,4337.899798335082,4.702869225009618,9.459562762498269,0.48955370258195935,1.0
3.0,-1151.748864815665,0.0,4337.2443918706185,2.541987489695529,10.556060511934046,0.5821626437857226,1.0
4.0,-1406.6910675200015,0.0,4336.8251876052445,1.1842517310119933,11.353333979102121,0.7253443250802345,1.0
5.0,-1538.0899157249041,0.0,4336.606701634002,0.48171971854114176,11.785710984364902,1.0,1.0
6.0,-1587.6618261835283,0.0,4336.532092420147,0.1132277931987814,11.933235120568558,0.999880659452656,1.0
7.0,-1587.669885067673,0.0,4336.535228343901,5.557744403729588e-05,11.922597704436049,0.0,0.0
