iter,val,proj,gnorm,dnorm,xnorm,step,maxstep
1.0,30.0,0.0,4326.307852869234,8.561907758503141,8.660254037844387,0.4291551386411258,1.0
2.0,-688.1488845321692,0.0,4325.046045604984,4.972567477819572,9.360028405566894,0.4886590670380534,1.0
3.0,-1139.5866746367974,0.0,4324.43778353403,2.6608318816660557,10.464118595619897,0.5507409572892451,1.0
4.0,-1394.6472845132594,0.0,4324.154562890371,1.29879754603012,11.263055406658006,0.6507733381222042,1.0
5.0,-1528.5967604495527,0.0,4324.030514487668,0.5675930597263386,11.721224743588417,0.9018900090687292,1.0
6.0,-1593.0938228412851,0.0,4323.973666010566,0.14541495253058612,11.947386641603176,1.0,1.0
7.0,-1600.1012674774101,0.0,4323.971916654535,0.012327780720122519,11.96788628229806,1.0171083280477082,10.656560068287831
8.0,-1600.1013447644946,0.0,4323.972384146586,0.0004726838192607636,11.967262225722537,0.0,0.0
