iter,val,proj,gnorm,dnorm,xnorm,step,maxstep
1.0,79.99999999998545,0.0,3544.7662529063887,27.24005773568004,28.284271247461902,0.45455644496325415,1.0
2.0,-1733.3203657911872,0.0,3542.966145972099,14.999274596023131,30.743247838575243,0.5617209636927155,1.0
3.0,-2796.4618217736934,0.0,3542.0121125087235,7.3456947667284105,34.462895837067094,0.6115967805551581,1.0
4.0,-3265.989107153393,0.0,3541.773668448473,3.6921685559983812,36.496073683007936,0.5057890442545638,1.0
5.0,-3412.706181058944,0.0,3541.5093229981676,2.325128716146691,37.09889198783848,0.579997423030599,1.0
6.0,-3494.919379142455,0.0,3541.533549615715,1.8222158312310093,37.374784816307745,0.5442256004684979,1.0
7.0,-3527.6825967737022,0.0,3541.4279331983817,1.5576851331124122,37.40391875734638,0.6893060986468551,1.0
8.0,-3546.8711041713905,0.0,3541.5078977164712,1.5246279655135528,37.34118615472411,0.5261180421398787,1.0
9.0,-3551.9936430860034,0.0,3541.452467389868,1.2523076046878268,37.255907889544936,1.0,1.0
10.0,-3556.7924819915206,0.0,3541.5099928993272,1.6173559606790273,37.12385010613124,0.4096610466450245,1.0
11.0,-3557.3824807985147,0.0,3541.4918774677917,0.9782693611147821,37.065734696815966,1.0,1.0
12.0,-3558.0303761681644,0.0,3541.469302980956,1.2615026840304098,36.992429587668205,0.42976645414044257,1.0
13.0,-3558.406095984552,0.0,3541.493394025956,0.8027594076115586,36.95751691727644,1.0,1.0
14.0,-3558.840429811942,0.0,3541.4904982043363,0.9803279180436725,36.92434549122693,0.42172537677947314,1.0
15.0,-3559.079155031868,0.0,3541.501697675303,0.5453447471982927,36.90652978834003,1.0,1.0
16.0,-3559.3380289318156,0.0,3541.4837953519564,0.44414575529478095,36.89753898739162,0.42554784551178376,1.0
17.0,-3559.3992479690933,0.0,3541.488727778709,0.1701552856248363,36.89199604923426,1.0,1.0
18.0,-3559.443515212326,0.0,3541.485488310353,0.07166833794856413,36.890654278370796,0.9193298130520395,1.0
19.0,-3559.4469651139443,0.0,3541.4845904368735,0.051422704240026755,36.89028439763238,1.0,1.0
20.0,-3559.448600692551,0.0,3541.4834649162913,0.004519199984722065,36.89214886959427,1.0000722632678964,127.37552716664833
21.0,-3559.448610904932,0.0,3541.48336008784,3.885436474163469e-05,36.89230584314257,0.0,0.0
