iter,val,proj,gnorm,dnorm,xnorm,step,maxstep
1.0,79.99999999998545,0.0,3535.312310323658,27.001549325918315,28.284271247461902,0.45883557563765026,1.0
2.0,-1824.678705101942,0.0,3533.2123627551528,14.660329253727484,30.721533423192636,0.5403226380362857,1.0
3.0,-2886.404001662406,0.0,3532.644041418065,7.3220152416382,34.191429458322105,0.580067608177982,1.0
4.0,-3372.5699242921037,0.0,3532.909849429344,3.8004632620050955,36.16070265928186,0.4803576469943639,1.0
5.0,-3536.509549528302,0.0,3532.6368783612,2.4114438179775175,36.78670288412399,0.539585018319864,1.0
6.0,-3631.2594967403857,0.0,3532.752391839197,1.8994263156631277,37.09483139729016,0.623323915586823,1.0
7.0,-3681.7162847899162,0.0,3532.5998417207907,1.6711695018794266,37.165625774493044,0.5799676443863899,1.0
8.0,-3700.0316850804447,0.0,3532.734137596731,1.4169160998991421,37.10202586579639,0.9536723033696783,1.0
9.0,-3713.09871107903,0.0,3532.601564497958,1.5795832499066753,36.95573950992867,0.5370730265724487,1.0
10.0,-3714.2873194356216,0.0,3532.710692085867,1.0590052023351648,36.8648845919223,1.0,1.0
11.0,-3715.53129858584,0.0,3532.6509738377977,0.9846736941409618,36.740508495884846,1.0,1.0
12.0,-3716.223274649383,0.0,3532.6796074228687,1.0193445581715348,36.66827102514262,0.6781433889813923,1.0
13.0,-3716.6020552953414,0.0,3532.6508408921422,0.7557949787235111,36.62748678525658,0.7291445293406503,1.0
14.0,-3716.893075712993,0.0,3532.631227428744,0.6064122266569402,36.61381023260762,0.6591403655990873,1.0
15.0,-3717.0486439889064,0.0,3532.6301396341,0.3790797450526958,36.59987037049926,0.6580976293117593,1.0
16.0,-3717.136918970944,0.0,3532.6189022920294,0.2237358572865532,36.59848417010653,0.9900616939862225,1.0
17.0,-3717.1882265520617,0.0,3532.6197368690987,0.08977043408111006,36.593212939009824,0.5809615348447172,1.0
18.0,-3717.195514595267,0.0,3532.6179711046884,0.024979918773875606,36.59405826464558,1.0,1.0
19.0,-3717.198896633454,0.0,3532.6172141580505,0.01390608955235104,36.59405918258599,1.002645179055936,48.995546572207
20.0,-3717.1989935788515,0.0,3532.6175069016635,0.0005323115470280334,36.593685644327074,0.0,0.0
