iter,val,proj,gnorm,dnorm,xnorm,step,maxstep
1.0,79.99999999999272,0.0,3537.2567321646306,27.36018896236534,28.284271247461902,0.481152630606745,1.0
2.0,-2001.2261636442709,0.0,3533.010719331715,14.459219982509394,31.0883497510027,0.5882419459779713,1.0
3.0,-3163.891294470188,0.0,3531.5244028377188,6.445911988667215,34.98115406850212,0.6729551307138107,1.0
4.0,-3674.3308507982947,0.0,3531.050452108786,2.51994631660225,37.06185674515081,0.7407026266768232,1.0
5.0,-3852.4355875102483,0.0,3530.9254336734302,1.4936633180803722,37.710807101971504,0.8240225069223529,1.0
6.0,-3904.0855114874284,0.0,3530.8431891703717,1.442815923979845,37.731782733784314,0.8481905840749255,1.0
7.0,-3914.126244111081,0.0,3530.863671839645,1.3063526623365898,37.59337272863948,0.8445535412623305,1.0
8.0,-3916.3929013136585,0.0,3530.8163701645276,1.1594246391201806,37.459139737918186,1.0,1.0
9.0,-3917.462788653924,0.0,3530.8490032091927,1.08454910457786,37.346841330854566,0.8218882891217973,1.0
10.0,-3918.012052738479,0.0,3530.8185607803,0.8390651637068809,37.27206747981352,0.9963411455906266,1.0
11.0,-3918.4415507542726,0.0,3530.842912034316,0.8515926310488093,37.233749418961175,0.7430510124251607,1.0
12.0,-3918.716923084263,0.0,3530.8347387834297,0.5278355952164313,37.210983568695944,1.0,1.0
13.0,-3918.9640331864503,0.0,3530.860007376938,0.4113897968941063,37.20183887946684,0.9577766751743195,1.0
14.0,-3919.056544643703,0.0,3530.8704582598857,0.09925888034419704,37.195973382256156,0.6536225037383752,1.0
15.0,-3919.065050117344,0.0,3530.8726715701387,0.016506332238880397,37.196056479592784,1.0,1.0
16.0,-3919.067676644583,0.0,3530.8731552192203,0.007589388216033941,37.195998788212606,0.8336845391365131,19.04272917835299
17.0,-3919.0677006542173,0.0,3530.873031610531,0.001262634383698597,37.195974307508855,1.255914664267158,259.2143371983034
18.0,-3919.067701655389,0.0,3530.8730516098685,0.00032281099175480613,37.19598012711325,0.0,0.0
