iter,val,proj,gnorm,dnorm,xnorm,step,maxstep
1.0,79.99999999999272,0.0,3534.6366257930954,27.3764008040989,28.284271247461902,0.45954379190937455,1.0
2.0,-1941.833048305547,0.0,3532.1310021927156,14.986318611201257,30.847617843740277,0.5567314918596146,1.0
3.0,-3104.6024381487805,0.0,3531.305537078346,7.18740528136687,34.64053809087402,0.6572606247945871,1.0
4.0,-3668.936428559391,0.0,3530.971020666709,2.6729292817556796,36.982291033855496,0.8013301551350496,1.0
5.0,-3895.823304858837,0.0,3530.9010928558528,1.2158419707090198,37.861230584234356,1.0,1.0
6.0,-3952.200775545869,0.0,3530.8391721118055,1.012500648872004,37.86802662734463,1.0,1.0
7.0,-3953.1433773805984,0.0,3530.857666929427,0.896068853797119,37.65887841889666,1.0,1.0
8.0,-3953.9359298181807,0.0,3530.8419751518595,0.8052968927773897,37.538405574788634,1.0,1.0
9.0,-3954.5753312878805,0.0,3530.8391521892486,0.6981821655294743,37.4487493719106,1.0,1.0
10.0,-3955.043745034418,0.0,3530.8400005594453,0.5855226834255101,37.3957223679614,1.0,1.0
11.0,-3955.3685934624955,0.0,3530.8398000656525,0.4470247871552053,37.36846686630164,1.0,1.0
12.0,-3955.569643774921,0.0,3530.841426446466,0.2516643892825515,37.35977110765853,1.0,1.0
13.0,-3955.615235647412,0.0,3530.8489806295875,0.0063663390903856785,37.35693881011172,0.8671533199044758,169.02572621729436
14.0,-3955.6152532203487,0.0,3530.848963709858,0.001771700507098926,37.35713596255093,1.1981368361030968,283.73140196741787
15.0,-3955.6152551008126,0.0,3530.848968334339,0.0006852672001029639,37.357116878309625,0.0,0.0
