iter,val,proj,gnorm,dnorm,xnorm,step,maxstep
1.0,2.0,0.0,46.602365047297766,0.9807964003540023,0.9999999999999999,0.5439539327674097,1.0
2.0,-7.397542448560381,0.0,46.20185134736555,0.45761372871539086,1.085994637189779,0.5928048355337636,1.0
3.0,-11.882854611912494,0.0,46.010900408043625,0.2014047721043894,1.204210803851272,0.6889502234951271,1.0
4.0,-13.96550721892087,0.0,45.92289239769624,0.07624437651805152,1.2682440507279935,0.8663991120118536,1.0
5.0,-14.773424867059612,0.0,45.889286573690654,0.019619526432596335,1.2907493610992122,1.0,1.0
6.0,-14.897656490631629,0.0,45.88437397436129,0.0018487317565815784,1.2919163051744182,1.0000000000000002,4.131511124601992
7.0,-14.89765819953619,0.0,45.88441250897952,0.0,1.291526060197527,0.0,0.0
