iter,val,proj,gnorm,dnorm,xnorm,step,maxstep
1.0,2.0,0.0,46.96702558180367,0.9877288426823765,1.0,0.5508690157370989,1.0
2.0,-8.015584502389107,0.0,46.54341534414068,0.4520290132175043,1.08782430910784,0.5897594405529802,1.0
3.0,-12.647588517903902,0.0,46.347322087408216,0.19353608394735045,1.207864630644151,0.6429649131366392,1.0
4.0,-14.68199839461854,0.0,46.2614319005724,0.07646690896991538,1.2711189779329983,0.7269057397772113,1.0
5.0,-15.496734701620708,0.0,46.22721364383518,0.025809458543446698,1.2970001952056505,0.8541748105195451,1.0
6.0,-15.757350765968573,0.0,46.216366793982914,0.0059092941367376835,1.3047843360936247,0.9979091436038928,1.0
7.0,-15.801698146743778,0.0,46.21455954507406,0.00045753305580799824,1.305815289060268,0.0,0.0
