iter,val,proj,gnorm,dnorm,xnorm,step,maxstep
1.0,2.0000000000000036,0.0,46.106046067751244,0.9772349973266411,1.0,0.5373229542242877,1.0
2.0,-6.394479441920783,0.0,45.744637516097434,0.45905127676183655,1.086396519888674,0.5884489799325937,1.0
3.0,-10.462697597889022,0.0,45.570147710389534,0.20626775477991974,1.2008755173162915,0.691258549464989,1.0
4.0,-12.388616788375199,0.0,45.48829782246971,0.07851307123925037,1.2647446904558028,0.8690527953774688,1.0
5.0,-13.129126513965485,0.0,45.4573712796565,0.02022352561923872,1.2876362163577841,1.0,1.0
6.0,-13.240337729375526,0.0,45.45298232898244,0.0018401614747803117,1.289161982335651,0.9999999999137499,4.8373872535462255
7.0,-13.240339422472651,0.0,45.453020927535306,8.907275774964125e-13,1.2888400650881704,0.0,0.0
