iter,val,proj,gnorm,dnorm,xnorm,step,maxstep
1.0,2.0000000000000036,0.0,49.78846171556217,0.9863612868697221,1.0,0.5466745902479748,1.0
2.0,-7.7284310547115105,0.0,49.40040200121697,0.45791884297783614,1.0886350909554479,0.5855137210476066,1.0
3.0,-12.26751537459048,0.0,49.21928683632803,0.19814638171192575,1.210746977511045,0.6311284686955528,1.0
4.0,-14.257246308368355,0.0,49.14005812290653,0.07956688024287446,1.2767350029968325,0.7012192325295196,1.0
5.0,-15.065886619859109,0.0,49.108003342316664,0.027448919453743108,1.3047123386869426,0.7961347623332754,1.0
6.0,-15.339241156744807,0.0,49.0972387398186,0.007270313967574105,1.3138936092191256,0.914765661729326,1.0
7.0,-15.403190703286342,0.0,49.09474750571407,0.0011252371822717986,1.3158227221503596,1.0,1.0
8.0,-15.409147009598733,0.0,49.0945224602205,5.364132698949969e-05,1.3159370757956732,0.0,0.0
