iter,val,proj,gnorm,dnorm,xnorm,step,maxstep
1.0,2.0,0.0,46.47271476900397,0.9849871826577238,1.0,0.5567290830566054,1.0
2.0,-6.885315927004324,0.0,46.09422063044211,0.441454603686063,1.0835252940662958,0.6002196612429512,1.0
3.0,-10.949593824404646,0.0,45.92146095736883,0.18894125220798136,1.1980317805707705,0.6793940648542056,1.0
4.0,-12.752680458063008,0.0,45.84529638536635,0.07286672346545967,1.2581986590727094,0.8242340995693219,1.0
5.0,-13.4480291528253,0.0,45.81627830446792,0.020420786253556346,1.281041986340154,1.0,1.0
6.0,-13.595815613989144,0.0,45.81029584222385,0.0021434883864013244,1.2847263119253622,1.0,6.23479692866035
7.0,-13.595817911260374,0.0,45.81033618359029,0.0,1.284400659224922,0.0,0.0
