iter,val,proj,gnorm,dnorm,xnorm,step,maxstep
1.0,2.0000000000000036,0.0,44.351149094480064,0.9776280967996849,1.0,0.5307143792152844,1.0
2.0,-6.348478549774951,0.0,43.97680386104367,0.46725339053887954,1.0894974885170607,0.5809008423195977,1.0
3.0,-10.450165133973536,0.0,43.79341337704277,0.21141383749979736,1.2062175582930796,0.6681764218206413,1.0
4.0,-12.385399535345702,0.0,43.707506724763476,0.08321771122004822,1.2723389935306182,0.804461665259782,1.0
5.0,-13.15089700595345,0.0,43.67391854187234,0.024564055394228543,1.2988693206463875,0.9918846062245564,1.0
6.0,-13.334712137406186,0.0,43.66606229253664,0.0028366696353078883,1.304331641309283,1.0,1.0
7.0,-13.336217216977605,0.0,43.66604937748105,2.1809160830754575e-05,1.3040599285537398,0.0,0.0
