iter,val,proj,gnorm,dnorm,xnorm,step,maxstep
1.0,2.0,0.0,46.239627074640204,0.9784232213106964,0.9999999999999999,0.5533450535202938,1.0
2.0,-7.248787480694714,0.0,45.843343253232945,0.445456560381427,1.0804336360921722,0.6075494300881702,1.0
3.0,-11.601489547263562,0.0,45.657309900620284,0.19473467300680483,1.194013559018657,0.7224532394670112,1.0
4.0,-13.595023372969308,0.0,45.57282599571278,0.07089983477960014,1.256077802580478,0.914321416565901,1.0
5.0,-14.28951500648973,0.0,45.54390323482331,0.014324014380564116,1.2772407955333223,1.0,1.0
6.0,-14.354414662081401,0.0,45.541383178009546,0.0008629316641667426,1.2781962680839947,0.0,0.0
