iter,val,proj,gnorm,dnorm,xnorm,step,maxstep
1.0,1.9999999999999964,0.0,45.666885464211376,0.9873926324043114,0.9999999999999999,0.5317560234252258,1.0
2.0,-7.302005403023037,0.0,45.26099693705799,0.4655561544976605,1.0956377643010848,0.5660750483420507,1.0
3.0,-11.752503933016117,0.0,45.066760558267774,0.21177017843065485,1.2145924551893812,0.6248901766489717,1.0
4.0,-13.843107698662829,0.0,44.975852402882346,0.08985370472978711,1.2807671594054777,0.7264673996170199,1.0
5.0,-14.746614544397302,0.0,44.93683226135257,0.03147807352367753,1.310031223530347,0.87522517927568,1.0
6.0,-15.043178668417413,0.0,44.924179653224904,0.006961785494037046,1.318988506951938,1.0,1.0
7.0,-15.085395127199835,0.0,44.92243901206425,0.0005026083430845418,1.3198613053017845,0.0,0.0
