iter,val,proj,gnorm,dnorm,xnorm,step,maxstep
1.0,1.999999999999993,0.0,48.153601319137074,0.9836806166411716,0.9999999999999999,0.5364510100594224,1.0
2.0,-7.241818973382085,0.0,47.771990804793646,0.46645487349746995,1.091803707633783,0.5724797842169372,1.0
3.0,-11.628873720489308,0.0,47.59072755352645,0.2063147922454807,1.2148508349192118,0.6188313021616371,1.0
4.0,-13.615873363095693,0.0,47.508882122743614,0.08506588125974361,1.2818570761103418,0.6947617664259766,1.0
5.0,-14.458584253196987,0.0,47.47437816826447,0.030800533843440406,1.3106000937698443,0.8128556108129238,1.0
6.0,-14.758398993371218,0.0,47.46221332733587,0.008293193345733184,1.3201392205734541,0.9655963586506583,1.0
7.0,-14.824954506561044,0.0,47.45956161873441,0.0009988420382885457,1.3218220126712557,0.0,0.0
