iter,val,proj,gnorm,dnorm,xnorm,step,maxstep
1.0,2.0,0.0,47.13818944339929,0.989984848368903,0.9999999999999999,0.5370612281993495,1.0
2.0,-7.141772444857725,0.0,46.75227719190745,0.4635810302322835,1.0951412490611216,0.5613953181336776,1.0
3.0,-11.381569340389884,0.0,46.57296892810535,0.20983684372535044,1.2177966489577812,0.5956150835858829,1.0
4.0,-13.314581514490424,0.0,46.491315173768065,0.09115172782926508,1.2861251944641594,0.6557692954475267,1.0
5.0,-14.167134257191485,0.0,46.455443411158235,0.03591587420846072,1.3176950152321245,0.7508099882684777,1.0
6.0,-14.501730193734788,0.0,46.44146023167988,0.011481264712545642,1.3298406729686765,0.8821165189322159,1.0
7.0,-14.599518695185017,0.0,46.43742130814834,0.002289381833217721,1.3330951992490772,1.0,1.0
8.0,-14.612578791419223,0.0,46.436897929109996,0.00014381633862423364,1.333410631909155,0.0,0.0
