iter,val,proj,gnorm,dnorm,xnorm,step,maxstep
1.0,1.999999999999993,0.0,45.31869265546614,0.988522938530007,0.9999999999999999,0.5299675339970941,1.0
2.0,-6.512698096367561,0.0,44.94458544537427,0.4686381278963011,1.0971751102034064,0.5564163990484038,1.0
3.0,-10.528340352382466,0.0,44.76796033803304,0.21783752299023382,1.2186508048800797,0.609314322134788,1.0
4.0,-12.436896548746807,0.0,44.68432097652704,0.09370235370706644,1.2880197786704974,0.6884761045462997,1.0
5.0,-13.270724173684059,0.0,44.64799259327924,0.03417034834637796,1.3197356535538831,0.7919445588297157,1.0
6.0,-13.568134292106265,0.0,44.63513968647456,0.009501354601575232,1.3308182248447635,0.9221662442633007,1.0
7.0,-13.640056477545896,0.0,44.63207543094862,0.0014599017992415104,1.333242281009719,1.0,1.0
8.0,-13.646123497728968,0.0,44.63182857836471,6.71048082677427e-05,1.3333642031144624,0.0,0.0
