iter,val,proj,gnorm,dnorm,xnorm,step,maxstep
1.0,2.000000000000007,0.0,49.92662730450957,0.9827989367108615,0.9999999999999999,0.5289979441403604,1.0
2.0,-7.736743499693954,0.0,49.53803984680413,0.4704891712712007,1.093725221343629,0.5684485763952972,1.0
3.0,-12.47817513819069,0.0,49.348873910838556,0.21517881837404929,1.213903717490818,0.6409477435052569,1.0
4.0,-14.742621625263636,0.0,49.25898428236121,0.08895578731687466,1.2814114750071224,0.7660702346246451,1.0
5.0,-15.706060867880883,0.0,49.22109259189388,0.02815951396681014,1.3097947639653045,0.9474152393416063,1.0
6.0,-15.983777446113935,0.0,49.21036496173254,0.004348186898421813,1.3165063021969574,1.0,1.0
7.0,-15.999175865736568,0.0,49.20982479445743,0.00017522405969483778,1.316259796522223,0.0,0.0
