iter,val,proj,gnorm,dnorm,xnorm,step,maxstep
1.0,5.0,0.0,31.32235320024343,3.2889692407601907,3.5355339059327378,0.5159841817070872,1.0
2.0,-13.657449896358322,0.0,30.12102102413051,1.593221423901081,3.789475955010544,0.6172084030326809,1.0
3.0,-22.180776312555523,0.0,29.572921825342977,0.8247466185650381,4.0855750830720226,1.0,1.0
4.0,-26.983688775813352,0.0,29.284287505864615,0.36342058971215957,4.188866221849533,1.0,1.0
5.0,-27.073075250000016,0.0,29.29430506089537,1.4390135079995448e-15,4.075673011908584,0.0,0.0
