iter,val,proj,gnorm,dnorm,xnorm,step,maxstep
1.0,5.000000000000007,0.0,34.34922540612524,3.3226328863263386,3.5355339059327378,0.5153047032556458,1.0
2.0,-15.705300793256065,0.0,33.13296238968225,1.6094971600482815,3.807903374611518,0.6094330146912591,1.0
3.0,-25.276496660487737,0.0,32.56960823814627,0.8348398699148565,4.11954859025664,1.0,1.0
4.0,-30.85612756026935,0.0,32.25677925176411,0.35680072742822616,4.276545916072067,1.0,1.0
5.0,-30.93780675,0.0,32.265353848994124,1.2560739669470201e-15,4.183368678469542,0.0,0.0
