iter,val,proj,gnorm,dnorm,xnorm,step,maxstep
1.0,4.999999999999993,0.0,35.096918126824185,3.2640525531564966,3.5355339059327378,0.5181112571356326,1.0
2.0,-14.903315213285936,0.0,33.956190796811214,1.5994124255500368,3.7824393148063886,0.6166630594969371,1.0
3.0,-24.07582169115385,0.0,33.43152862088154,0.8432568435431556,4.089896618943876,1.0,1.0
4.0,-29.298935644826127,0.0,33.151124813048085,0.38105910134792775,4.221657377259295,1.0,1.0
5.0,-29.4047337499999,0.0,33.160065244238545,4.297058368188468e-12,4.100294806473962,0.0,0.0
