iter,val,proj,gnorm,dnorm,xnorm,step,maxstep
1.0,5.000000000000007,0.0,33.86348567412102,3.2949489373888636,3.5355339059327378,0.5163646684567379,1.0
2.0,-16.30708023699799,0.0,32.59307174733793,1.5973598041261887,3.793878567858198,0.6224523904808168,1.0
3.0,-26.43607009688443,0.0,31.987436333761977,0.8419719284930204,4.09024061658873,1.0,1.0
4.0,-32.09961051259725,0.0,31.66535418859711,0.3531827818596246,4.226007792409809,1.0,1.0
5.0,-32.18762543749999,0.0,31.67390266846509,1.2362920382602608e-15,4.134911531701737,0.0,0.0
