iter,val,proj,gnorm,dnorm,xnorm,step,maxstep
1.0,5.0,0.0,30.638924948519325,3.270533662726068,3.5355339059327378,0.5183781264482056,1.0
2.0,-12.32594845915461,0.0,29.501312260669813,1.5850547588244464,3.77685813333923,0.6373051314574294,1.0
3.0,-20.295426971445337,0.0,28.98259720081773,0.8365089279052301,4.059103637374369,1.0,1.0
4.0,-24.43199709832732,0.0,28.735652027915684,0.3460328353693045,4.156403859999036,1.0,1.0
5.0,-24.52654235840734,0.0,28.745416122996893,0.0,4.055764342934523,0.0,0.0
