iter,val,proj,gnorm,dnorm,xnorm,step,maxstep
1.0,5.0,0.0,34.200935952116865,3.2830709468583317,3.5355339059327378,0.5167993780296376,1.0
2.0,-15.928175720046944,0.0,32.96655582807545,1.6014963721190776,3.791522919520184,0.6136970321239948,1.0
3.0,-25.671582114888217,0.0,32.39030871127373,0.8428833482995857,4.10023958285252,1.0,1.0
4.0,-31.313079740023078,0.0,32.07481665948326,0.35340333014886743,4.2235559372461475,1.0,1.0
5.0,-31.420702483629416,0.0,32.083167648718394,1.2755491433176288e-15,4.1137060044331175,0.0,0.0
