iter,val,proj,gnorm,dnorm,xnorm,step,maxstep
1.0,5.000000000000007,0.0,31.207347307978612,3.2124167364247027,3.5355339059327378,0.5240452554808551,1.0
2.0,-12.611983884939725,0.0,30.074723808906946,1.5609312380916667,3.736454448454972,0.6696909261334629,1.0
3.0,-21.058122114486835,0.0,29.538233277410022,0.8368940098170694,3.9933531323614826,1.0,1.0
4.0,-25.022348191392926,0.0,29.314726644755833,0.37064136854066615,3.989927640923701,1.0,1.0
5.0,-25.11928156440301,0.0,29.32610661483369,3.710686715795989e-08,3.8819004757995192,0.0,0.0
