iter,val,proj,gnorm,dnorm,xnorm,step,maxstep
1.0,5.0,0.0,32.876619321347505,3.2706042681849734,3.5355339059327378,0.5197075390884596,1.0
2.0,-13.726738798946762,0.0,31.731501104455443,1.5906337813025946,3.7699082024173958,0.632157510065407,1.0
3.0,-22.397622557225613,0.0,31.203651772990042,0.8247276305964789,4.0631852585461745,1.0,1.0
4.0,-27.01234077782138,0.0,30.942461275174832,0.3586725604243588,4.172544624479508,1.0,1.0
5.0,-27.106707303548024,0.0,30.952277641547152,1.503664711843474e-08,4.060333690372314,0.0,0.0
