iter,val,proj,gnorm,dnorm,xnorm,step,maxstep
1.0,5.0,0.0,34.19473599840771,3.3071473566941174,3.5355339059327378,0.5152784922532399,1.0
2.0,-13.743451899059238,0.0,33.09110208021862,1.611674259323928,3.8092479834348607,0.5966574106250668,1.0
3.0,-22.006684088021004,0.0,32.60549657634092,0.8408458476145186,4.132876604975869,1.0,1.0
4.0,-27.00482611929153,0.0,32.329263038767486,0.355590690254191,4.297925432997934,1.0,1.0
5.0,-27.120609367647067,0.0,32.33718097958884,1.538370149106851e-15,4.1819959947374405,0.0,0.0
