iter,val,proj,gnorm,dnorm,xnorm,step,maxstep
1.0,4.999999999999986,0.0,34.27534875097553,3.337026320943044,3.5355339059327378,0.513121820219693,1.0
2.0,-14.627027983503119,0.0,33.12041618866102,1.6068077990125118,3.8203946360638716,0.5989691161594791,1.0
3.0,-23.483831879843656,0.0,32.59987279851514,0.8210188408180306,4.129393214681904,1.0,1.0
4.0,-28.805590381319494,0.0,32.30211227416949,0.3581019029928328,4.289794160080191,1.0,1.0
5.0,-28.8802371398142,0.0,32.31036314837364,2.6272671962866384e-15,4.192747383892958,0.0,0.0
