iter,val,proj,gnorm,dnorm,xnorm,step,maxstep
1.0,29.999999999989086,0.0,3061.7825689640345,11.9779571821079,12.24744871391589,0.48708602407208,1.0
2.0,-748.3568025808454,0.0,3060.221582514844,6.0584422599203585,13.498298558471665,0.5025112833353056,1.0
3.0,-1132.9151450871104,0.0,3059.4814269045582,3.1000931175288002,14.926234903063298,0.5367424898603461,1.0
4.0,-1330.1371148941143,0.0,3059.0375312702527,1.6534519085302921,15.805072465607767,0.6427051352566584,1.0
5.0,-1437.6391794265692,0.0,3058.860808323733,0.9588105546103474,16.279348812372174,0.8480985204928748,1.0
6.0,-1488.0307189803898,0.0,3058.715981080977,0.9795123419370035,16.47971389146324,0.4605913375928374,1.0
7.0,-1492.371688190582,0.0,3058.7511897167456,0.6409667003471419,16.461633135181902,0.9004833655245718,1.0
8.0,-1496.973566705503,0.0,3058.7113619502848,0.6995370779465977,16.45571667339217,0.38033137618758506,1.0
9.0,-1497.2613385866207,0.0,3058.73873404,0.27756301587415455,16.44451079240803,1.0,1.0
10.0,-1497.6461587295125,0.0,3058.7296041276672,0.24770229911974442,16.438741193595092,0.5341576638050434,1.0
11.0,-1497.6625926617162,0.0,3058.74049118716,0.0534635875916853,16.43563461583583,1.0,1.0
12.0,-1497.6655430090723,0.0,3058.7398302534602,0.052749140145949364,16.43672371270668,2.27326724485839,2.27326724485839
13.0,-1497.6712630542206,0.0,3058.7418153255226,0.061398229088747244,16.439164887991648,0.9999999999999897,1.0
14.0,-1497.6731479254559,0.0,3058.738196779024,3.507542233788186e-14,16.44146728400074,0.0,0.0
