iter,val,proj,gnorm,dnorm,xnorm,step,maxstep
1.0,29.999999999996362,0.0,3056.078947220114,12.004727509953542,12.24744871391589,0.4703218107090297,1.0
2.0,-719.0450177998973,0.0,3055.154784289667,6.324654418094581,13.425617371845277,0.5011436355121153,1.0
3.0,-1113.1835532831246,0.0,3054.7492467490374,3.264670597091423,14.920329767285537,0.5450517187206537,1.0
4.0,-1319.0550007439706,0.0,3054.579639507452,1.6061911446954558,15.868053741947994,0.6421018238517461,1.0
5.0,-1427.1831320925921,0.0,3054.489015274459,0.8210035184168293,16.384348720470935,1.0,1.0
6.0,-1486.9726412763594,0.0,3054.4390575112493,0.5261695209535873,16.635460158923323,1.0,1.0
7.0,-1487.2423878432455,0.0,3054.435000633125,0.3684131018600716,16.589430060657456,1.0,1.0
8.0,-1487.3633924315473,0.0,3054.4204949171353,0.11203105800060373,16.579727652838447,1.0,1.0
9.0,-1487.3723638840493,0.0,3054.4170205355617,2.9763743181925234e-05,16.579117356149506,0.0,0.0
