iter,val,proj,gnorm,dnorm,xnorm,step,maxstep
1.0,30.0,0.0,3072.4468683845453,11.973135435722849,12.24744871391589,0.5018526341245333,1.0
2.0,-789.6173327716097,0.0,3071.364982676573,6.122282682215904,13.569129982006137,0.5875050965590709,1.0
3.0,-1238.1028906223473,0.0,3070.9098441066126,2.7390862438095143,15.287987076704544,0.7102033641114643,1.0
4.0,-1454.4576906273614,0.0,3070.720882600137,1.0470765128618706,16.256500143932048,1.0,1.0
5.0,-1541.6208922258738,0.0,3070.6429121816072,0.5905604120114986,16.59668222717118,1.0,1.0
6.0,-1541.9350648116815,0.0,3070.617285313119,0.44346093541438564,16.52810094104321,1.0,1.0
7.0,-1542.1016560975404,0.0,3070.6312724433983,0.20926543692972904,16.506835758484847,1.0,1.0
8.0,-1542.1384248712602,0.0,3070.6333940107884,0.02481319632527855,16.505984914879278,1.55711745185761,4.433048853435542
9.0,-1542.1389042257324,0.0,3070.6335918592927,0.0025103103410499122,16.507074213082667,0.9156816140224283,39.4640537212699
10.0,-1542.138907110886,0.0,3070.633510742814,0.0003970482996004191,16.507155776903765,0.0,0.0
