iter,val,proj,gnorm,dnorm,xnorm,step,maxstep
1.0,30.0,0.0,3052.738394916276,11.933551607757012,12.24744871391589,0.4516877444357558,1.0
2.0,-702.8319174855314,0.0,3051.7739759394467,6.638374692335653,13.310683697393978,0.4870134227842667,1.0
3.0,-1107.4782876341087,0.0,3051.2983702317297,3.4605138483070497,14.797199889384492,0.5369468632532682,1.0
4.0,-1327.431278643835,0.0,3051.0087210515044,1.7988400037117167,15.775395128615529,0.6801136251649018,1.0
5.0,-1453.8592750678872,0.0,3050.9139993320246,0.8727673215723919,16.35568349135768,1.0,1.0
6.0,-1512.8576162287682,0.0,3050.8652348814826,0.5533673811587304,16.57751459573499,1.0,1.0
7.0,-1513.127389994308,0.0,3050.8873406857538,0.41660390253441504,16.537560856959683,0.8875689991107645,1.0
8.0,-1513.2120426437177,0.0,3050.8897788797553,0.24380658863235902,16.51441923359961,0.7486221569349222,1.0
9.0,-1513.2410129992131,0.0,3050.900962643396,0.11076743099902638,16.521176752084397,0.8100731154369429,1.0
10.0,-1513.2495490187684,0.0,3050.898236459498,0.06488740822671629,16.517450550086693,1.0,1.0
11.0,-1513.2529416366415,0.0,3050.901002756261,0.058853632437878375,16.520925329748305,1.1748421708123193,5.361810548677633
12.0,-1513.2549763164752,0.0,3050.898548472456,0.061671542821590083,16.519757011567346,0.9089266617919998,1.5640489345337567
13.0,-1513.2567048128367,0.0,3050.900859003267,0.04999757362348816,16.523223920466563,1.1748390880721973,4.991231472452651
14.0,-1513.2581732191466,0.0,3050.8987477839637,0.035666571358037295,16.52246187479622,0.8551716517823813,1.0
15.0,-1513.2592260710007,0.0,3050.900048857887,0.027116338997079256,16.524439079641777,1.0,1.0
16.0,-1513.259793876703,0.0,3050.8992001940414,0.004615044834687054,16.524347479744332,0.999975121875665,36.122618369751365
17.0,-1513.2598045258164,0.0,3050.8990193712093,2.9161981112792182e-06,16.524277954048536,0.0,0.0
