iter,val,proj,gnorm,dnorm,xnorm,step,maxstep
1.0,30.000000000007276,0.0,3064.7700064047217,11.990241649391841,12.24744871391589,0.5212801848114066,1.0
2.0,-791.9009747556483,0.0,3064.068187513203,5.816389430491274,13.680981078746662,0.5830448090639205,1.0
3.0,-1203.7664378518784,0.0,3063.743180940525,2.5574560468499032,15.312993094326686,0.6643313496018841,1.0
4.0,-1393.0432191570217,0.0,3063.5814293821404,1.0794115507049795,16.17767552037168,1.0,1.0
5.0,-1487.373814425573,0.0,3063.486777803503,0.5975057515008161,16.585588961962284,1.0,1.0
6.0,-1487.692556138296,0.0,3063.481180464332,0.4091041447088957,16.516545501523765,1.0,1.0
7.0,-1487.8524770471704,0.0,3063.46420158386,0.18110531586661574,16.498012685882138,1.0,1.0
8.0,-1487.880446076575,0.0,3063.46321250085,0.010188977482663633,16.494258823503788,0.9999962298526073,1.0
9.0,-1487.8806337037458,0.0,3063.46383267846,5.815041338323705e-07,16.494314569648907,0.0,0.0
