iter,val,proj,gnorm,dnorm,xnorm,step,maxstep
1.0,30.0,0.0,3070.340612860404,12.012377153378095,12.24744871391589,0.4964751536646437,1.0
2.0,-746.1690126750618,0.0,3068.877245091717,6.165861171498891,13.560742115009406,0.5613528992708973,1.0
3.0,-1159.0885224770027,0.0,3068.28422049563,2.7877945858184483,15.222785653821552,0.620882227253588,1.0
4.0,-1352.18318534028,0.0,3068.030953032886,1.258031122623583,16.151924633779604,0.879406066180624,1.0
5.0,-1454.2036635523655,0.0,3067.8941559860714,0.5997221185187579,16.635397953563533,1.0,1.0
6.0,-1468.3636741806185,0.0,3067.8736277008193,0.3912080285981465,16.644093351990257,1.0,1.0
7.0,-1468.4951287292388,0.0,3067.8729667930957,0.17024809467310592,16.619279135103397,1.0,1.0
8.0,-1468.5240578833218,0.0,3067.875808084019,0.0017742200345526613,16.617408314296934,1.003644902577573,67.61933448848556
9.0,-1468.5240594629686,0.0,3067.875750841765,4.7924588463693346e-05,16.617453327603148,0.0,0.0
