iter,val,proj,gnorm,dnorm,xnorm,step,maxstep
1.0,29.999999999996362,0.0,3050.8431574218957,12.002379425861896,12.24744871391589,0.47518460192271167,1.0
2.0,-719.7341742887038,0.0,3049.554367103957,6.3679689625843645,13.455492347751797,0.5299051930527677,1.0
3.0,-1129.1102314196469,0.0,3048.7849438350368,3.2208855157210596,15.046983962579901,0.6360012408386049,1.0
4.0,-1351.761348069591,0.0,3048.601494776186,1.335841085331196,16.087915247886006,0.8296626163198904,1.0
5.0,-1455.4809269454454,0.0,3048.484369434946,0.6265307174180144,16.585191094937795,1.0,1.0
6.0,-1476.8699116346688,0.0,3048.4723952012073,0.4571185349844679,16.64013681243072,1.0,1.0
7.0,-1477.0626048129197,0.0,3048.468203895832,0.2214458486531802,16.60701188948351,1.0,1.0
8.0,-1477.1105478808531,0.0,3048.4613810345795,2.36594954787225e-07,16.603342666435097,0.0,0.0
