iter,val,proj,gnorm,dnorm,xnorm,step,maxstep
1.0,29.999999999985448,0.0,3065.3354277817625,11.97127698006079,12.24744871391589,0.4639448179381519,1.0
2.0,-699.7742818095649,0.0,3064.0456821114876,6.5141409652737225,13.370755857343962,0.5480965430241136,1.0
3.0,-1131.9139177957877,0.0,3063.6301347313806,3.061958288381703,15.013928582829555,0.619835363477782,1.0
4.0,-1344.4640026019151,0.0,3063.475847481701,1.3723464630120445,15.970264657968897,0.8097272232624854,1.0
5.0,-1448.1980063326555,0.0,3063.3772926298825,0.7700663852813409,16.43243331277014,1.0,1.0
6.0,-1472.6453926038266,0.0,3063.389574799037,0.6837344598702275,16.457935841457857,0.6827027865782928,1.0
7.0,-1472.854410912194,0.0,3063.359103865108,0.4564358633348512,16.44507592185192,0.9092344301522035,1.0
8.0,-1472.971942358934,0.0,3063.3880340747637,0.29917491797056045,16.41754892011264,0.43539302756645165,1.0
9.0,-1473.0037297245763,0.0,3063.3787373885402,0.08816992480062252,16.42238497190963,1.0,1.0
10.0,-1473.019343514181,0.0,3063.3784645333985,0.07510840614402807,16.42189145961176,0.9842046177539271,4.3219910737204845
11.0,-1473.0221195975428,0.0,3063.382648113078,0.07150248339316624,16.42016863185657,1.0699752286153494,2.9599564193236083
12.0,-1473.0248547778865,0.0,3063.378608508496,0.0741079754044968,16.4241951549715,0.9842488238115998,3.3430974722662348
13.0,-1473.0275575212581,0.0,3063.3826256367793,0.07065454950238374,16.422890239239024,1.0699751628769065,2.261490700635261
14.0,-1473.030228214273,0.0,3063.378633425151,0.07322916932330162,16.427219850070834,0.9842488237828385,2.352220842242165
15.0,-1473.0328672369287,0.0,3063.3826028297854,0.06981669587633205,16.42624867998107,1.0699751628755172,1.2142440858474841
16.0,-1473.035474964916,0.0,3063.3786579780785,0.07236078469037117,16.430867754289128,0.9842488237826158,1.3494525910788258
17.0,-1473.0380517692392,0.0,3063.3825803105537,0.01067254841160767,16.43021889486507,1.0,1.0
18.0,-1473.038738789979,0.0,3063.3820651224087,0.010326342626976574,16.430907055748918,0.9998025918270534,2.477392721818375
19.0,-1473.038792096133,0.0,3063.3826278746396,4.551364355377823e-05,16.430843969117223,0.0,0.0
