iter,val,proj,gnorm,dnorm,xnorm,step,maxstep
1.0,29.999999999996362,0.0,3061.3059192844476,11.836868139721034,12.24744871391589,0.44720648384698164,1.0
2.0,-658.6982288997751,0.0,3060.504838520394,6.6505654715844615,13.24768290016948,0.5192211609984296,1.0
3.0,-1071.1610681667516,0.0,3060.021621801866,3.4303458378747034,14.766955172590883,0.6166335089858583,1.0
4.0,-1297.5507360611227,0.0,3059.7959308286777,1.4958172716794045,15.78914743581556,0.8232074312318491,1.0
5.0,-1410.9893074022148,0.0,3059.6943001466198,0.7884480660057334,16.311548718673972,1.0,1.0
6.0,-1435.5578371184893,0.0,3059.651791676952,0.5943039521046478,16.332333680376575,1.0,1.0
7.0,-1435.8786237847744,0.0,3059.6586336755595,0.33057494985819214,16.280997262625334,1.0,1.0
8.0,-1435.9694190896735,0.0,3059.677922976488,0.055609232156237635,16.270915420890116,0.9980705952401021,1.0
9.0,-1435.9724287231784,0.0,3059.685474014825,0.0014286296803054832,16.270505724205538,0.7352971768748753,1.0
10.0,-1435.9724315599997,0.0,3059.6854055943313,4.3953142339147716e-05,16.270454940440104,0.0,0.0
