iter,val,proj,gnorm,dnorm,xnorm,step,maxstep
1.0,20.0,0.0,45.42098081284683,8.50340536607986,10.0,0.5107019967430402,1.0
2.0,-40.698411213903114,0.0,42.70319367485648,3.6959460823363846,10.519553379187913,0.5907479962376676,1.0
3.0,-60.863638611897244,0.0,41.80991366051918,1.9512158268385797,10.896839662208194,1.0,1.0
4.0,-72.14224531754525,0.0,41.390021203515026,1.4653058944947814,10.613666689251398,1.0,1.0
5.0,-74.14182025793875,0.0,41.40239052140294,1.0925422268053047,9.801747560013931,1.0,1.0
6.0,-75.2657031165513,0.0,41.411488856032776,0.6913785342500405,9.520353157458185,1.0,1.0
7.0,-75.69704340641928,0.0,41.41891886143072,0.10977171835376005,9.464642020555559,0.99999854052832,1.0
8.0,-75.71034073791878,0.0,41.420362597066095,7.981128736284554e-06,9.46570452124451,0.0,0.0
