iter,val,proj,gnorm,dnorm,xnorm,step,maxstep
1.0,20.0,0.0,46.106046067751244,8.294519874881383,10.0,0.5128841900925291,1.0
2.0,-41.20828299270903,0.0,43.41256038756928,3.5444827930621137,10.431358917014823,0.6133234995764729,1.0
3.0,-63.13101606292855,0.0,42.46036184047046,1.9329025717720252,10.682775763039992,1.0,1.0
4.0,-75.12207892680391,0.0,42.02139475420424,1.4801687458151835,10.23363202812705,1.0,1.0
5.0,-77.21000086404973,0.0,42.03294529547018,1.1301386156721847,9.422935949808634,1.0,1.0
6.0,-78.43569740879067,0.0,42.040768475501885,0.6940984135243926,9.135116345344123,1.0,1.0
7.0,-78.85341869261245,0.0,42.04937124019133,0.10223367025640952,9.07673701550612,1.0,1.0
8.0,-78.86406174339588,0.0,42.05088296149394,3.478932675645995e-05,9.075970469510494,0.0,0.0
