iter,val,proj,gnorm,dnorm,xnorm,step,maxstep
1.0,19.99999999999997,0.0,46.76150110936774,8.768175423388788,10.0,0.5087256002864222,1.0
2.0,-43.53764586556903,0.0,43.992820885102844,3.7420613539494143,10.615775909026555,0.588243660134607,1.0
3.0,-64.52885286133676,0.0,43.08823680454843,1.9709737394223223,11.016296625941015,1.0,1.0
4.0,-76.43854848259478,0.0,42.65140915625871,1.405668997772092,10.72397359046239,1.0,1.0
5.0,-78.30212467403351,0.0,42.66428285212718,1.0087180291336948,9.933758994334465,1.0,1.0
6.0,-79.24629214646905,0.0,42.67366307115453,0.6186743429100126,9.675539401952443,1.0,1.0
7.0,-79.56087372800721,0.0,42.68124843367706,0.09407452123885147,9.617953894344495,1.0,1.0
8.0,-79.57194008194917,0.0,42.682457200295836,6.134226714928448e-10,9.617484040650009,0.0,0.0
