iter,val,proj,gnorm,dnorm,xnorm,step,maxstep
1.0,20.0,0.0,48.847597525382966,8.811849420205702,10.0,0.5081140848627933,1.0
2.0,-53.075475272304715,0.0,45.787978612613784,3.861562281472963,10.637369698956862,0.5738154673450034,1.0
3.0,-78.61528816417558,0.0,44.70938876303849,2.01277694489264,11.134723924228789,1.0,1.0
4.0,-93.77331267529141,0.0,44.12742846841977,1.3688790588933801,11.129334783912256,1.0,1.0
5.0,-95.53185027472497,0.0,44.137523290250854,0.9800038521476938,10.445002477044255,1.0,1.0
6.0,-96.41748150925585,0.0,44.146135916462924,0.569215199377026,10.209168146971866,1.0,1.0
7.0,-96.69441261917238,0.0,44.15199151266357,0.10959937669766712,10.169496454199074,0.9999999999999999,1.0
8.0,-96.7032148055083,0.0,44.153291386952624,3.193258676939027e-16,10.170149210810164,0.0,0.0
