iter,val,proj,gnorm,dnorm,xnorm,step,maxstep
1.0,20.00000000000003,0.0,46.239627074640204,8.360044412048813,10.0,0.5119835344101615,1.0
2.0,-46.621186643551624,0.0,43.302581999962776,3.645062175546246,10.469549271010397,0.5980210504809111,1.0
3.0,-70.78839562592748,0.0,42.23557140158796,1.9507261751938323,10.807268374960977,1.0,1.0
4.0,-84.48142451634165,0.0,41.703081458344755,1.4378346687461865,10.54145927868818,1.0,1.0
5.0,-86.47383882212547,0.0,41.71332190923209,1.1399124480803084,9.801141241048452,1.0,1.0
6.0,-87.67095801139223,0.0,41.721150016933166,0.7660885066916174,9.535882199107862,1.0,1.0
7.0,-88.21412166374684,0.0,41.72786835033004,0.12839024032242272,9.479967551728382,0.9999996276353672,1.0
8.0,-88.23028070132153,0.0,41.729862817063584,3.4823433892528485e-06,9.481279078649441,0.0,0.0
