iter,val,proj,gnorm,dnorm,xnorm,step,maxstep
1.0,19.99999999999997,0.0,48.153601319137074,8.643136960043334,10.0,0.5099690376998672,1.0
2.0,-48.15330339069985,0.0,45.268950288765566,3.7613211914185163,10.574004765174811,0.5826510512286364,1.0
3.0,-71.73475378143152,0.0,44.27083512752088,1.973687341863129,11.001498009018936,1.0,1.0
4.0,-85.4869568892892,0.0,43.75660821448127,1.4435751871128855,10.827172606236374,1.0,1.0
5.0,-87.39395047414939,0.0,43.76956327854045,1.0533212998129686,10.023873619764073,1.0,1.0
6.0,-88.42218843672593,0.0,43.777211746320674,0.6562122279419925,9.764288656981483,1.0,1.0
7.0,-88.79739241524062,0.0,43.78492313799226,0.11094251958586293,9.711258625604257,1.0,1.0
8.0,-88.8077634454875,0.0,43.78636834984727,0.001413220430281197,9.70972808252362,1.0124884010560904,104.21597194474587
9.0,-88.80776445655442,0.0,43.786391818202155,0.0001933998436482633,9.70969027869258,0.0,0.0
