iter,val,proj,gnorm,dnorm,xnorm,step,maxstep
1.0,19.99999999999997,0.0,49.92662730450957,8.59718411972557,10.0,0.5103755000692195,1.0
2.0,-54.371218896116886,0.0,46.887000182265744,3.729874602764241,10.546762099815133,0.5893854800193293,1.0
3.0,-81.96438190222256,0.0,45.75069742703003,1.9710453268013222,10.943122399297998,1.0,1.0
4.0,-98.1922546257838,0.0,45.14314350067352,1.4149232089705945,10.766265542536685,1.0,1.0
5.0,-100.1044232381516,0.0,45.15259708835746,1.041063962271994,10.052965503337784,1.0,1.0
6.0,-101.10821806785903,0.0,45.16093905496475,0.6007078541715105,9.794648937147969,1.0,1.0
7.0,-101.41307049724024,0.0,45.16760998786307,0.09085957539912681,9.747623706243667,0.9999998787070687,1.0
8.0,-101.42246646312013,0.0,45.168447944543516,5.838826128621604e-07,9.748707681016088,0.0,0.0
