iter,val,proj,gnorm,dnorm,xnorm,step,maxstep
1.0,30.00000000000017,0.0,58.47426014925883,10.546489061827636,12.24744871391589,0.5097355210047324,1.0
2.0,-73.02335652929415,0.0,54.87991695938806,4.630091531061574,12.934665167286843,0.5803914770598119,1.0
3.0,-108.89853966544678,0.0,53.62330712384284,2.4147688935018428,13.47923583895204,1.0,1.0
4.0,-129.8635640482206,0.0,52.97011999795711,1.7661964816462796,13.322309436998536,1.0,1.0
5.0,-132.74912063192616,0.0,52.984546562244866,1.3071660071235691,12.359681365381949,1.0,1.0
6.0,-134.32584976855458,0.0,52.99517279208968,0.8301224916951294,12.03893574742665,1.0,1.0
7.0,-134.9556939637697,0.0,53.003098456277336,0.13900102682044185,11.974909910027959,0.9999860360320151,1.0
8.0,-134.97822251290313,0.0,53.004825071976164,0.00022273042375928323,11.97635548161661,0.0,0.0
