iter,val,proj,gnorm,dnorm,xnorm,step,maxstep
1.0,30.000000000000114,0.0,58.86419206956977,10.676128666457345,12.24744871391589,0.508924235898121,1.0
2.0,-76.66111343027734,0.0,55.161184058450345,4.627684332389217,12.98028673158546,0.5838860307904336,1.0
3.0,-114.46969294788033,0.0,53.84195997010669,2.427200820705013,13.50755503803449,1.0,1.0
4.0,-136.68338278965072,0.0,53.14758452285094,1.7111782545089769,13.292310580087507,1.0,1.0
5.0,-139.43319747232795,0.0,53.16213326612959,1.2403759178383083,12.36550608291452,1.0,1.0
6.0,-140.85869875318463,0.0,53.17298927424526,0.7874508867215438,12.058195763541363,1.0,1.0
7.0,-141.43477203215207,0.0,53.17975769343968,0.14552967582234133,12.00356778046812,0.9999944148504167,1.0
8.0,-141.4551478042123,0.0,53.1814856464911,4.128304993888234e-05,12.005756693085036,0.0,0.0
