iter,val,proj,gnorm,dnorm,xnorm,step,maxstep
1.0,29.999999999999943,0.0,59.76943662109255,10.718603487403733,12.24744871391589,0.5090214163703513,1.0
2.0,-71.98329475479665,0.0,56.29691415215706,4.658904635343358,12.985316262649507,0.5794583605225067,1.0
3.0,-106.72094491320365,0.0,55.11576530212033,2.4360741862315853,13.542083523636949,1.0,1.0
4.0,-126.74473037292131,0.0,54.51347574655002,1.719900410739395,13.440146064571165,1.0,1.0
5.0,-129.52943356705802,0.0,54.52615911175474,1.248971951157136,12.537773441423843,1.0,1.0
6.0,-130.93984281013317,0.0,54.53768349193552,0.7371588031174463,12.22809478311334,1.0,1.0
7.0,-131.38470813268285,0.0,54.54564301720381,0.13268005011903616,12.166896584539352,1.0,1.0
8.0,-131.40024299229847,0.0,54.54729775437453,0.0015160237952904839,12.165659228102674,0.9999999999998681,54.16522870968882
9.0,-131.40024414146248,0.0,54.54730272572918,2.8327964604031775e-14,12.16575769618601,0.0,0.0
