iter,val,proj,gnorm,dnorm,xnorm,step,maxstep
1.0,30.0,0.0,57.927318494834545,10.456446121207447,12.24744871391589,0.5108071641738666,1.0
2.0,-64.27540527914118,0.0,54.621224449816744,4.5029477911660045,12.88190508510109,0.5950586509088889,1.0
3.0,-96.56803875644127,0.0,53.49998032274634,2.402292215429693,13.319958619627238,1.0,1.0
4.0,-114.47563111908528,0.0,52.96674633226928,1.7622932948560572,13.045889216842689,1.0,1.0
5.0,-117.45832513479513,0.0,52.978960736635436,1.3186596240109594,12.126203966085823,1.0,1.0
6.0,-119.06560158837755,0.0,52.99129270560311,0.7984660160131313,11.777872427303885,1.0,1.0
7.0,-119.61393275121353,0.0,52.99990834105307,0.1363922298137186,11.716604428973561,0.999714079889929,1.0
8.0,-119.63115701615754,0.0,53.00189326937904,0.00032672305915535564,11.716475453713633,0.0,0.0
