iter,val,proj,gnorm,dnorm,xnorm,step,maxstep
1.0,29.999999999999943,0.0,57.7650139790808,10.424185076062301,12.24744871391589,0.5102436992114563,1.0
2.0,-72.69919592939019,0.0,54.13483045698708,4.567346381696105,12.907714966314519,0.5886007425572586,1.0
3.0,-109.28549398564897,0.0,52.83830044080971,2.400290869437347,13.394496549073112,1.0,1.0
4.0,-130.62199851624274,0.0,52.16935289649659,1.7473937663668349,13.0688407634679,1.0,1.0
5.0,-133.47859860755176,0.0,52.18406446894053,1.3341629429434454,12.1230855707739,1.0,1.0
6.0,-135.188676913834,0.0,52.19245832987145,0.8997805450293141,11.811995646581988,1.0,1.0
7.0,-135.93799362868435,0.0,52.20081044242294,0.14312330032946466,11.745000203875195,0.999999191216802,1.0
8.0,-135.96211852974346,0.0,52.20292771000641,1.1575525418484566e-07,11.74326635716765,0.0,0.0
