iter,val,proj,gnorm,dnorm,xnorm,step,maxstep
1.0,30.000000000000114,0.0,57.814004860441905,10.391789559551327,12.24744871391589,0.5108990540441495,1.0
2.0,-69.96726289383858,0.0,54.29095676964377,4.479521564213669,12.868709645988224,0.5994419082198176,1.0
3.0,-105.96062591516247,0.0,53.02585564879113,2.39026130841133,13.277776106762472,1.0,1.0
4.0,-126.32407776632155,0.0,52.39988145747858,1.759843386694782,12.888877657010728,1.0,1.0
5.0,-129.25972043390163,0.0,52.413978836968596,1.3245330684060521,11.939993663875168,1.0,1.0
6.0,-130.912711392877,0.0,52.42388315445864,0.8299161089809262,11.610119253052279,1.0,1.0
7.0,-131.50267400391724,0.0,52.433384199630964,0.13715497374255103,11.539914463773393,0.9999991431056152,1.0
8.0,-131.52026638344,0.0,52.43540420585693,8.294454528767775e-07,11.538808467311572,0.0,0.0
