iter,val,proj,gnorm,dnorm,xnorm,step,maxstep
1.0,30.0,0.0,56.57962242718309,10.438940938189896,12.24744871391589,0.5103383133388126,1.0
2.0,-74.24302352555992,0.0,52.81121397078382,4.545586124529972,12.904413803778175,0.5912758293784582,1.0
3.0,-111.84548906524842,0.0,51.4446303182496,2.4037543983217935,13.366076734469713,1.0,1.0
4.0,-133.84786556149157,0.0,50.735055709998775,1.742755922195083,12.983385961103124,1.0,1.0
5.0,-136.67014347775947,0.0,50.75130331888292,1.3127600818968985,12.020442724750481,1.0,1.0
6.0,-138.26980575406498,0.0,50.76015898730872,0.8599287437543991,11.720131929653306,1.0,1.0
7.0,-138.94125731931103,0.0,50.767642021381825,0.15187435113841016,11.663461265121642,0.999999947787413,1.0
8.0,-138.96206709945798,0.0,50.76998605115788,8.504423517115953e-07,11.66429281208517,0.0,0.0
