iter,val,proj,gnorm,dnorm,xnorm,step,maxstep
1.0,30.000000000000057,0.0,56.545418488163996,10.488981670840506,12.24744871391589,0.5100466717901488,1.0
2.0,-66.31332596091201,0.0,53.073441950370764,4.566521945491983,12.91943911267939,0.589347188388784,1.0
3.0,-99.21523549659369,0.0,51.89244382328822,2.3992750782985244,13.40706979118634,1.0,1.0
4.0,-117.748902808503,0.0,51.31669375135579,1.7571634145685722,13.145873381336273,1.0,1.0
5.0,-120.67229451751923,0.0,51.33066077060159,1.3282375237232376,12.20214148000693,1.0,1.0
6.0,-122.32084000081514,0.0,51.34198038298812,0.8501392474247396,11.86492193968989,1.0,1.0
7.0,-122.96920160365643,0.0,51.35054707292723,0.1354575564865323,11.8013141622761,0.9999996103065634,1.0
8.0,-122.98816631408583,0.0,51.3522902828027,3.826907555648765e-06,11.803067443191553,0.0,0.0
