iter,val,proj,gnorm,dnorm,xnorm,step,maxstep
1.0,30.0,0.0,57.476893966212195,10.611802495992539,12.24744871391589,0.5093369260654699,1.0
2.0,-72.60860846608819,0.0,53.82991589209184,4.605497760237638,12.960083596276968,0.5864298229296728,1.0
3.0,-108.46972785527385,0.0,52.552802043029416,2.4051406191299756,13.471287759506156,1.0,1.0
4.0,-129.29352056485345,0.0,51.898228358796864,1.7373085840225206,13.18049892536036,1.0,1.0
5.0,-132.11912703854028,0.0,51.91369330436301,1.2714886983454226,12.214566356867548,1.0,1.0
6.0,-133.61170164620071,0.0,51.924683413514266,0.7970643392055645,11.897517982908168,1.0,1.0
7.0,-134.1825876863075,0.0,51.93204772550631,0.14953261944281926,11.843472997256736,1.0,1.0
8.0,-134.20223691286603,0.0,51.93417434759237,9.959110034196473e-06,11.842893125823089,0.0,0.0
