iter,val,proj,gnorm,dnorm,xnorm,step,maxstep
1.0,29.999999999999943,0.0,56.17534152991328,10.457011064927547,12.24744871391589,0.5103678899302472,1.0
2.0,-65.56043783161769,0.0,52.711380968292765,4.501735622512143,12.899352788478046,0.59685628892215,1.0
3.0,-98.64360148516388,0.0,51.52120107620802,2.397005907453796,13.326655720916445,1.0,1.0
4.0,-117.244094962166,0.0,50.94637093849437,1.7481832404858342,12.930217240464957,1.0,1.0
5.0,-120.15418758738893,0.0,50.9596085701425,1.3238975794995067,12.016018312900377,1.0,1.0
6.0,-121.81315510322322,0.0,50.97018402982123,0.8253765793207308,11.679534101090912,1.0,1.0
7.0,-122.37457474168791,0.0,50.98054369555201,0.11014339519514735,11.607209325235067,1.0,1.0
8.0,-122.39092551755013,0.0,50.98174656148311,0.0005890840940080709,11.607988122197456,0.0,0.0
