iter,val,proj,gnorm,dnorm,xnorm,step,maxstep
1.0,30.000000000000227,0.0,57.90034664837681,10.79106971687783,12.24744871391589,0.5081917986789177,1.0
2.0,-75.70952926285727,0.0,54.163570110049626,4.732680599593183,13.034429795707092,0.5757681730508685,1.0
3.0,-111.91625356599661,0.0,52.87676918608209,2.433890078680505,13.630719752922158,1.0,1.0
4.0,-133.27007969961053,0.0,52.20039420620643,1.6911324548385913,13.467251241110704,1.0,1.0
5.0,-135.8467800428968,0.0,52.21738099983436,1.1906112030364828,12.536086804753786,1.0,1.0
6.0,-137.17918955868822,0.0,52.225830000282514,0.7399065122717344,12.272332951248023,1.0,1.0
7.0,-137.6531707561426,0.0,52.2332718411135,0.11636343315544344,12.219446372235305,1.0,1.0
8.0,-137.66774356848126,0.0,52.234647979807036,2.4672661142246656e-08,12.218231289071985,0.0,0.0
