iter,val,proj,gnorm,dnorm,step,maxstep
1.0,4993.4377112441725,0.0,3559.6211194803273,14.064750079944188,1.0,1.0
2.0,-21.045337378815248,0.0,3559.550523755672,1.2319546013380291,0.9180812236078844,1.0
3.0,-22.26056247921622,0.0,3559.674523892912,0.10092021351224799,0.9180812236078846,1.0
4.0,-22.29836483862232,0.0,3559.684729561317,0.008267260404154394,0.9180812236078847,1.0
5.0,-22.30104719428266,0.0,3559.685565917466,0.000677243856423314,0.0,0.0
