iter,val,proj,gnorm,dnorm,step,maxstep
1.0,4993.437711244176,0.0,3554.9276558164133,14.067002186418696,1.0,1.0
2.0,-46.11765523389204,0.0,3554.79040212479,1.543991367638966,0.9917980155329092,1.0
3.0,-47.67580537039976,0.0,3554.954892711222,0.012663793214696985,0.9917980155329091,1.0
4.0,-47.678809557597106,0.0,3554.956249506708,0.0001038682352459313,0.0,0.0
