iter,val,proj,gnorm,dnorm,step,maxstep
1.0,4993.4377112441725,0.0,3550.8360186857935,14.053587097465643,1.0,1.0
2.0,-37.70835087771093,0.0,3550.52103204621,1.9161593259145322,0.9999999999999999,1.0
3.0,-39.84705278155184,0.0,3550.6262443414544,3.040470972244059e-16,0.0,0.0
