iter,val,proj,gnorm,dnorm,step,maxstep
1.0,4993.4377112441725,0.0,3564.593463251087,14.07096747254647,1.0,1.0
2.0,-33.07548177575518,0.0,3564.0402987078232,2.010085025673769,0.9553754236934187,1.0
3.0,-35.16737903738067,0.0,3564.1669543054813,0.20080166581409037,1.0,1.0
4.0,-35.192819210899415,0.0,3564.171235332567,0.009389488073377625,1.0000000023660058,26.35009021892888
5.0,-35.19286329214765,0.0,3564.1711562624337,1.8879598285374304e-10,0.0,0.0
