iter,val,proj,gnorm,dnorm,step,maxstep
1.0,4993.4377112441725,0.0,3557.303783413834,14.112354480464589,1.0,1.0
2.0,-37.13473245424507,0.0,3557.0961843292635,1.6244214540079625,1.0,1.0
3.0,-38.88916269423703,0.0,3556.9901177719403,0.0,0.0,0.0
