iter,val,proj,gnorm,dnorm,step,maxstep
1.0,4993.437711244176,0.0,3570.8959071286827,14.092007280994718,1.0,1.0
2.0,-38.68484134638106,0.0,3570.2968483581176,1.1228502081628255,1.0,1.0
3.0,-39.40238769328016,0.0,3570.426982341444,0.0,0.0,0.0
