iter,val,proj,gnorm,dnorm,step,maxstep
1.0,4993.43771124418,0.0,3549.3832204534324,14.062405337191006,1.0,1.0
2.0,-21.573031558925322,0.0,3549.1128436731433,1.6883421639300218,1.0,1.0
3.0,-23.25793367057338,0.0,3549.2268506861133,0.0,0.0,0.0
