iter,val,proj,gnorm,dnorm,step,maxstep
1.0,4993.437711244176,0.0,3563.8251172228383,14.092417942175134,1.0,1.0
2.0,-30.474691014061364,0.0,3563.073686121574,1.141412004153278,1.0,1.0
3.0,-31.260315569757495,0.0,3563.2070561100695,0.0,0.0,0.0
