iter,val,proj,gnorm,dnorm,step,maxstep
1.0,4993.437711244176,0.0,3562.2479971720636,14.105211416193669,1.0,1.0
2.0,-39.06782000836415,0.0,3561.7264306432053,0.9513210099299391,0.9999762498346273,1.0
3.0,-39.81712078846044,0.0,3561.7953535958986,0.0003371278630348408,0.0,0.0
