iter,val,proj,gnorm,dnorm,xnorm,step,maxstep
1.0,2.0,0.0,2512.927591315755,0.9981485360406034,0.9999999999999999,0.5091314092447808,1.0
2.0,-50.207658572907576,0.0,2512.850621871694,0.4940394069481887,1.116054861853495,0.5353048857715587,1.0
3.0,-76.96000271216758,0.0,2512.8114896778548,0.23194857003356922,1.2508561425123197,0.5513152484139743,1.0
4.0,-89.71799588620706,0.0,2512.7940569845773,0.10775706170347865,1.3278642235694376,0.5816387247430149,1.0
5.0,-95.74707478179016,0.0,2512.786525977677,0.04803044281756093,1.3663961744051845,0.6273749067544594,1.0
6.0,-98.46560595934238,0.0,2512.7834928895186,0.019809472514696353,1.3841254353516925,0.6973360054550809,1.0
7.0,-99.59115582072877,0.0,2512.782487837968,0.007100612880031551,1.391423031473656,0.7971525386493561,1.0
8.0,-99.98052133599913,0.0,2512.7822746088837,0.0019226776429342185,1.3938792407235403,0.9172873361334406,1.0
9.0,-100.07140062107783,0.0,2512.7822783710844,0.000291237790100065,1.3944195535379078,0.0,0.0
