iter,val,proj,gnorm,dnorm,xnorm,step,maxstep
1.0,1.9999999999997726,0.0,2514.0236312377815,0.9974744775348051,0.9999999999999999,0.5055679178226316,1.0
2.0,-51.50867359756489,0.0,2513.984589022516,0.49361980336053496,1.1112737757481639,0.5068705493875334,1.0
3.0,-77.84711319638541,0.0,2513.965422772577,0.24342767321827433,1.2407147130972087,0.5068903644797388,1.0
4.0,-90.790410946767,0.0,2513.9560154607466,0.1200412892899186,1.3174264552019364,0.5069110790593351,1.0
5.0,-97.16207860798863,0.0,2513.9513872036623,0.059193482561309754,1.3577918455823628,0.5069326932025802,1.0
6.0,-100.30132229350193,0.0,2513.9491075563087,0.029187632974671515,1.3782511115559453,0.5069552069887956,1.0
7.0,-101.84859562421025,0.0,2513.9479841041084,0.014391458582508563,1.388467493533224,0.506978620500409,1.0
8.0,-102.61134694591078,0.0,2513.9474303099373,0.007095629087886391,1.3935353146557823,0.5070029338230171,1.0
9.0,-102.98737904170025,0.0,2513.947157296241,0.0034982944627604345,1.3960413370633908,0.5070281470450064,1.0
10.0,-103.17276158599793,0.0,2513.947022700758,0.001724647686427031,1.3972786616124284,0.5070542602584379,1.0
11.0,-103.26415238554273,0.0,2513.9469563462844,0.0008502021403270956,1.397889107448629,0.0,0.0
