iter,val,proj,gnorm,dnorm,xnorm,step,maxstep
1.0,1.9999999999995453,0.0,2503.8026670362824,0.9967584127226279,0.9999999999999999,0.5064718154782598,1.0
2.0,-56.35615376701867,0.0,2503.74295277628,0.4929667475566051,1.1131420467954232,0.5107643429589988,1.0
3.0,-85.21402850870254,0.0,2503.7133388056513,0.24264391735668842,1.2428848773195234,0.5163526021775653,1.0
4.0,-99.44117968958449,0.0,2503.698710147713,0.11748731351737876,1.3198061171087128,0.5193625407219693,1.0
5.0,-106.35125642266507,0.0,2503.6915931757185,0.056892367970222964,1.3595148353631423,0.5266059438806429,1.0
6.0,-109.71623799409554,0.0,2503.6881189973983,0.02732913398439264,1.3792232841082066,0.5375487124518301,1.0
7.0,-111.34169634875184,0.0,2503.68643665371,0.01292127893267437,1.3887793374109128,0.5523974177329841,1.0
8.0,-112.11401656004546,0.0,2503.685635265656,0.005960750858746171,1.3933039674497327,0.5713959823497335,1.0
9.0,-112.4715676315302,0.0,2503.6852632586015,0.0026561654653839938,1.3953830169031345,0.5948107860743421,1.0
10.0,-112.63108883160339,0.0,2503.685096807321,0.0011298462660885632,1.3963011931886729,0.6229029352613412,1.0
11.0,-112.69877654184438,0.0,2503.6850259547077,0.0004522197122054575,1.3966859873077924,0.0,0.0
