iter,val,proj,gnorm,dnorm,xnorm,step,maxstep
1.0,600.0,0.0,86.55047930545503,15.71054311261084,17.320508075688775,1.0,1.0
2.0,-31.726001663461204,0.0,80.78641890386565,6.191226776181327,12.497632131973994,1.0,1.0
3.0,-58.185971249308764,0.0,82.51141153336175,0.00010442085002166897,8.650969422866895,0.0,0.0
