iter,val,proj,gnorm,dnorm,xnorm,step,maxstep
1.0,600.0,0.0,88.3137084376214,15.745061644080529,17.320508075688775,1.0,1.0
2.0,-36.306839972158485,0.0,82.28331008815505,6.251068654352259,12.991920392761674,1.0,1.0
3.0,-62.66886520494833,0.0,84.02747976908547,0.00021753303269949224,8.995342023341728,0.0,0.0
