iter,val,proj,gnorm,dnorm,xnorm,step,maxstep
1.0,599.9999999999999,0.0,90.18745754264391,15.743424772081188,17.320508075688775,1.0,1.0
2.0,-41.53930453276834,0.0,83.76629565108445,6.6350316972525185,13.62134454704637,0.9999900673072067,1.0
3.0,-71.52683626857521,0.0,85.63870684794564,0.0003248317220797133,9.408153301788776,0.0,0.0
