iter,val,proj,gnorm,dnorm,xnorm,step,maxstep
1.0,600.0000000000002,0.0,88.40643396272581,15.766852389634632,17.320508075688775,1.0,1.0
2.0,-39.8424525689517,0.0,82.54414370670108,6.170516309047281,12.600386644912376,0.9999899670724154,1.0
3.0,-65.84839171246705,0.0,84.16972670273564,0.001066803935185672,8.964825487917071,0.9970079911236737,1.0
4.0,-65.8484619847939,0.0,84.1697347329453,1.8817515099890724e-07,8.96481677484471,0.0,0.0
