iter,val,proj,gnorm,dnorm,xnorm,step,maxstep
1.0,600.0,0.0,88.82633319014019,15.81040761973929,17.320508075688775,1.0,1.0
2.0,-47.90078147604905,0.0,82.53564919062703,5.940729215667725,13.09868404671918,0.9999946562634513,1.0
3.0,-73.04841714686621,0.0,84.11008128462866,0.0004168869653216888,9.643291698620107,0.0,0.0
