iter,val,proj,gnorm,dnorm,xnorm,step,maxstep
1.0,600.0,0.0,87.34940808044895,15.62958764768237,17.320508075688775,1.0,1.0
2.0,-37.69400730998575,0.0,81.25653407691397,6.233472842353734,12.798651235627117,0.998168781025515,1.0
3.0,-64.43950343365502,0.0,82.99374778265566,0.12257907147142638,9.078547056414951,0.8128334198998606,1.0
4.0,-64.45654166715406,0.0,82.9965429882688,0.01184766017248456,9.076495922578633,1.0,1.0
5.0,-64.45914553072765,0.0,82.99730026089628,0.0030681338576354286,9.076020118069957,1.2988933515214143,27.200083693442807
6.0,-64.45915164425857,0.0,82.99729720534286,0.0005079346011102729,9.076161341390367,0.0,0.0
