iter,val,proj,gnorm,dnorm,xnorm,step,maxstep
1.0,600.0,0.0,90.33973689360734,15.654335379789421,17.320508075688775,1.0,1.0
2.0,-44.40313405094159,0.0,83.96279550710663,6.1747634170415076,13.354135071205476,0.9998541679008902,1.0
3.0,-71.66763664093597,0.0,85.66335065833414,0.010811126679603466,9.603123612431698,0.9728061040652769,1.0
4.0,-71.66885698268055,0.0,85.663504999021,0.0001642849509629594,9.603631060304835,0.0,0.0
