iter,val,proj,gnorm,dnorm,xnorm,step,maxstep
1.0,600.0000000000002,0.0,88.21457632389786,15.725704976548236,17.320508075688775,1.0,1.0
2.0,-40.17915459801051,0.0,82.01829153767702,6.1921148754072615,13.071877664998219,0.9999999893801136,1.0
3.0,-67.48999577790273,0.0,83.72789766995265,6.034947730143067e-07,9.369037810707589,0.0,0.0
