iter,val,proj,gnorm,dnorm,xnorm,step,maxstep
1.0,599.9999999999999,0.0,88.62071466652478,15.68442541785012,17.320508075688775,1.0,1.0
2.0,-34.8090003482904,0.0,82.64943615100584,6.420052828004609,12.918442836438455,1.0,1.0
3.0,-63.19990183741187,0.0,84.43935108185869,0.0010052077750700601,8.953597692677553,1.0012547991582657,14.228919187454311
4.0,-63.19990234326713,0.0,84.43937637287829,1.055040141936608e-06,8.953585533632715,0.0,0.0
