iter,val,proj,gnorm,dnorm,xnorm,step,maxstep
1.0,600.0000000000001,0.0,89.12209102128159,15.689902660578637,17.320508075688775,1.0,1.0
2.0,-42.30774444226762,0.0,82.77511977322794,6.5806233773898075,13.287343957626593,0.9999891004638347,1.0
3.0,-71.84965481033974,0.0,84.60684460893835,0.005507522954006674,9.239057401513888,0.9999379111398826,1.0
4.0,-71.8497559720168,0.0,84.60657082654365,2.0636792538851617e-05,9.240063991022158,0.0,0.0
