iter,val,proj,gnorm,dnorm,xnorm,step,maxstep
1.0,600.0,0.0,85.78921954420497,15.601489315915252,17.320508075688775,1.0,1.0
2.0,-22.53794999865741,0.0,80.1461018793521,6.558676662475047,12.449177578918107,1.0,1.0
3.0,-51.315968833624396,0.0,82.0530950313483,0.07772818304141109,8.219323867892117,0.9999998588012124,1.0
4.0,-51.319824580129605,0.0,82.05290925737827,9.42405333106186e-07,8.220299568487299,0.0,0.0
