iter,val,proj,gnorm,dnorm,xnorm,step,maxstep
1.0,600.0,0.0,87.42977154268104,15.678911237187236,17.320508075688775,1.0,1.0
2.0,-32.84320400471046,0.0,81.41436982469413,6.578849098077508,12.918456907733663,0.9999785469323272,1.0
3.0,-62.14981739334672,0.0,83.29281743751625,0.0024773420392265252,8.684916480962377,0.9939917746591604,1.0
4.0,-62.1499839233534,0.0,83.29282792338084,1.3290096676892467e-06,8.684986763427158,0.0,0.0
