iter,val,proj,gnorm,dnorm,xnorm,step,maxstep
1.0,600.0000000000002,0.0,90.4786312562585,15.890506796172444,17.320508075688775,1.0,1.0
2.0,-47.78359218981868,0.0,84.12682840608173,6.2784728997666415,13.492687090061008,0.9999722857745891,1.0
3.0,-73.95224888653931,0.0,85.78896430321791,0.0032525786967012357,9.740263720071477,0.9913731256230301,1.0
4.0,-73.95243160932337,0.0,85.78897703874013,2.8678011100055878e-06,9.740309492338968,0.0,0.0
