iter,val,proj,gnorm,dnorm,xnorm,step,maxstep
1.0,600.0000000000001,0.0,92.61646379563301,15.81320408459502,17.320508075688775,1.0,1.0
2.0,-56.02763254140919,0.0,85.4225104907679,6.606898959684582,14.504149215782503,0.9907023276608441,1.0
3.0,-83.13206567168825,0.0,87.28454361277329,0.48008053730666916,10.509417573549996,0.6760289831885243,1.0
4.0,-83.24491321326192,0.0,87.26272015097615,0.0746393824014322,10.523139335607578,1.0,1.0
5.0,-83.26564861246055,0.0,87.27135470961517,0.03876601374957646,10.515241459430362,1.9117555682432796,5.6210799309764266
6.0,-83.26708510924806,0.0,87.26944625655435,0.018571484905068485,10.519592798359902,0.6791076546430767,20.059164117105155
7.0,-83.26720222138039,0.0,87.2707442824726,0.0031604460111902717,10.5184031424705,1.9117555676344555,47.89335737728428
8.0,-83.26721176908848,0.0,87.27058968925233,0.0015140626993001328,10.518780864899771,0.6791076549189009,235.29856345453433
9.0,-83.26721254747687,0.0,87.27069579872429,0.0002576591725907961,10.51868454311369,0.0,0.0
