iter,val,proj,gnorm,dnorm,xnorm,step,maxstep
1.0,600.0,0.0,88.01254282205917,15.767213539658643,17.320508075688775,1.0,1.0
2.0,-31.606827648353715,0.0,81.9024218838259,6.734940386129699,13.286557387855561,1.0,1.0
3.0,-60.71504979045122,0.0,83.85801201473551,0.006380338262679599,8.790008683393161,1.0073473481222561,22.258216123283994
4.0,-60.71507029436006,0.0,83.85817677978737,3.946224126686508e-05,8.78986030178742,0.0,0.0
