iter,val,proj,gnorm,dnorm,xnorm,step,maxstep
1.0,600.0,0.0,90.93411155340222,15.776761161289873,17.320508075688775,1.0,1.0
2.0,-53.02745812164508,0.0,84.10556021625027,6.367041538001792,13.954357619988762,0.9999857526920791,1.0
3.0,-80.49658087008577,0.0,85.85445878046541,0.0014793666744467825,10.062555111973657,0.9960146066647442,1.0
4.0,-80.49668412829422,0.0,85.85446558567892,7.591507918829947e-07,10.062584157594394,0.0,0.0
