iter,val,proj,gnorm,dnorm,xnorm,step,maxstep
1.0,10.000000000000014,0.0,34.34922540612524,6.188229638432224,7.0710678118654755,0.5086137864116408,1.0
2.0,-25.651785920543432,0.0,32.22818967851185,2.7591121319061545,7.511396454126383,0.5663797702632594,1.0
3.0,-37.774770947742496,0.0,31.500669706502002,1.4241007142785187,7.890735014795182,1.0,1.0
4.0,-44.99277875092352,0.0,31.108957461473,0.9819900904582479,7.926779306237032,1.0,1.0
5.0,-45.86450350165201,0.0,31.117210914414198,0.7284929695880958,7.414961763983085,1.0,1.0
6.0,-46.36186981268565,0.0,31.1218355487447,0.4616227726690584,7.259731826672816,1.0,1.0
7.0,-46.54918790166275,0.0,31.12674998983755,0.105353046883565,7.220646882308766,1.0,1.0
8.0,-46.55732368548389,0.0,31.128590389639573,3.1401849173675503e-16,7.219848511725026,0.0,0.0
