iter,val,proj,gnorm,dnorm,xnorm,step,maxstep
1.0,10.0,0.0,35.04442112521478,6.251466321530555,7.0710678118654755,0.5075713357167086,1.0
2.0,-29.397941355952554,0.0,32.738400169481636,2.759818880131469,7.54058648277595,0.5678108779479714,1.0
3.0,-43.51877062155789,0.0,31.898556665432558,1.4147811454297312,7.914902646860898,1.0,1.0
4.0,-52.314260755128714,0.0,31.41539449488006,0.9765459651701297,7.876775130555281,1.0,1.0
5.0,-53.16359242634815,0.0,31.424306721614474,0.6978439897308628,7.357540208589882,1.0,1.0
6.0,-53.62783499800195,0.0,31.428413548361707,0.4318821328450893,7.210528703928459,1.0,1.0
7.0,-53.78248799816798,0.0,31.43344767394342,0.0726406957704902,7.173131165506935,0.9999999999999999,1.0
8.0,-53.78818449184264,0.0,31.434316447876714,4.442856780343735e-16,7.171560262793008,0.0,0.0
