iter,val,proj,gnorm,dnorm,xnorm,step,maxstep
1.0,10.0,0.0,33.479526579699424,6.074808803575632,7.0710678118654755,0.5095520635384324,1.0
2.0,-25.070782425572048,0.0,31.34510964642631,2.6987058805451043,7.466924354535642,0.5781771864947873,1.0
3.0,-37.374896760641406,0.0,30.58872769034182,1.4049574562243636,7.79126600960014,1.0,1.0
4.0,-44.65584018945354,0.0,30.188172417216805,0.9990445966257417,7.704181976284926,1.0,1.0
5.0,-45.57546770018787,0.0,30.196299149532603,0.741413792130028,7.183741895661986,1.0,1.0
6.0,-46.09607868436506,0.0,30.199772029400275,0.49737004279168767,7.01882312417386,1.0,1.0
7.0,-46.343475716575895,0.0,30.203433030169155,0.09412786985752483,6.983980980000519,1.0,1.0
8.0,-46.35572797886843,0.0,30.20477650866989,0.00011833762020234546,6.982534837777053,0.0,0.0
