iter,val,proj,gnorm,dnorm,xnorm,step,maxstep
1.0,10.0,0.0,30.638924948519325,6.036452653185175,7.0710678118654755,0.5102323987476821,1.0
2.0,-19.067238411111646,0.0,28.706294937956393,2.561805136592941,7.452791870832511,0.6008634864539205,1.0
3.0,-28.583294814723303,0.0,28.085218775292624,1.3540789647922697,7.679368903026862,1.0,1.0
4.0,-33.931065817369216,0.0,27.80327683946323,1.046361477329567,7.288068044849735,1.0,1.0
5.0,-34.95897033501406,0.0,27.81416157909649,0.7880184164225134,6.649063007822045,1.0,1.0
6.0,-35.52857773936451,0.0,27.821706462489193,0.5102679510930227,6.43228109667253,1.0,1.0
7.0,-35.759956527484746,0.0,27.827718088086307,0.08444312337862706,6.382175740861708,1.0,1.0
8.0,-35.76765501938566,0.0,27.82922970167063,3.8459253727671276e-16,6.381769563419272,0.0,0.0
