iter,val,proj,gnorm,dnorm,xnorm,step,maxstep
1.0,10.0,0.0,32.876619321347505,6.047077833135605,7.0710678118654755,0.5099461873342668,1.0
2.0,-21.704450082555226,0.0,30.912686149010423,2.6083490656911774,7.454650968331391,0.5911351471959421,1.0
3.0,-32.51000092964891,0.0,30.24821676652332,1.3805480787699758,7.720484336110174,1.0,1.0
4.0,-38.65103374147305,0.0,29.92450086562307,1.0357228945263002,7.514076649707195,1.0,1.0
5.0,-39.65539882736903,0.0,29.93332744276904,0.7686910395755967,6.922884363218909,1.0,1.0
6.0,-40.20054524746616,0.0,29.940476793852902,0.5039231552466487,6.716036969493135,1.0,1.0
7.0,-40.43652068033762,0.0,29.944958349310845,0.0833948413943139,6.677180793129703,0.999999999649109,1.0
8.0,-40.44414347679023,0.0,29.946356781956325,7.53371334647991e-10,6.6749717773835195,0.0,0.0
