iter,val,proj,gnorm,dnorm,xnorm,step,maxstep
1.0,10.0,0.0,34.378031299084014,6.2634744725066085,7.0710678118654755,0.5072148453171633,1.0
2.0,-28.530501822497314,0.0,32.077386372920735,2.85503273892209,7.550738185368886,0.5558292743594401,1.0
3.0,-41.79695363349575,0.0,31.269331064784655,1.4588625286931507,7.99766156043253,0.8851653054947344,1.0
4.0,-49.07942523951661,0.0,30.855948462454784,0.9304389270424327,8.14112732658923,1.0,1.0
5.0,-50.60668137988169,0.0,30.81653240809171,0.6973607551195643,7.769012533413134,1.0,1.0
6.0,-51.062392417748335,0.0,30.822452378509784,0.4833192024255906,7.591539555554761,1.0,1.0
7.0,-51.28982438391942,0.0,30.825181587976253,0.12524341281977922,7.560239073055405,1.0,1.0
8.0,-51.30902996226414,0.0,30.826617925998903,0.0,7.559720639742146,0.0,0.0
