iter,val,proj,gnorm,dnorm,xnorm,step,maxstep
1.0,9.999999999999972,0.0,34.27534875097553,6.21804167124603,7.0710678118654755,0.5089486969074507,1.0
2.0,-23.65060577874958,0.0,32.27479011641561,2.6729170769757236,7.507094038167365,0.5831777362035142,1.0
3.0,-35.03161692806184,0.0,31.601192112767936,1.3985807942076447,7.8128348319517125,1.0,1.0
4.0,-41.58749452802475,0.0,31.26092348636308,0.9987068784582427,7.685646959772589,1.0,1.0
5.0,-42.52323262584925,0.0,31.26911479734635,0.7001434252529166,7.136075001644386,1.0,1.0
6.0,-42.96528488336241,0.0,31.276499727055562,0.410033761693479,6.950208373228298,1.0,1.0
7.0,-43.10771466826418,0.0,31.280636376468163,0.07491098635981658,6.91945236610194,0.9999991800207598,1.0
8.0,-43.11216270300433,0.0,31.281634333855518,2.397545530453207e-06,6.91929040560911,0.0,0.0
