iter,val,proj,gnorm,dnorm,xnorm,step,maxstep
1.0,10.0,0.0,31.43326740891249,5.884020827357276,7.0710678118654755,0.5131460986162688,1.0
2.0,-16.284667590170415,0.0,29.74613553670583,2.469243895381804,7.369815097181996,0.6202151757711869,1.0
3.0,-24.848088646463026,0.0,29.217097182256264,1.3590560652298855,7.518606422475365,1.0,1.0
4.0,-29.28645513915999,0.0,29.006680885403256,1.0610121612568286,7.177748575651389,1.0,1.0
5.0,-30.361739921794587,0.0,29.01526289585308,0.8013604733582004,6.575245655716768,1.0,1.0
6.0,-30.965065511703727,0.0,29.02219507027834,0.49430532304276653,6.357408933420288,1.0,1.0
7.0,-31.176608044941904,0.0,29.028947369454098,0.0656378725448082,6.305744783230706,1.0,1.0
8.0,-31.17998329570939,0.0,29.02991231590696,3.8459253727671276e-16,6.3037326389289845,0.0,0.0
