iter,val,proj,gnorm,dnorm,step,maxstep
1.0,41.37116338178362,0.0,68.74699583111259,12.201119467804116,0.5101152229033864,1.0
2.0,-104.17786237739904,0.0,64.42308152243837,5.3813375335820695,0.5892256579680577,1.0
3.0,-157.0694430557466,0.0,62.84487960147796,2.846444594018586,1.0,1.0
4.0,-187.78600324578304,0.0,62.02362784257888,2.0025309814782877,1.0,1.0
5.0,-191.5243913125749,0.0,62.041803412206704,1.4513582215786183,1.0,1.0
6.0,-193.48185153800594,0.0,62.05249635438065,0.8393506722692196,1.0,1.0
7.0,-194.1420720758233,0.0,62.060556615024204,0.051799076146020966,0.9999999284712816,1.0
8.0,-194.14516755981907,0.0,62.061086896244554,8.540193212401033e-07,0.0,0.0
