iter,val,proj,gnorm,dnorm,step,maxstep
1.0,41.371163381783674,0.0,67.83378299786774,12.154240333176444,0.5103099776372038,1.0
2.0,-100.52453859779564,0.0,63.562702727890205,5.3932761517363765,0.5855735881445114,1.0
3.0,-151.1061932807151,0.0,62.034329788772645,2.82786450427754,1.0,1.0
4.0,-180.70557499887687,0.0,61.24061227999306,2.0460280817695624,1.0,1.0
5.0,-184.55790502712762,0.0,61.259340023042775,1.4945765001464721,1.0,1.0
6.0,-186.67238170094862,0.0,61.27034071104226,0.8731413237818566,1.0,1.0
7.0,-187.35042826548573,0.0,61.28019456640326,0.09373716780618628,0.999993913387887,1.0
8.0,-187.3577603427093,0.0,61.281329405892215,4.813213197435586e-05,0.0,0.0
