iter,val,proj,gnorm,dnorm,step,maxstep
1.0,41.371163381783674,0.0,62.89361631994149,12.071240726706273,0.5109819234307874,1.0
2.0,-83.21169705288656,0.0,58.86225916755099,5.233944544872066,0.6006567797837817,1.0
3.0,-125.91855362987098,0.0,57.49222406948867,2.7906324822880983,1.0,1.0
4.0,-149.33977087054083,0.0,56.86164366397414,2.0821232225429003,1.0,1.0
5.0,-153.4467672319511,0.0,56.880408099342105,1.5265016210997076,1.0,1.0
6.0,-155.54990390657815,0.0,56.896502680146185,0.8768956848590792,1.0,1.0
7.0,-156.24490584580928,0.0,56.90581526472397,0.08000639725945671,0.9999999372832821,1.0
8.0,-156.25095292425183,0.0,56.90662510904621,1.0155004859485244e-05,0.0,0.0
