iter,val,proj,gnorm,dnorm,step,maxstep
1.0,41.371163381783674,0.0,69.22011632324097,12.47274350365613,0.5088287815001875,1.0
2.0,-103.27127659152933,0.0,64.95141703897062,5.435056672286544,0.5826432209467525,1.0
3.0,-154.23908960146497,0.0,63.44192995722015,2.8453751330800645,1.0,1.0
4.0,-184.12811453692078,0.0,62.65294896475512,1.9958775920369523,1.0,1.0
5.0,-187.80738200651538,0.0,62.67212462812699,1.3790920089934136,1.0,1.0
6.0,-189.50002912640434,0.0,62.685779126222975,0.7579025406286803,1.0,1.0
7.0,-190.01542988136805,0.0,62.69341734791147,0.07558463330727308,0.9999958253817443,1.0
8.0,-190.02031759836035,0.0,62.69406526835931,2.3047438633853955e-05,0.0,0.0
