iter,val,proj,gnorm,dnorm,step,maxstep
1.0,41.371163381783674,0.0,65.93538476266451,12.183224567110612,0.5104028995995433,1.0
2.0,-89.78566762044318,0.0,61.880568618218,5.275599179372044,0.5958346640923696,1.0
3.0,-135.39032643112506,0.0,60.47997287626499,2.807596269372378,1.0,1.0
4.0,-160.92888627834688,0.0,59.80512658666581,2.061527316134539,1.0,1.0
5.0,-164.94511332686298,0.0,59.82370820240308,1.5093903259443118,1.0,1.0
6.0,-167.03812931783753,0.0,59.83924405513015,0.8454398705329758,1.0,1.0
7.0,-167.71516028038562,0.0,59.848414567089904,0.08324863963373362,1.0,1.0
8.0,-167.72333677352262,0.0,59.84918217864756,0.0002222430619284197,0.0,0.0
