iter,val,proj,gnorm,dnorm,step,maxstep
1.0,41.371163381783674,0.0,66.73532509699949,12.435591517217086,0.5085230815076859,1.0
2.0,-101.7950559364944,0.0,62.33749689806286,5.464074772633332,0.5806923945223047,1.0
3.0,-151.7484209672039,0.0,60.79291979998935,2.8451659704951764,1.0,1.0
4.0,-181.0749168113163,0.0,59.98634103156731,1.9877992350200755,1.0,1.0
5.0,-184.72826366329426,0.0,60.007714773680824,1.4007119099275085,1.0,1.0
6.0,-186.51591190977,0.0,60.02052592650071,0.7800022131574962,1.0,1.0
7.0,-187.05471386921624,0.0,60.02808971164185,0.0754259885729754,1.0,1.0
8.0,-187.0599614146117,0.0,60.028766195803236,0.0007499764319658846,0.0,0.0
