iter,val,proj,gnorm,dnorm,step,maxstep
1.0,41.37116338178373,0.0,67.43865105265238,12.195489368846017,0.5101680233474252,1.0
2.0,-91.23135420271348,0.0,63.432495180365656,5.315076007844636,0.5914910964425231,1.0
3.0,-137.11822577253258,0.0,62.05512431817299,2.8136422390229106,1.0,1.0
4.0,-163.2281514671683,0.0,61.37973874090726,2.050269944091415,1.0,1.0
5.0,-167.16429808977944,0.0,61.39878411740831,1.480755105512152,1.0,1.0
6.0,-169.1969042332497,0.0,61.41170843353806,0.8437598528388223,1.0,1.0
7.0,-169.8234566961989,0.0,61.421283919312984,0.07578977205825285,1.0,1.0
8.0,-169.82963543826116,0.0,61.42209397232178,6.127241437426162e-09,0.0,0.0
