iter,val,proj,gnorm,dnorm,step,maxstep
1.0,41.371163381783674,0.0,65.7182962028065,12.141148674350553,0.5106259974860836,1.0
2.0,-87.014023990657,0.0,61.74287795093808,5.293643611657778,0.5929602005113199,1.0
3.0,-130.88790751170058,0.0,60.394988660476244,2.7926497243451838,1.0,1.0
4.0,-155.59632031420222,0.0,59.749945939213816,2.0832973824582504,1.0,1.0
5.0,-159.6520905625244,0.0,59.769703688363535,1.521115178360655,1.0,1.0
6.0,-161.7967522267021,0.0,59.78384678516074,0.9089365944584037,1.0,1.0
7.0,-162.557521431785,0.0,59.794096185730325,0.07257626347345793,0.9999985612517914,1.0
8.0,-162.56375178094274,0.0,59.79496926161951,7.3294574429417095e-06,0.0,0.0
