iter,val,proj,gnorm,dnorm,xnorm,step,maxstep
1.0,20.0,0.0,1764.129519589194,13.610544380962644,14.142135623730951,0.5286716260518758,1.0
2.0,-436.7682982876013,0.0,1764.0244006555556,6.0362043621016035,15.77811984749633,0.5423258081240527,1.0
3.0,-624.6474753375605,0.0,1763.933403093368,2.756106953792307,17.266200626185494,0.5766018214454212,1.0
4.0,-709.2562778635092,0.0,1763.92294747892,1.327215817853992,18.03742413442182,0.7786805869104028,1.0
5.0,-755.9782329783811,0.0,1763.8951633537292,0.7497840939467068,18.36618700439794,1.0,1.0
6.0,-769.370764412768,0.0,1763.903445044041,0.6851872788003821,18.299805243714868,1.0,1.0
7.0,-769.753894722071,0.0,1763.8772258494253,0.6729159866023793,18.12324051866133,1.0,1.0
8.0,-770.055934009828,0.0,1763.9108058924642,0.7346983695876808,18.0333771907539,0.7052931417686701,1.0
9.0,-770.2546012661405,0.0,1763.8752156895653,0.48451431592519,17.95801448987826,1.0,1.0
10.0,-770.4453341838071,0.0,1763.9010307170647,0.464061889944532,17.92824053932174,0.9403683722164642,1.0
11.0,-770.5477238846543,0.0,1763.876985160646,0.2909619497706588,17.88742084277413,1.0,1.0
12.0,-770.6148677683941,0.0,1763.8892808039493,0.19450441627520929,17.88980090513591,1.0,1.0
13.0,-770.647203152088,0.0,1763.883211937327,0.058756666434215586,17.88089221091587,0.8816486571202268,1.6242358110286865
14.0,-770.6487250301361,0.0,1763.8855694599251,0.009451251087749697,17.882774905535822,0.8866137723367735,7.031299922401317
15.0,-770.6487646290516,0.0,1763.885152704527,0.00218208730769019,17.88222843002741,1.0875156309062028,45.29534585051119
16.0,-770.6487672181265,0.0,1763.8852527352408,0.0007950975999073665,17.88235771793358,0.0,0.0
