iter,val,proj,gnorm,dnorm,xnorm,step,maxstep
1.0,19.999999999996362,0.0,1769.9142422366117,13.185294944558503,14.142135623730951,0.45337760630829305,1.0
2.0,-443.617276189103,0.0,1768.7107151576886,6.951638500712192,15.238707087348565,0.48957773156417467,1.0
3.0,-682.9978972284061,0.0,1768.1952931720612,3.6751153412599185,16.637164390582946,0.5525069799816361,1.0
4.0,-811.1060529954411,0.0,1768.1510876520636,1.8896098663411351,17.534806775432592,0.6630162908807581,1.0
5.0,-877.289588828211,0.0,1768.1217279170523,1.0959259260829672,17.959460756657073,0.7006202619885491,1.0
6.0,-900.6003818521094,0.0,1768.2083186148718,1.0322058061715267,18.027056712742148,0.5469297488632231,1.0
7.0,-906.2715036568716,0.0,1768.1251430288664,0.8418583109059776,17.971199869703458,0.9698255437923893,1.0
8.0,-910.9587427623828,0.0,1768.2193564214222,1.0155892372572157,17.853582005301654,0.5086780159395106,1.0
9.0,-911.3459481847367,0.0,1768.1361560634684,0.7033110261060422,17.783638228334024,1.0,1.0
10.0,-911.840121469626,0.0,1768.1964367380942,0.6586547666324384,17.677378740833095,1.0,1.0
11.0,-912.1390673389196,0.0,1768.1425467351467,0.5935857373961,17.605969307919917,1.0,1.0
12.0,-912.330767317766,0.0,1768.2131937267218,0.534500147242979,17.57554873100386,0.7737459373937037,1.0
13.0,-912.4498860790882,0.0,1768.1552135952388,0.35657454554195284,17.566685405550857,1.0,1.0
14.0,-912.5313446438013,0.0,1768.1881385035513,0.2644755798472463,17.568952844481156,0.6313628853478318,1.0
15.0,-912.5582160523627,0.0,1768.1626056797602,0.1015648995008671,17.574491962284675,1.0,1.0
16.0,-912.567604392485,0.0,1768.1679330325678,0.0848504928853734,17.583838406754207,2.0575442596211158,4.245490604360819
17.0,-912.5750111466095,0.0,1768.1545482865893,0.14165956083744163,17.60631652185129,0.692134985773802,1.003875589539712
18.0,-912.5819558322073,0.0,1768.1677491341684,0.0795575966270802,17.612934968475546,1.8921453843199938,1.8921453843199938
19.0,-912.588425194057,0.0,1768.156146962175,0.02825592985566881,17.633683747598877,0.9993386663410698,47.985066575323174
20.0,-912.5888241288394,0.0,1768.1592359716465,0.00021877453661868623,17.630421728128052,0.0,0.0
