iter,val,proj,gnorm,dnorm,xnorm,step,maxstep
1.0,19.999999999996362,0.0,1769.346404867063,13.540256725778875,14.142135623730951,0.513640570773715,1.0
2.0,-522.5170718382087,0.0,1768.0710699345948,6.587492834642896,15.694426755469975,0.5714213385084017,1.0
3.0,-780.0626462265282,0.0,1767.7704427356168,2.8508987488169963,17.47457917554019,0.6163668245400417,1.0
4.0,-891.1925133560344,0.0,1767.6879661281273,1.2169811005524585,18.34447298974507,0.7881772003410585,1.0
5.0,-944.0874908916721,0.0,1767.6419058197396,0.6143653945143792,18.714324328362604,1.0,1.0
6.0,-958.3574721808836,0.0,1767.63040737903,0.5308917312997089,18.696990692783146,1.0,1.0
7.0,-958.6373672730115,0.0,1767.62966041626,0.5070663217325444,18.589372828998492,1.0,1.0
8.0,-958.8895534206131,0.0,1767.6351059231824,0.47983008768151586,18.509993795965045,1.0,1.0
9.0,-959.1158221034802,0.0,1767.6207387556396,0.4369807757270473,18.453445404631882,1.0,1.0
10.0,-959.2967823112886,0.0,1767.6207737612353,0.3872711803978149,18.4157504649758,1.0,1.0
11.0,-959.4490666031634,0.0,1767.6168707140273,0.31758403451768863,18.39805200212826,1.0,1.0
12.0,-959.5412884160887,0.0,1767.6127114082744,0.17065570787671142,18.389270310227165,1.0,1.0
13.0,-959.5663319081395,0.0,1767.6179585301597,0.04023717748824818,18.387547632417633,0.9999781795531895,1.338884594042238
14.0,-959.5671414056851,0.0,1767.6228396515835,1.2656905765115421e-05,18.38802943087046,0.0,0.0
