iter,val,proj,gnorm,dnorm,xnorm,step,maxstep
1.0,20.000000000003638,0.0,1756.4128798844536,13.867918339712093,14.142135623730951,0.48542670997369297,1.0
2.0,-506.6213100994428,0.0,1755.900047512282,7.050940194838327,15.623681258165636,0.5100617543761132,1.0
3.0,-754.2888456155106,0.0,1755.8380897727723,3.432718859714573,17.351044697284994,0.5219010160510233,1.0
4.0,-869.0828333079589,0.0,1755.8251010567571,1.6897832494819103,18.33816945853989,0.5691644168946765,1.0
5.0,-926.603063911738,0.0,1755.8220388923467,0.8664808340210234,18.83950144040936,0.8087462734042656,1.0
6.0,-961.144255857962,0.0,1755.8214877237917,0.49623991525200883,19.09951201068629,1.0,1.0
7.0,-969.3976854735629,0.0,1755.820038276368,0.4125090465321064,19.076353158171216,1.0,1.0
8.0,-969.563966332822,0.0,1755.813038347237,0.3441983473997521,19.00872101929595,1.0,1.0
9.0,-969.6822700230441,0.0,1755.8066666449813,0.29224750399880967,18.969935354281304,1.0,1.0
10.0,-969.764921101143,0.0,1755.8070883727555,0.24439455506545274,18.948846808354027,1.0,1.0
11.0,-969.8186042610123,0.0,1755.8071332563586,0.17684795529212474,18.93759420168432,1.0,1.0
12.0,-969.8487741025529,0.0,1755.807677834326,0.11138743782896027,18.93368151715161,1.0,1.0
13.0,-969.862297134041,0.0,1755.8084459199904,0.04686722816837341,18.932570586968744,0.9999999999999998,1.674099001675354
14.0,-969.8633954025954,0.0,1755.8089182412734,6.938893903907228e-18,18.93243436873815,0.0,0.0
