iter,val,proj,gnorm,dnorm,xnorm,step,maxstep
1.0,19.999999999994543,0.0,1765.6820834668965,13.465689868142663,14.142135623730951,0.49112510091871886,1.0
2.0,-460.4311310405974,0.0,1764.7036004512913,6.5423412385433775,15.534630259846216,0.5163803321434389,1.0
3.0,-682.8009811875345,0.0,1764.3079791771097,3.1651378287046588,17.037414020107764,0.5843000002994978,1.0
4.0,-796.014926507778,0.0,1764.1682146053752,1.4801412944800447,17.851974732646827,0.7533881789250643,1.0
5.0,-854.5686961945084,0.0,1764.1086551957678,0.7986806477271845,18.21512026267238,1.0,1.0
6.0,-873.7805004626316,0.0,1764.0866304971823,0.6908874054257285,18.168030467173264,1.0,1.0
7.0,-874.2519286455645,0.0,1764.0913202954775,0.6149118370659937,17.976886712023013,1.0,1.0
8.0,-874.6158601359148,0.0,1764.084466716238,0.5056451103063221,17.83628409171412,1.0,1.0
9.0,-874.8636767273729,0.0,1764.0764627304773,0.4394586375159198,17.756033828234287,1.0,1.0
10.0,-875.0519056683861,0.0,1764.0728351850273,0.4066516276372639,17.7129105968457,1.0,1.0
11.0,-875.2145058034312,0.0,1764.081385694874,0.3471821130940124,17.68986287319995,1.0,1.0
12.0,-875.3318175522963,0.0,1764.0801380625103,0.19936977546777837,17.67857974667044,1.0,1.0
13.0,-875.372234969951,0.0,1764.0795810794048,0.015892319064878833,17.676551340197282,1.0,1.0
14.0,-875.3724376182399,0.0,1764.0806251650404,0.0008112919036598192,17.676910626629727,0.0,0.0
