iter,val,proj,gnorm,dnorm,xnorm,step,maxstep
1.0,500.0,0.0,77.42963386200789,36.82309586667895,158.11388300841898,0.5036865803776375,1.6971695902211859
2.0,158.51551108229523,0.0,68.18519076261515,3.174259213824418,157.60810806735893,41.92329589047707,41.92329589047707
3.0,-130.40685524196692,0.0,71.91025994401836,17.364624198662213,25.021673008141658,0.5971674118351102,1.0
4.0,-250.7219278615703,0.0,68.42036386702884,4.725396515562624,29.785085125551618,0.9782761633788895,1.0
5.0,-264.95701852404545,0.0,68.20605722215328,3.5300810997921137,29.744791732299085,1.0,1.0
6.0,-274.0291753295968,0.0,68.21643356436138,2.8476865179896738,27.23437880421312,1.0,1.0
7.0,-280.347741206845,0.0,68.2247679705116,2.29869009110442,25.70141363262944,1.0,1.0
8.0,-285.2743279495718,0.0,68.22390512517948,2.227628238231114,25.077569303917908,1.0,1.0
9.0,-289.22846535740246,0.0,68.23582170856139,1.455195350156388,24.4452752973201,1.0,1.0
10.0,-291.4882379193749,0.0,68.23837546562933,1.1367008107102785,24.265001018427252,1.0,1.0
11.0,-292.4928327619969,0.0,68.25046679836463,0.1816608868090265,24.190783949698837,0.9999648317868782,1.0
12.0,-292.5321123177448,0.0,68.2526613846491,0.0005212140066596566,24.187380529610508,0.0,0.0
