iter,val,proj,gnorm,dnorm,xnorm,step,maxstep
1.0,500.0,0.0,74.6616668847167,35.79899727493672,158.11388300841898,0.5039310977974631,1.6511984814680525
2.0,177.08896355153138,0.0,65.59622925202127,3.1746881164451466,157.54846469699197,45.12859275245315,45.12859275245315
3.0,-117.5788267657303,0.0,70.20930630553084,17.199766850248203,14.798367667060349,0.7330799773852976,1.0
4.0,-256.34484493524235,0.0,65.85142045234551,4.312496718657919,23.866659330999422,1.0,1.0
5.0,-268.3350677075376,0.0,65.62937693563893,2.2464656281544984,24.77144085360258,1.0,1.0
6.0,-272.7174518782922,0.0,65.64080036602776,1.9805931916481472,23.858021726398505,1.0,1.0
7.0,-275.1925718601559,0.0,65.66235165481108,0.5479927018131348,23.49230772992328,1.0,1.0
8.0,-275.616452560595,0.0,65.66535182124885,0.13404885912698647,23.47998626284363,0.9999998855917788,1.0
9.0,-275.62848675780947,0.0,65.66755382311591,8.538199252587866e-07,23.478839754751554,0.0,0.0
