iter,val,proj,gnorm,dnorm,xnorm,step,maxstep
1.0,500.0,0.0,74.46438050508175,37.33183401625383,158.11388300841898,0.5035974830020472,1.6326309693951446
2.0,149.07669767691186,0.0,64.51439475506541,3.1741929357310554,157.6383541545372,39.19933685436391,39.19933685436391
3.0,-129.71982304073163,0.0,67.91779262008572,17.78389766478161,33.65126384013753,0.5636621235490952,1.0
4.0,-238.36416518398528,0.0,64.70374325612629,4.55047812478882,36.56278583737849,1.0,1.0
5.0,-251.7914520482252,0.0,64.5381413161291,3.6840415623932268,35.33604780997643,1.6943519944461385,1.6943519944461385
6.0,-264.20063239197805,0.0,64.6878345598971,4.786016475367956,30.763531760130324,0.8118098864995313,1.0
7.0,-274.2343564427513,0.0,64.55648547356958,3.3072873260357323,29.114847206685347,1.0,1.0
8.0,-281.7591858532138,0.0,64.56710496431509,3.3181865552898873,27.980136336926726,1.0,1.0
9.0,-288.2789740824387,0.0,64.56952519265423,2.7212146679643565,26.227393071928653,1.0,1.0
10.0,-293.41786447522026,0.0,64.57620255701309,2.6838415497384234,25.63697505506933,1.0,1.0
11.0,-297.59603930800404,0.0,64.57545162000116,1.9730280736376202,24.92703676789126,1.0,1.0
12.0,-300.45970151597356,0.0,64.57851942647153,1.6168349133938567,24.72642446960682,0.9716550569425966,1.0
13.0,-301.8606014066757,0.0,64.58071178033052,0.8179235142343317,24.602004025396695,0.5747627517741556,1.0
14.0,-302.1917473897995,0.0,64.5802633635222,0.2831905435642263,24.596502205259835,1.0,1.0
15.0,-302.29837233287435,0.0,64.58380477991994,0.19910754716122392,24.591516186845965,0.9421746793681507,1.7375900614603061
16.0,-302.3170480323759,0.0,64.58296981022542,0.0020352221770143673,24.589005107542704,1.0371314047043874,53.05129244586077
17.0,-302.31705018034194,0.0,64.58298071593396,4.785363867934567e-05,24.588974975699614,0.0,0.0
