iter,val,proj,gnorm,dnorm,xnorm,step,maxstep
1.0,500.0000000000009,0.0,73.37622247025394,35.51296321523654,158.11388300841898,0.503992946808381,1.628920463781804
2.0,182.1894674444584,0.0,64.28833629309982,3.1749535726015035,157.5320779614439,45.262347234598934,45.262347234598934
3.0,-109.47713642082698,0.0,69.11592685744462,17.440839242707806,14.331084404758728,0.7301593177976161,1.0
4.0,-252.06846068797097,0.0,64.55315844803539,4.296586631633626,23.501564218635277,1.0,1.0
5.0,-264.09590910183965,0.0,64.32084956824443,2.1979800606716333,24.530669135099913,1.0,1.0
6.0,-268.1446770217826,0.0,64.33662054625833,1.8725491891613293,23.590991848398957,1.0,1.0
7.0,-270.24748808206664,0.0,64.35819566546098,0.6014936800377246,23.277952727532785,1.0,1.0
8.0,-270.6329372822523,0.0,64.35875811187039,0.22426673659010984,23.27024984000602,0.988085709517063,1.0
9.0,-270.66664908011603,0.0,64.3604299407953,0.002713444255773134,23.266479884138803,1.0,1.0
10.0,-270.66675960286557,0.0,64.36043249663211,4.110281017547485e-05,23.26652124977849,0.0,0.0
