iter,val,proj,gnorm,dnorm,xnorm,step,maxstep
1.0,500.0,0.0,72.6857959989708,35.14506943864303,158.11388300841898,0.5040775227332097,1.619153366725027
2.0,188.68779462044222,0.0,63.70413437087372,3.175178592574803,157.51118515151703,45.54082688413503,45.54082688413503
3.0,-100.86721762296281,0.0,68.71283590131151,17.585707577984987,13.348458861244147,0.7549740968461,1.0
4.0,-248.29687026616392,0.0,63.95284258984025,4.217241518111837,23.136200605450963,1.0,1.0
5.0,-259.66515832580865,0.0,63.74160469896232,2.0925020647126757,24.099019456958395,1.0,1.0
6.0,-263.6750917476806,0.0,63.75066936601361,1.8312676282014986,23.32218610924943,1.0,1.0
7.0,-265.72312402488075,0.0,63.77334719240953,0.33200665078603636,23.0622270740021,0.9085814557280064,1.0
8.0,-265.84016821106195,0.0,63.77590417635949,0.08066441180008052,23.060052090390798,1.0,1.0
9.0,-265.8506282890017,0.0,63.77636205056971,0.007056637059700027,23.05869248688152,0.9838968139646145,37.17458300652486
10.0,-265.85065278612626,0.0,63.77637429170514,5.6277327704835493e-05,23.058596372766125,0.0,0.0
