iter,val,proj,gnorm,dnorm,xnorm,step,maxstep
1.0,500.0,0.0,73.34649725790865,35.28074589999319,158.11388300841898,0.5040382114307612,1.6304991731477816
2.0,186.30399864570063,0.0,64.383918214775,3.1751964809956505,157.5188602405453,41.624809860615514,41.624809860615514
3.0,-91.45508523063609,0.0,68.5488001868744,18.340404264475453,25.602423480292646,0.5955344810974812,1.0
4.0,-220.83575557936842,0.0,64.63865056761546,4.922180213901194,29.989144472015933,0.9540914262855186,1.0
5.0,-235.52794388716939,0.0,64.40790534395965,3.5997853622782725,29.639606279292828,1.0,1.0
6.0,-245.09389411884587,0.0,64.41302452110584,3.090759461047147,27.179626620804026,1.0,1.0
7.0,-252.72360540216954,0.0,64.41631447213439,2.4932773417338256,25.300063978287362,1.0,1.0
8.0,-258.44012472159216,0.0,64.41958275578365,2.4253590326485743,24.431211816548934,1.0,1.0
9.0,-263.14611644278705,0.0,64.43248049092354,1.70252506572464,23.576825866783725,1.0,1.0
10.0,-266.2320053044382,0.0,64.4327887427717,1.4681848146275416,23.324791225869518,1.0,1.0
11.0,-267.8855750463073,0.0,64.44840471924009,0.44981419755179103,23.164138627908226,1.0,1.0
12.0,-268.0825174151697,0.0,64.45384613090792,0.05188920715577186,23.155686895738388,0.9987833102558101,5.199893847057129
13.0,-268.0838620221168,0.0,64.45387190522746,0.0009434433978841533,23.15506055781781,0.0,0.0
