iter,val,proj,gnorm,dnorm,xnorm,step,maxstep
1.0,500.0000000000009,0.0,75.59760902307558,38.18705982945622,158.11388300841898,0.5034310767341675,1.6464583334444711
2.0,132.93542893236918,0.0,65.32241817232575,3.1732435736074738,157.69005151801085,43.49909229485506,43.49909229485506
3.0,-173.5962709944041,0.0,69.14205630302101,16.213228765626454,20.49947606364438,0.6814453815524782,1.0
4.0,-287.9149341207097,0.0,65.59224380201047,4.6484940478754195,27.311096462905024,1.0,1.0
5.0,-301.2779109799983,0.0,65.35507998135152,3.0316548658451707,27.6961587399743,1.0,1.0
6.0,-307.52122152676657,0.0,65.3728948028242,2.7380362103677354,26.37349801062831,1.254751075743798,1.6268877859106108
7.0,-312.2245569903472,0.0,65.41813604841596,1.668485513587113,25.235568012249814,1.0,1.0
8.0,-314.9734725913473,0.0,65.3747699331611,1.4588088280309623,25.294784791480897,1.0,1.0
9.0,-316.27417235523785,0.0,65.39242477020055,0.23617583590811095,25.153872433292598,0.6942506772326182,1.0
10.0,-316.3256285912233,0.0,65.3930695951325,0.07638689570527973,25.153030655220217,1.0,1.0
11.0,-316.3414945186557,0.0,65.39369880442608,0.03361385725097945,25.15274139919101,1.000136322324544,1.1054858951024449
12.0,-316.34205954136905,0.0,65.3937401548144,0.00043044785432769055,25.152715427272994,0.0,0.0
