iter,val,proj,gnorm,dnorm,xnorm,step,maxstep
1.0,500.0,0.0,74.56777860446428,35.7362951285514,158.11388300841898,0.5039510223036785,1.6499452633958775
2.0,178.20641132876426,0.0,65.52162529241198,3.1751555453311657,157.54486787470927,39.23065824477405,39.23065824477405
3.0,-91.67854711056407,0.0,69.15946898614185,18.67812877123377,33.25324420159404,0.5522900380792288,1.0
4.0,-210.0370851535231,0.0,65.69479189145177,4.548544235085671,36.05773376380223,0.987534053868004,1.0
5.0,-223.2745944624087,0.0,65.54880700618114,3.694889235339686,34.77293708461731,1.0,1.0
6.0,-233.2713346116691,0.0,65.54902195081236,3.2641317141197868,31.787102669935702,1.0,1.0
7.0,-242.71861597546047,0.0,65.53375175131882,3.109657024146347,29.614377340954352,1.0,1.0
8.0,-251.11076551797078,0.0,65.54311929120344,2.8980410751383796,27.680308098626497,1.0,1.0
9.0,-258.1600013378445,0.0,65.553729961481,2.4291633164140554,25.836969039639996,1.0,1.0
10.0,-263.83547152338093,0.0,65.55576953862999,2.3563885507518236,24.93510065334441,1.0,1.0
11.0,-268.72468630317326,0.0,65.5645973782135,1.8428767042981424,24.07027194784414,1.0,1.0
12.0,-272.1362697554082,0.0,65.56922071757073,1.5869115663997935,23.695139725457466,1.0,1.0
13.0,-274.3565112194516,0.0,65.58032234516756,0.8652291661361434,23.48773339064518,1.0,1.0
14.0,-274.9901890468467,0.0,65.59077505242138,0.09947298522340137,23.45267950153125,0.999997686295098,1.0
15.0,-274.99797258103644,0.0,65.59232845463737,3.491121123054194e-05,23.452019524829826,0.0,0.0
