iter,val,proj,gnorm,dnorm,xnorm,step,maxstep
1.0,5.000000000000455,0.0,1771.7586774377598,3.5051911217507095,3.5355339059327378,0.5222891167615619,1.0
2.0,-126.416289210787,0.0,1771.5232642055798,1.6760380608033285,3.9657850987613954,0.5315922844050879,1.0
3.0,-188.01955951567743,0.0,1771.4115048001213,0.8071924169511648,4.42541711847923,0.5665568864084656,1.0
4.0,-218.2311354296944,0.0,1771.3563719016392,0.3808861090039463,4.692633852318156,0.6551682705839078,1.0
5.0,-233.24509701679017,0.0,1771.3289074474396,0.15149677578279733,4.831749757889465,0.7664114598593407,1.0
6.0,-239.2765815022335,0.0,1771.317867142488,0.04477609748755972,4.887825617403872,0.8901073686564284,1.0
7.0,-240.91001057535732,0.0,1771.3148793432074,0.008331128774378737,4.902213756930314,1.0,1.0
8.0,-241.11156002016241,0.0,1771.3145118223563,0.0004968807103284144,4.903657627005435,0.0,0.0
