iter,val,proj,gnorm,dnorm,xnorm,step,maxstep
1.0,5.0,0.0,1764.129519589194,3.519938138660963,3.5355339059327378,0.5263546842309278,1.0
2.0,-118.19869963696829,0.0,1764.0916224147825,1.6629026961402682,3.9807752292901997,0.535784945342776,1.0
3.0,-175.29529134329232,0.0,1764.0776304143465,0.7887859975198978,4.445008778817699,0.5637679749744238,1.0
4.0,-202.65986095439484,0.0,1764.0716765395855,0.3647640782644694,4.707615747075445,0.6174703533079055,1.0
5.0,-215.61567397109502,0.0,1764.0693436386973,0.15680959006280684,4.836846155298823,0.7052904360017292,1.0
6.0,-221.25221834361037,0.0,1764.068539165628,0.05706092617288652,4.892376253421987,0.8309669649345492,1.0
7.0,-223.20557916621192,0.0,1764.068360234412,0.014426841872521422,4.910610286230134,0.9746217362856926,1.0
8.0,-223.59254515839575,0.0,1764.06836420129,0.0014781250372887975,4.913686962128443,1.0,1.0
9.0,-223.60261937743144,0.0,1764.0683722600559,2.9742346884920247e-05,4.913649521562664,0.0,0.0
