iter,val,proj,gnorm,dnorm,xnorm,step,maxstep
1.0,5.0,0.0,1764.666464539404,3.4959407072448223,3.5355339059327378,0.525736136394458,1.0
2.0,-133.47394927162486,0.0,1764.4689449444195,1.6611737956087296,3.9651783742476847,0.5412592911373031,1.0
3.0,-198.79326445776678,0.0,1764.3758003735984,0.7879514250407211,4.420173429392033,0.5829445868513164,1.0
4.0,-230.5349340520329,0.0,1764.3321273327945,0.3585894072331729,4.680012964413732,0.6598390030084129,1.0
5.0,-245.40063065808226,0.0,1764.313086893267,0.14536285159058826,4.807122831361546,0.7904236076100236,1.0
6.0,-251.43570423218944,0.0,1764.3062992042735,0.04451860077741467,4.857436809329937,0.9700221454033243,1.0
7.0,-252.98547172320787,0.0,1764.3050493540816,0.005970732955395422,4.868810804747373,1.0,1.0
8.0,-253.03334781731428,0.0,1764.3051414668626,0.00014839258199399752,4.868671033632253,0.0,0.0
