iter,val,proj,gnorm,dnorm,xnorm,step,maxstep
1.0,4.9999999999990905,0.0,1769.2174457782176,3.5125827155148017,3.5355339059327378,0.4544927249803339,1.0
2.0,-115.88625616976924,0.0,1768.9574446975746,1.908922964781459,3.865759673303289,0.473410248700018,1.0
3.0,-182.14994935104323,0.0,1768.7878488292154,1.035461603364468,4.288126023393513,0.5080480241465021,1.0
4.0,-218.86285022375932,0.0,1768.6825046238043,0.5372306822996951,4.574815062713763,0.5603210596044295,1.0
5.0,-238.56537978040342,0.0,1768.6244085628427,0.25277903581321376,4.742540384816918,0.6288718149710995,1.0
6.0,-248.23172126659074,0.0,1768.598466658184,0.10948332519657511,4.826427052018461,0.7478348366198273,1.0
7.0,-252.48601456854067,0.0,1768.5886222381716,0.03762270455557376,4.862617682156157,0.9165982680389062,1.0
8.0,-253.79924633409018,0.0,1768.5864414298687,0.00705315144485528,4.87302120642805,1.0,1.0
9.0,-253.91868428104362,0.0,1768.5865329446772,0.0003877628208738517,4.8736493153564995,0.0,0.0
