iter,val,proj,gnorm,dnorm,xnorm,step,maxstep
1.0,5.0,0.0,1754.51943980225,3.4984777914319887,3.5355339059327378,0.5134471745877383,1.0
2.0,-135.028539418719,0.0,1754.3170989613864,1.7108519513039122,3.9460089588247746,0.5211342867113106,1.0
3.0,-201.88043343570325,0.0,1754.2196847784548,0.821083742109591,4.402966517936466,0.5284895152595612,1.0
4.0,-233.79908615960585,0.0,1754.173089507479,0.3929137762718324,4.666445940413513,0.5498279015923618,1.0
5.0,-249.32925910779295,0.0,1754.1504873573385,0.18486074488520232,4.800462534017501,0.5874621836052016,1.0
6.0,-256.7697291719005,0.0,1754.1397038661228,0.08254322704326979,4.864975754411032,0.6441974229247797,1.0
7.0,-260.129304073414,0.0,1754.1348607502616,0.033266377376291484,4.893658997106124,0.7226466729576833,1.0
8.0,-261.46904589623,0.0,1754.1329430122132,0.011170504719684763,4.904726242153661,0.8223632237982401,1.0
9.0,-261.89174343002514,0.0,1754.1323442189885,0.002705641164061639,4.908017658913467,0.9325056079959207,1.0
10.0,-261.9768748839774,0.0,1754.1322258741573,0.0003457576516882011,4.908603872812767,0.0,0.0
