iter,val,proj,gnorm,dnorm,xnorm,step,maxstep
1.0,5.0,0.0,1752.975684732107,3.489995970628045,3.5355339059327378,0.4944861170872699,1.0
2.0,-135.87358046532017,0.0,1752.745864321977,1.7730442330304919,3.9077227864694803,0.5075887054361853,1.0
3.0,-206.63725096058897,0.0,1752.6217583900632,0.9043052059431775,4.354574852897013,0.5456671911744493,1.0
4.0,-243.47236840694904,0.0,1752.553988630365,0.4489550829864292,4.637848186443268,0.6318029084133573,1.0
5.0,-262.6828092462342,0.0,1752.5163360794957,0.18498490132905734,4.797372690076802,0.7202907900477176,1.0
6.0,-270.71107578434203,0.0,1752.5005826356537,0.06216557933889192,4.865188032077672,0.8261132679778384,1.0
7.0,-273.28162914533414,0.0,1752.4955381632885,0.015142829272825058,4.886564206863183,0.9503595066617818,1.0
8.0,-273.7954795828464,0.0,1752.494530695702,0.0017829179580664996,4.890561540709643,1.0,1.0
9.0,-273.8223144038907,0.0,1752.4944783285105,5.72052131930152e-05,4.890702324866916,0.0,0.0
