iter,val,proj,gnorm,dnorm,xnorm,step,maxstep
1.0,4.9999999999990905,0.0,1764.5644159502933,3.5088322843931987,3.5355339059327378,0.49945644805550676,1.0
2.0,-142.41579531079378,0.0,1764.3009894045829,1.7585471527844345,3.9333695718258563,0.5253171638145244,1.0
3.0,-217.62872082811327,0.0,1764.1624333383843,0.8787002408456791,4.391618092156527,0.5790213951834852,1.0
4.0,-256.3661463310459,0.0,1764.0914750513173,0.4209251694521341,4.676550107402713,0.7376468401951566,1.0
5.0,-276.97727610238053,0.0,1764.0589670829015,0.18674293408305281,4.8400711485171115,1.0,1.0
6.0,-284.2859515861319,0.0,1764.0498267803705,0.024090428910326298,4.899640178183033,1.0,1.0
7.0,-284.28640847137376,0.0,1764.050934636723,0.0,4.899421568404967,0.0,0.0
