iter,val,proj,gnorm,dnorm,xnorm,step,maxstep
1.0,5.0,0.0,1782.7239766806301,3.4793109151733543,3.5355339059327378,0.5306507019189228,1.0
2.0,-128.89052573364916,0.0,1782.7736814027853,1.6560154560529792,3.957138064705869,0.5588895273043868,1.0
3.0,-192.80166016146813,0.0,1782.7589312609693,0.7701772382144272,4.4101366880697235,0.628427777348042,1.0
4.0,-223.9677073358239,0.0,1782.7563041765736,0.33219189047129877,4.677090728733748,0.7797035453425409,1.0
5.0,-238.22373259807273,0.0,1782.748889250874,0.11568961258343369,4.801170454443855,1.0,1.0
6.0,-242.23908866395277,0.0,1782.7438306115203,0.033186655766695015,4.832304319414009,1.0,1.0
7.0,-242.24000250339122,0.0,1782.742517376676,0.018220763452301156,4.829285233722941,1.0,1.0
8.0,-242.24037257371674,0.0,1782.7422787269943,0.007675031189193698,4.828178544342667,1.0,22.49512142487965
9.0,-242.24040202677588,0.0,1782.7418475040022,0.0,4.827689787390838,0.0,0.0
