iter,val,proj,gnorm,dnorm,xnorm,step,maxstep
1.0,4.999999999998636,0.0,1765.6820834668965,3.482838561352572,3.5355339059327378,0.4905037581327429,1.0
2.0,-123.53616864607011,0.0,1765.4146622532983,1.7688817377384982,3.8971385976159807,0.5139240363991203,1.0
3.0,-189.7867886307804,0.0,1765.2844321266339,0.9135002250672036,4.321401723847291,0.5922061995004696,1.0
4.0,-226.24446954132054,0.0,1765.2250183945455,0.44667447771101726,4.5971200397024345,0.7849506072666601,1.0
5.0,-245.77242426394378,0.0,1765.1964238059209,0.1714261302879199,4.752840145782112,1.0,1.0
6.0,-251.10326193572791,0.0,1765.196338252935,0.030619259525996447,4.79244065840974,1.0805111020147522,1.653701611878758
7.0,-251.10376844639995,0.0,1765.198852542768,0.0016865272504776154,4.79040984508083,1.0135083207255267,71.08561621454724
8.0,-251.10376988779308,0.0,1765.1988640259372,0.00010706755937345887,4.790442951433249,0.0,0.0
