iter,val,proj,gnorm,dnorm,xnorm,step,maxstep
1.0,199.99999999999994,0.0,51.376232948734184,9.251698303244268,10.0,1.0,1.0
2.0,-21.104628276067544,0.0,47.8207725213378,2.906944088638711,7.25685658334684,0.9999999998818062,1.0
3.0,-27.188070778323024,0.0,48.51385042144554,4.161036560943201e-09,5.6984236627039015,0.0,0.0
