iter,val,proj,gnorm,dnorm,xnorm,step,maxstep
1.0,199.99999999999991,0.0,52.32571560907696,9.052891737495306,10.0,1.0,1.0
2.0,-19.247791701533842,0.0,48.11811242131303,3.6977861633781086,8.269275716946611,0.9998824835139896,1.0
3.0,-27.91185672344666,0.0,49.124663632641386,0.003340332578655901,6.151906859280316,1.0,1.0
4.0,-27.912077055298596,0.0,49.12474281229897,1.025691890032525e-06,6.151725445525103,0.0,0.0
