iter,val,proj,gnorm,dnorm,xnorm,step,maxstep
1.0,200.0,0.0,54.38608886473636,9.116079830965507,10.0,1.0,1.0
2.0,-17.672626360824765,0.0,50.67725599420605,3.6362294245837368,7.92754197679296,1.0,1.0
3.0,-26.83705831884054,0.0,51.62916438996508,7.691850745534255e-16,5.888839048007115,0.0,0.0
