iter,val,proj,gnorm,dnorm,xnorm,step,maxstep
1.0,200.00000000000006,0.0,52.605656387899955,9.14242483183894,10.0,1.0,1.0
2.0,-11.37204619395493,0.0,49.21495260030811,3.9327308814492614,7.650017435096574,0.9999999999936717,1.0
3.0,-20.434253703867242,0.0,50.26079424013503,1.3763289782499322e-10,5.2447654141811935,0.0,0.0
