iter,val,proj,gnorm,dnorm,xnorm,step,maxstep
1.0,199.99999999999994,0.0,49.95709246944622,9.158503629937771,10.0,1.0,1.0
2.0,-8.009842703125656,0.0,46.72257513277533,3.706240700531909,7.374276884747186,1.0,1.0
3.0,-16.77700056164384,0.0,47.773326801366245,1.0042385009582967e-12,4.902823120197751,0.0,0.0
