iter,val,proj,gnorm,dnorm,xnorm,step,maxstep
1.0,200.00000000000006,0.0,51.00176059707743,9.137359780460423,10.0,1.0,1.0
2.0,-11.140752480753193,0.0,47.79155506576705,3.559899989232512,7.188615460742372,0.9997993603945201,1.0
3.0,-19.331308872041767,0.0,48.73919434136482,0.0047595402582167635,4.9441064040500615,1.0,1.0
4.0,-19.33169225833811,0.0,48.739343497705136,1.0815633007621656e-06,4.94380873222477,0.0,0.0
