iter,val,proj,gnorm,dnorm,xnorm,step,maxstep
1.0,200.0,0.0,50.10133227770894,8.983067005864891,10.0,1.0,1.0
2.0,-11.638240599857284,0.0,46.53227613405876,3.516328789566458,7.435044197070342,1.0,1.0
3.0,-20.354248430330642,0.0,47.53018752530317,9.911683717698911e-06,5.3753828037248415,0.0,0.0
