iter,val,proj,gnorm,dnorm,xnorm,step,maxstep
1.0,200.0,0.0,50.960390912959056,9.073993053444678,10.0,1.0,1.0
2.0,-11.761481393159784,0.0,47.65355525383721,3.285037386558439,7.218095116010427,1.0,1.0
3.0,-20.31527090441176,0.0,48.55664981365629,1.825511146923481e-08,5.209922607970909,0.0,0.0
