iter,val,proj,gnorm,dnorm,xnorm,step,maxstep
1.0,200.0,0.0,49.75432947996787,9.11724455200988,10.0,1.0,1.0
2.0,-6.539045148749182,0.0,46.81821575868913,3.4959699105376427,6.889978379306257,0.9999996034358034,1.0
3.0,-15.270951725754834,0.0,47.802074147620644,1.3863765050621866e-06,4.510032982532,0.0,0.0
