iter,val,proj,gnorm,dnorm,xnorm,step,maxstep
1.0,300.0,0.0,54.44439767323723,26.522575244239714,122.47448713915891,0.5043019571843234,1.5828295995719703
2.0,122.62515117088287,0.0,47.610932128496586,2.460003704187948,121.96851967835389,46.24005526889636,46.24005526889636
3.0,-46.83495423196936,0.0,51.949185907040516,13.978695000278305,8.456360301648221,0.7734636120698815,1.0
4.0,-142.544029003726,0.0,47.79086314032887,2.9118920493404854,16.996961422607715,1.0,1.0
5.0,-148.53834998792675,0.0,47.63643368469129,1.1046047131043364,17.91232993179371,1.0,1.0
6.0,-149.86759296000872,0.0,47.65431743932516,0.728533586008877,17.389595811971247,1.0,1.0
7.0,-150.17904300266764,0.0,47.66912508674015,0.0002085904127539667,17.330850186875743,0.0,0.0
