iter,val,proj,gnorm,dnorm,xnorm,step,maxstep
1.0,300.0,0.0,59.08283752497505,28.260547315996682,122.47448713915891,0.5037844149665838,1.6768472347565027
2.0,98.82413869431639,0.0,51.943902425850254,2.458742966203168,122.06730880217937,44.7360066888034,44.7360066888034
3.0,-80.7301551917048,0.0,55.25953220567239,13.030628698033329,12.55305098392059,0.7226479937638006,1.0
4.0,-159.44086629031676,0.0,52.13800903373484,3.368486942384404,19.141520518804366,1.0,1.0
5.0,-166.69062010360713,0.0,51.96974662360546,1.8916070263652673,19.747449238828793,1.0,1.0
6.0,-169.66576628863277,0.0,51.97710860452786,1.6931669525171635,18.975281307687798,1.0,1.0
7.0,-171.53442194404076,0.0,51.991980697703006,0.7380854594863543,18.598683327862812,1.0,1.0
8.0,-172.2370677695146,0.0,51.99085396745179,0.3319537995380291,18.571472961859328,1.0,1.0
9.0,-172.31745629084702,0.0,51.99640904275166,6.1669093441206025e-06,18.56434060233116,0.0,0.0
