iter,val,proj,gnorm,dnorm,xnorm,step,maxstep
1.0,300.0,0.0,57.247774489518804,28.58626495467131,122.47448713915891,0.5036960295193716,1.625958342557035
2.0,94.19621336667433,0.0,49.662197183510344,2.458624524705751,122.08647542894705,43.41086900169404,43.41086900169404
3.0,-83.70724041303447,0.0,52.88011221617806,13.22235475585612,15.81449466885935,0.672642747928376,1.0
4.0,-158.47067685045846,0.0,49.870717283509116,3.6741327233152874,20.885511487761992,1.0,1.0
5.0,-166.73672904580735,0.0,49.68688031442549,2.5068972337027,21.109027771107247,1.0,1.0
6.0,-170.9531527610319,0.0,49.70101582253008,2.281030346762367,19.939818829536513,1.0,1.0
7.0,-174.00175987958397,0.0,49.71193038838438,1.3460381219561204,19.075243951702888,1.0,1.0
8.0,-175.65962284037036,0.0,49.703979808051095,1.215727113020464,18.940933418392227,1.0,1.0
9.0,-176.53729373516376,0.0,49.71487854559385,0.4386984530206703,18.806664205913073,0.742640637510738,1.0
10.0,-176.67524622352013,0.0,49.71486995900994,0.1470008078086503,18.80160038915483,1.0,1.0
11.0,-176.7111811454287,0.0,49.715778601929514,0.05460005573254955,18.79966647759537,1.0,1.0
12.0,-176.71268086236142,0.0,49.71583589541679,0.001103805673065267,18.799567885219265,1.0009806349693318,594.2499435207257
13.0,-176.712681472152,0.0,49.715834484274005,2.2440147359289032e-05,18.79960508389075,0.0,0.0
