iter,val,proj,gnorm,dnorm,xnorm,step,maxstep
1.0,300.0,0.0,58.949792315179536,28.769321364333038,122.47448713915891,0.5036511660943371,1.6669706850758328
2.0,91.57054970656782,0.0,51.51163345192812,2.4584167712912612,122.09734137859338,44.265529825466714,44.265529825466714
3.0,-90.11318854228898,0.0,54.67253264948209,12.761895549790028,13.817182118314662,0.6925246209060454,1.0
4.0,-164.3381874967601,0.0,51.71229319897562,3.369304883720486,19.81039743881297,1.0,1.0
5.0,-171.8881737823144,0.0,51.53153264315179,2.05307486514563,20.412685499140427,1.0,1.0
6.0,-175.051101453014,0.0,51.54805751139711,1.7778435767471554,19.420103783026136,1.0,1.0
7.0,-177.0919544523927,0.0,51.559868109986155,0.8767950391806218,18.967161653192974,1.0,1.0
8.0,-178.0740300095642,0.0,51.55593209304175,0.6613107684362614,18.91858107846192,1.0,1.0
9.0,-178.37107469405387,0.0,51.5662834664328,1.3544827760877608e-05,18.887620168178508,0.0,0.0
