iter,val,proj,gnorm,dnorm,xnorm,step,maxstep
1.0,10.00000000000091,0.0,2500.208233819735,4.956228606511204,5.0,0.45520251495259795,1.0
2.0,-229.2363418070081,0.0,2499.794528418653,2.6969506811706094,5.464401350612664,0.47047595324899527,1.0
3.0,-359.13512266685757,0.0,2499.551493144193,1.4653533458011319,6.060716033923118,0.5100056481659616,1.0
4.0,-432.22210172498944,0.0,2499.4071899523565,0.7758247122300455,6.469968751999774,0.6035957053824857,1.0
5.0,-474.1474355717528,0.0,2499.327316754774,0.36622717397814714,6.716504533314355,0.8007120057497491,1.0
6.0,-496.06926718188424,0.0,2499.2908366668967,0.1208940488854738,6.843888207065438,1.0,1.0
7.0,-501.51287875718936,0.0,2499.2913854488643,0.01637648202181997,6.8692250360006675,0.9999999999999998,7.846454796081799
8.0,-501.51301285179125,0.0,2499.2936166269988,0.0,6.866891415146683,0.0,0.0
