iter,val,proj,gnorm,dnorm,xnorm,step,maxstep
1.0,9.99999999999909,0.0,2497.5026941755236,4.92295690676674,5.0,0.47340264937569027,1.0
2.0,-248.56883148514498,0.0,2497.1991077630046,2.6003555338291915,5.478151874008188,0.4964900110784883,1.0
3.0,-386.58914360860945,0.0,2497.035664599632,1.3771668030047728,6.086306634057397,0.5570320201109665,1.0
4.0,-463.164919896456,0.0,2496.9454343145535,0.6861652495991958,6.497757953373706,0.6986299271437257,1.0
5.0,-505.30016442510805,0.0,2496.8940141405387,0.28423643193403514,6.738290129513757,0.996726917816923,1.0
6.0,-523.3356380163132,0.0,2496.870692839024,0.06087639689934083,6.834877781244235,1.0,1.0
7.0,-523.3965563678003,0.0,2496.8698481634174,0.00019777570101327528,6.829750182034676,0.0,0.0
