iter,val,proj,gnorm,dnorm,xnorm,step,maxstep
1.0,9.99999999999909,0.0,2500.665671191973,4.945520624767427,5.0,0.49385220260820223,1.0
2.0,-260.2144239917425,0.0,2500.3913020862274,2.529069350144263,5.536291196854416,0.5240033276698254,1.0
3.0,-400.5510049738268,0.0,2500.249566322551,1.2341847818551155,6.189534055394021,0.5554932461076746,1.0
4.0,-470.1303991551813,0.0,2500.180009019905,0.5811023270281153,6.581498438167172,0.6113256070758196,1.0
5.0,-503.87356053689655,0.0,2500.150060335742,0.2549652102072366,6.7819469408908075,0.7030060291930176,1.0
6.0,-518.8928424777123,0.0,2500.1388761079274,0.09420974140141095,6.871737372621973,0.8417137419806502,1.0
7.0,-524.2233929261674,0.0,2500.135718084699,0.024559101350146644,6.90231074557773,1.0,1.0
8.0,-525.2250890049381,0.0,2500.135030960695,0.0023560113020570234,6.906718680194228,0.9999999999999999,38.357717759529024
9.0,-525.2250917803422,0.0,2500.1350133052933,1.4210854715202004e-14,6.906452642012722,0.0,0.0
