iter,val,proj,gnorm,dnorm,xnorm,step,maxstep
1.0,9.99999999999909,0.0,2502.918955182129,4.923450917920931,5.0,0.4516275149297243,1.0
2.0,-240.99799902453287,0.0,2502.7465423627086,2.7141805725774297,5.4374523200208325,0.4650041815713882,1.0
3.0,-377.9739062833378,0.0,2502.6760268559033,1.4859191792816846,6.023329594791047,0.4931679581104877,1.0
4.0,-454.21619086724513,0.0,2502.6343349279996,0.8052706178320627,6.428478470744091,0.5595402019138469,1.0
5.0,-497.5959939445611,0.0,2502.608901642183,0.4021674714487508,6.678842943174378,0.6691910043787082,1.0
6.0,-520.3138131417627,0.0,2502.594811043286,0.15963768366721315,6.814180584677495,0.8151493848460024,1.0
7.0,-529.4405486851665,0.0,2502.5910485791037,0.04409648677564046,6.8672482900459855,0.993717101672816,1.0
8.0,-531.4946355743277,0.0,2502.59081912157,0.004786209014424369,6.877941325738158,1.0,1.0
9.0,-531.5076271410771,0.0,2502.5909573509452,2.8788979749010945e-05,6.877666813723958,0.0,0.0
