iter,val,proj,gnorm,dnorm,xnorm,step,maxstep
1.0,10.0,0.0,2487.10431231382,4.963854953561798,5.0,0.5024961889651528,1.0
2.0,-282.8073286444769,0.0,2486.744565389278,2.473008510033108,5.568610805623632,0.5110586912993362,1.0
3.0,-426.28863191652454,0.0,2486.5691865351414,1.2407489070424051,6.21286857786806,0.552600354938302,1.0
4.0,-500.93467506048455,0.0,2486.4895850556736,0.6103860787471305,6.608676671361259,0.6494670949724329,1.0
5.0,-539.8707876899234,0.0,2486.455183759008,0.2600718795331438,6.826505982464083,0.7996131887333916,1.0
6.0,-556.6069931291795,0.0,2486.4456505473786,0.07684767120560357,6.921352253507487,0.9788042562911766,1.0
7.0,-560.7048729286289,0.0,2486.445789005153,0.009059512854122705,6.943650081473358,1.0,1.0
8.0,-560.7935783478497,0.0,2486.4463728121746,0.0001665898466389728,6.94373405805565,0.0,0.0
