iter,val,proj,gnorm,dnorm,xnorm,step,maxstep
1.0,10.00000000000091,0.0,2514.0236312377815,4.943776180520001,5.0,0.49906529723600973,1.0
2.0,-249.17660557822546,0.0,2513.845794812884,2.479272292318789,5.547334420179332,0.5085317317271892,1.0
3.0,-376.82158473530035,0.0,2513.77156367304,1.2489653517415509,6.1738338096521215,0.5407512580947735,1.0
4.0,-442.32433005957137,0.0,2513.740793005349,0.6227851593890995,6.557467715638043,0.6315199729624088,1.0
5.0,-477.1341434111555,0.0,2513.728320827952,0.2572770320490896,6.771886438197568,0.7460550623019381,1.0
6.0,-492.2171657235922,0.0,2513.7234929183537,0.08446017773773323,6.862884454127568,0.9174531858246511,1.0
7.0,-496.91823306120205,0.0,2513.7223882879125,0.016846957472424793,6.8879044735246335,1.0,1.0
8.0,-497.34096186568513,0.0,2513.7224432216312,0.0010484768524277035,6.88856992442039,1.0027875822537888,202.8096677197213
9.0,-497.3409624168635,0.0,2513.7224574395273,6.951535688608792e-06,6.888420649530765,0.0,0.0
