iter,val,proj,gnorm,dnorm,xnorm,step,maxstep
1.0,9.99999999999909,0.0,2503.8026670362824,4.950010964175184,5.0,0.502359632627365,1.0
2.0,-274.4541019530234,0.0,2503.5105986055373,2.4668829481486916,5.558320934028254,0.5111999559887217,1.0
3.0,-413.85531950883706,0.0,2503.3667938819654,1.241145041549979,6.191493135175067,0.5651704577829415,1.0
4.0,-487.96314135898047,0.0,2503.296345702233,0.6100702523807132,6.583343429114138,0.7070863711709258,1.0
5.0,-527.9546433202813,0.0,2503.2597286676732,0.24207009856399023,6.800593218981261,0.9402626003485709,1.0
6.0,-543.4713193571006,0.0,2503.2453861099084,0.045211291314195504,6.881950654335598,1.0,1.0
7.0,-544.4559866782074,0.0,2503.244717565734,0.002120828349184776,6.88396194268038,0.9999999999999998,190.28907950285947
8.0,-544.4559889271595,0.0,2503.244718741352,0.0,6.883763106924102,0.0,0.0
