iter,val,proj,gnorm,dnorm,xnorm,step,maxstep
1.0,9.999999999998181,0.0,2498.7540474064267,4.937676665917164,5.0,0.4994492392038707,1.0
2.0,-246.97689211506804,0.0,2498.3176123374787,2.487615074732438,5.540888672628785,0.5173000070465366,1.0
3.0,-375.513457317169,0.0,2498.1152413202826,1.2428286137810638,6.186799955492695,0.5620517575559186,1.0
4.0,-441.69935730549696,0.0,2498.019332916022,0.6022811833772923,6.585571779941972,0.6701021063419494,1.0
5.0,-475.9421243408333,0.0,2497.980835606262,0.25213626773786835,6.80280741974698,0.8453830391437708,1.0
6.0,-490.13007693058626,0.0,2497.9738480804376,0.06330971187704945,6.893152346105669,1.0,1.0
7.0,-492.7199111894979,0.0,2497.9737131546067,0.007496181229900299,6.909236479736227,1.0,1.0
8.0,-492.7199489264831,0.0,2497.9733326763867,0.002445149958260828,6.909402983357068,1.564428397691932,38.98767594855973
9.0,-492.71995360316396,0.0,2497.973238404574,0.00025435017783799,6.909510035671182,0.0,0.0
