iter,val,proj,gnorm,dnorm,xnorm,step,maxstep
1.0,9.99999999999909,0.0,2491.468033129464,4.926718407486535,5.0,0.4689886473841852,1.0
2.0,-255.66401758896973,0.0,2491.0456704200287,2.659588648154568,5.472761833819391,0.5042330496911109,1.0
3.0,-402.48664217048463,0.0,2490.8721741985473,1.3570672802819246,6.103565589159021,0.5395179079642732,1.0
4.0,-478.9690758325187,0.0,2490.7861199373647,0.6715485363389428,6.512046708201236,0.6238312805054442,1.0
5.0,-519.3157548000163,0.0,2490.740549642139,0.29753099548259787,6.742187595983277,0.7605988575039305,1.0
6.0,-537.7350580772563,0.0,2490.721046089988,0.09056672317406647,6.8498544373332635,0.8998371891588826,1.0
7.0,-542.9406436144845,0.0,2490.7160905657393,0.012683179052152691,6.8798638694255985,0.9881372512063596,1.0
8.0,-543.5127841897793,0.0,2490.7158210290922,0.0007485735916032006,6.8829607139725075,0.0,0.0
