iter,val,proj,gnorm,dnorm,xnorm,step,maxstep
1.0,99.99999999999989,0.0,264.69712766026424,6.966605225469123,7.0710678118654755,0.3297599572741228,1.0
2.0,-106.81849886774353,0.0,262.63250470342416,4.664590397288365,7.178754400812653,0.3360763276949068,1.0
3.0,-239.01452867586124,0.0,261.3687723751403,3.1271840971076874,7.616107898089254,0.34833552367678905,1.0
4.0,-325.82640003695144,0.0,260.5717295186726,2.07186665686888,8.051578938828161,0.36428111583739164,1.0
5.0,-383.08468687928826,0.0,260.0646499263751,1.349050969722401,8.394821838153293,0.38499934384645074,1.0
6.0,-420.7024530170141,0.0,259.7409397944919,0.8650338150516138,8.637830132403321,0.415948019936378,1.0
7.0,-445.3244044975418,0.0,259.534822133301,0.5375537370720964,8.800432315921809,0.4590528396978137,1.0
8.0,-461.0377619954103,0.0,259.40673623838387,0.31678153638221096,8.903007990599422,0.5163227731820396,1.0
9.0,-470.53675260281284,0.0,259.3313565544115,0.17139968998927851,8.962800759890541,0.5890349224181614,1.0
10.0,-475.7572520305172,0.0,259.2911337114139,0.08136629538293526,8.993582366155952,0.6771432493757653,1.0
11.0,-478.2179207048438,0.0,259.27284447897375,0.031682101972056766,9.006609087832944,0.7776330276099274,1.0
12.0,-479.12917982442,0.0,259.26639819711437,0.009098458372220774,9.010623123824457,0.8826148088534944,1.0
13.0,-479.35905178135636,0.0,259.2648968690825,0.001599088365816174,9.011322362624524,0.9778477370561757,1.0
14.0,-479.38894169457365,0.0,259.26473303094014,0.00011560291577726695,9.011340251796847,0.0,0.0
