iter,val,proj,gnorm,dnorm,xnorm,step,maxstep
1.0,100.0,0.0,260.84799691683264,6.942403188305684,7.0710678118654755,0.37225020294195454,1.0
2.0,-128.6822374448102,0.0,258.2888363622753,4.386804510182082,7.260496113747889,0.38647700224100134,1.0
3.0,-268.296990187192,0.0,256.73199157279186,2.7277585320587376,7.808831389398983,0.41006155082234946,1.0
4.0,-355.322834523618,0.0,255.77150175266488,1.6676532727036155,8.287208206478759,0.45532869052139235,1.0
5.0,-410.7729220162023,0.0,255.17801041873324,0.9940345614326577,8.624791430426688,0.5307213714278289,1.0
6.0,-445.3686585779552,0.0,254.8205759951827,0.53442936241238,8.841528981963648,0.6350843560164925,1.0
7.0,-464.5848143391109,0.0,254.6267866457686,0.2430535431744407,8.962294576782465,0.8197043230379041,1.0
8.0,-473.57976951964764,0.0,254.5379300032646,0.09441304432829038,9.016430144733848,1.0,1.0
9.0,-475.5557154665938,0.0,254.5192462815385,0.05557808175366398,9.026869690935529,1.1136842715423025,1.1136842715423025
10.0,-475.55867812098757,0.0,254.51969010189703,0.02708998014849184,9.028532904481372,0.9987478664924737,10.381848116589396
11.0,-475.5590445950503,0.0,254.5226640535673,0.00013025643429312835,9.027377015660203,0.0,0.0
