iter,val,proj,gnorm,dnorm,xnorm,step,maxstep
1.0,4.0,0.0,3540.5304286894643,1.40834508377741,1.4142135623730951,0.4612656938260973,1.0
2.0,-94.55761122596459,0.0,3540.4141651427117,0.7629968464128675,1.5507649005535316,0.47686025443913055,1.0
3.0,-149.06105477699248,0.0,3540.3557324593894,0.40323923892423735,1.7276459987318418,0.4885180984576142,1.0
4.0,-178.15829533099077,0.0,3540.3273632782893,0.21000155687309605,1.8440058634662315,0.5038649552859134,1.0
5.0,-193.47700553617187,0.0,3540.3141901872145,0.10748358665327595,1.910205789135084,0.5302222411374247,1.0
6.0,-201.46610084553095,0.0,3540.308484062724,0.0532949107218727,1.9456570914627185,0.5712777451377733,1.0
7.0,-205.50754677040504,0.0,3540.306317396694,0.02489964875719831,1.9636680974145873,0.6308765890794987,1.0
8.0,-207.42042230279048,0.0,3540.305710648263,0.010436163127528379,1.9721209165873994,0.7103580069083529,1.0
9.0,-208.21535656609376,0.0,3540.3056762410547,0.0034481097755321667,1.9755683100257662,0.7828482269786334,1.0
10.0,-208.46908324274182,0.0,3540.305699785538,0.0009171654523406944,1.9766342624551752,0.0,0.0
