iter,val,proj,gnorm,dnorm,xnorm,step,maxstep
1.0,4.0,0.0,3535.838637366247,1.4106887679428088,1.4142135623730954,0.44610312406874736,1.0
2.0,-96.27896871608482,0.0,3535.6288303255146,0.7827464492112051,1.5410270066489562,0.44921675139267514,1.0
3.0,-151.82669185219993,0.0,3535.5127513312377,0.43207359030269593,1.7099290327363612,0.4527054773338078,1.0
4.0,-182.54080517159218,0.0,3535.4488006210527,0.23767144679492996,1.8254392930829804,0.45727604339340655,1.0
5.0,-199.48409421894712,0.0,3535.4136722300477,0.12998938745739627,1.8946025552663506,0.4629649249626156,1.0
6.0,-208.78308906832444,0.0,3535.3944809273025,0.07061581223869981,1.9340068640392138,0.470601614471883,1.0
7.0,-213.8560730107679,0.0,3535.3840639613895,0.03796405542074521,1.9558910830526948,0.4802774866357458,1.0
8.0,-216.5959525801086,0.0,3535.3784682083133,0.020118808543748336,1.9678098884624606,0.4921015992010784,1.0
9.0,-218.05470735060226,0.0,3535.3755060569224,0.010464054048191878,1.9741768615741186,0.5061995087834965,1.0
10.0,-218.81675377908368,0.0,3535.373968106298,0.005315579784837752,1.9775046390032036,0.5227108398601932,1.0
11.0,-219.20530580669038,0.0,3535.3731890662143,0.0026227272720726505,1.9791994255534247,0.5417849698957656,1.0
12.0,-219.39751936702896,0.0,3535.372806399138,0.0012489455636084906,1.9800359493240067,0.5635739449743694,1.0
13.0,-219.4891353359335,0.0,3535.372625406367,0.0005697681117801497,1.9804334758165634,0.0,0.0
