iter,val,proj,gnorm,dnorm,xnorm,step,maxstep
1.0,3.9999999999995453,0.0,3538.6212665107296,1.409177064814781,1.4142135623730954,0.4712315242518655,1.0
2.0,-106.71042274812999,0.0,3538.451357887174,0.7476524434568548,1.5524632285842528,0.48864577655049046,1.0
3.0,-167.02495088974547,0.0,3538.357762220661,0.3982667458834188,1.73186708155036,0.5395724694187709,1.0
4.0,-200.96712488335288,0.0,3538.303550524255,0.1898458205986811,1.8556195949483807,0.5720088533704095,1.0
5.0,-217.5043736754733,0.0,3538.276643171391,0.08352286570131454,1.9214840346188478,0.594511243253769,1.0
6.0,-224.85409659859351,0.0,3538.264706670233,0.03533341300586054,1.951923913695662,0.6270404292444768,1.0
7.0,-227.99615371808295,0.0,3538.2596231414586,0.014249413192977047,1.965091705660263,0.6811503739130355,1.0
8.0,-229.26892336100263,0.0,3538.257564514814,0.005145068630505842,1.9704010566605685,0.7548319079971726,1.0
9.0,-229.71861236168297,0.0,3538.2568374852467,0.0015286152753091616,1.972254266917194,0.846246103687823,1.0
10.0,-229.84221019016377,0.0,3538.2566377918574,0.0003216774780781895,1.9727526758072451,0.0,0.0
