iter,val,proj,gnorm,dnorm,xnorm,step,maxstep
1.0,4.0,0.0,3543.4142815798436,1.410806152524152,1.4142135623730951,0.47770357193893004,1.0
2.0,-102.8329518332771,0.0,3543.242815454057,0.7387609185154255,1.5604796065457642,0.4843195664168485,1.0
3.0,-159.02245740562785,0.0,3543.153034099352,0.3813047094429539,1.7413049072145044,0.48829017937114233,1.0
4.0,-188.13193655811892,0.0,3543.1069733538134,0.19665258781946068,1.8547517869988288,0.49594578074049933,1.0
5.0,-203.23326253335836,0.0,3543.083360515586,0.10038469358477312,1.9177746432570155,0.5058368857054177,1.0
6.0,-210.98956297683253,0.0,3543.071348200596,0.05060321382311396,1.9510344096478627,0.519540709506017,1.0
7.0,-214.924350488669,0.0,3543.065316596951,0.024993901192983864,1.9680818162600977,0.5373367847625015,1.0
8.0,-216.87912399617926,0.0,3543.0623531872234,0.011987544978744305,1.9765688231329686,0.5595329574483432,1.0
9.0,-217.82076665180875,0.0,3543.0609428600073,0.005524268265790409,1.9806474124271993,0.5864593869259207,1.0
10.0,-218.25546218878617,0.0,3543.060300505013,0.002425964653832563,1.9825204360661113,0.632697778663295,1.0
11.0,-218.44939405486684,0.0,3543.0600368797036,0.0009958600164448944,1.9833402879901474,0.0,0.0
