iter,val,proj,gnorm,dnorm,xnorm,step,maxstep
1.0,4.0,0.0,3520.3332282774027,1.4114156014441674,1.4142135623730954,0.47128914237551517,1.0
2.0,-99.21748138247858,0.0,3520.225960919424,0.7484325947299999,1.5598221371725873,0.47739132128486694,1.0
3.0,-154.11331758203596,0.0,3520.172382801728,0.3929196326827198,1.740244511532018,0.48633640554337054,1.0
4.0,-183.23201365901195,0.0,3520.145623699388,0.20581696866890725,1.8558192563660194,0.5156310516363373,1.0
5.0,-199.05957498994803,0.0,3520.130831124037,0.10634684226993216,1.9222614424464666,0.5756260284622412,1.0
6.0,-207.60934392350282,0.0,3520.122491220167,0.05127032093168681,1.958735336364226,0.6737939703897745,1.0
7.0,-211.85416696804532,0.0,3520.118129992706,0.02094579808059129,1.976833872267808,0.8174957514316996,1.0
8.0,-213.53372048857636,0.0,3520.1162861154553,0.005916294514720734,1.9838505432001736,0.9854350676482799,1.0
9.0,-213.9031725205914,0.0,3520.1158340378606,0.0006245016177052235,1.9852781914833881,0.0,0.0
