iter,val,proj,gnorm,dnorm,xnorm,step,maxstep
1.0,3.9999999999990905,0.0,3534.756765919828,1.4104862636693773,1.4142135623730954,0.4871487978093574,1.0
2.0,-104.00512784615012,0.0,3534.5207835548918,0.7243806647297394,1.561533275048596,0.49470435895622283,1.0
3.0,-159.8747769545039,0.0,3534.3997068815966,0.37061058343585057,1.7405002774479243,0.5166118700719616,1.0
4.0,-189.2534929496528,0.0,3534.339000641981,0.18774106943667834,1.85322949132221,0.5635033950584335,1.0
5.0,-204.71647936494992,0.0,3534.3094026601107,0.09010677159134554,1.9160209675338653,0.6411168947255728,1.0
6.0,-212.3887139283038,0.0,3534.296264142537,0.03814803175192617,1.9476787584560014,0.7549275115520189,1.0
7.0,-215.62948111741025,0.0,3534.291619126832,0.012443255749745268,1.9609756930429152,0.9002912924196736,1.0
8.0,-216.57644212570312,0.0,3534.290718863312,0.0023420244258541357,1.9647254245751462,1.0,1.0
9.0,-216.6813119072508,0.0,3534.290767568756,0.00013459360784499612,1.9650817143580686,0.0,0.0
