iter,val,proj,gnorm,dnorm,xnorm,step,maxstep
1.0,3.9999999999995453,0.0,3532.7956693063925,1.4068607219298899,1.4142135623730951,0.44676417765256043,1.0
2.0,-95.95533390287483,0.0,3532.6175888164776,0.7814455892047235,1.5388223356735358,0.461361806693781,1.0
3.0,-152.67205155096462,0.0,3532.518193113531,0.43079290317532015,1.7083212648712955,0.4922107262942335,1.0
4.0,-185.14166458350564,0.0,3532.463872982622,0.227789986730894,1.8283127560070083,0.5277096980274564,1.0
5.0,-202.78146156080675,0.0,3532.43475073821,0.11110822131320024,1.8997505694870014,0.5509414509322745,1.0
6.0,-211.46945051382409,0.0,3532.4202039839743,0.05126801746541199,1.9366151760474415,0.568511349637255,1.0
7.0,-215.49300754720298,0.0,3532.4134152573733,0.02293123449967057,1.9540707937435415,0.5905479947142386,1.0
8.0,-217.2959441714579,0.0,3532.4103487750367,0.00982759965126822,1.9619691494653293,0.6173248438371811,1.0
9.0,-218.06753926653664,0.0,3532.4090250572294,0.003979550354365354,1.9653622957852928,0.649077457370799,1.0
10.0,-218.37798047945307,0.0,3532.4084873814118,0.0014965066866652053,1.9667285706536222,0.6859320054547866,1.0
11.0,-218.49310438152452,0.0,3532.4082858271795,0.0005112787873505138,1.9672348025606023,0.0,0.0
