iter,val,proj,gnorm,dnorm,xnorm,step,maxstep
1.0,3.9999999999995453,0.0,3537.099549269429,1.4115523369680631,1.4142135623730954,0.4486849491715804,1.0
2.0,-97.32775146817994,0.0,3537.016805539117,0.7807556666035078,1.543259384449481,0.45650582324962813,1.0
3.0,-153.7778329050011,0.0,3536.9711802755933,0.4248015352901787,1.7145035581324617,0.4595208067556409,1.0
4.0,-184.54337439586925,0.0,3536.9462182430434,0.23167196902194445,1.8303550149085743,0.4688463305326236,1.0
5.0,-201.47385894798572,0.0,3536.9324916485953,0.12540486785513982,1.899269955530357,0.48343941413835323,1.0
6.0,-210.73593632264965,0.0,3536.924987053529,0.06727904702421782,1.9383077257791652,0.5185716198258369,1.0
7.0,-215.86489005369094,0.0,3536.9212632691756,0.034850544522643086,1.96008864135611,0.5752009722416588,1.0
8.0,-218.60284299780096,0.0,3536.919551031033,0.016671322245194537,1.9716915940657067,0.6580909709298013,1.0
9.0,-219.93329169731896,0.0,3536.918887355617,0.006856608941347424,1.9772770392885315,0.7708145034624132,1.0
10.0,-220.46605397208077,0.0,3536.918717414295,0.0021228719607754264,1.9794710907849695,0.905947757053475,1.0
11.0,-220.6095554355502,0.0,3536.9187167353143,0.00036786444730461915,1.9800386340187413,0.0,0.0
