iter,val,proj,gnorm,dnorm,xnorm,step,maxstep
1.0,4.0,0.0,3526.942646969468,1.41013930416213,1.4142135623730951,0.47822037164519166,1.0
2.0,-103.02574820900372,0.0,3526.764871391117,0.7370223936320326,1.5592356201455593,0.48578325540533834,1.0
3.0,-159.37077218347804,0.0,3526.671900668299,0.38307426407867495,1.738673229359751,0.5009831748011537,1.0
4.0,-189.1456577418803,0.0,3526.6222196300705,0.1966849847180392,1.8547208251050236,0.526602841694666,1.0
5.0,-204.73496057213515,0.0,3526.595980758313,0.0975566675326278,1.9204564405076456,0.5637466017234704,1.0
6.0,-212.62790017500402,0.0,3526.5826489443816,0.04381858479377827,1.954881384975321,0.5849669865150775,1.0
7.0,-216.19909769698825,0.0,3526.5767613392177,0.019004378242318615,1.9706887473993366,0.6137865863021832,1.0
8.0,-217.75394000100505,0.0,3526.574266971464,0.0078010179263492034,1.9776016115998922,0.6508013554639821,1.0
9.0,-218.39059192871673,0.0,3526.573277554222,0.00295410087141659,1.980430029973817,0.6964393147140203,1.0
10.0,-218.62849021738793,0.0,3526.5729218459983,0.000997132776316039,1.981482782138842,0.0,0.0
