iter,val,proj,gnorm,dnorm,xnorm,step,maxstep
1.0,3.9999999999995453,0.0,3537.2567321646306,1.4112765497945479,1.4142135623730954,0.4812372371565716,1.0
2.0,-108.88196631738492,0.0,3537.039428773207,0.7345963217198307,1.5624459171950396,0.4946525683583644,1.0
3.0,-168.68808782887663,0.0,3536.928286604525,0.3780685829044421,1.744862018326094,0.5207992548277968,1.0
4.0,-200.40275195786626,0.0,3536.8691072507436,0.19136033332461222,1.8631029453072998,0.58096662725821,1.0
5.0,-217.32736968431072,0.0,3536.8385446212465,0.08596364928277939,1.9303395020652252,0.6445241611666453,1.0
6.0,-225.1883177790046,0.0,3536.8252761622452,0.035227592349001816,1.9621276589573644,0.7461722251926743,1.0
7.0,-228.42209977380435,0.0,3536.8203193707527,0.011623126770235376,1.9751347308692988,0.8853327680998974,1.0
8.0,-229.39583792515077,0.0,3536.819072139589,0.002338012918185957,1.9789362733047224,1.0,1.0
9.0,-229.52194738095432,0.0,3536.818994102063,0.00014729201113294348,1.9793769795795786,0.0,0.0
