iter,val,proj,gnorm,dnorm,xnorm,step,maxstep
1.0,3.9999999999990905,0.0,3534.6366257930954,1.4109533420114693,1.4142135623730954,0.4679483708078287,1.0
2.0,-107.51387247158982,0.0,3534.5018595531155,0.7517778737881419,1.5532042477707382,0.4712824095259075,1.0
3.0,-166.8861228998744,0.0,3534.428000138234,0.39948689354252936,1.7290838874012653,0.4786959465047054,1.0
4.0,-198.6620533648379,0.0,3534.388794683868,0.21070225372539714,1.844172823925162,0.4901124660837728,1.0
5.0,-215.59114562256536,0.0,3534.368719341759,0.10926409908613084,1.9102223085912848,0.5032876804448531,1.0
6.0,-224.4465488861738,0.0,3534.3588112023976,0.05573576175922384,1.9458489562188317,0.5216615211652013,1.0
7.0,-229.00341151093198,0.0,3534.354035502381,0.027669324701294275,1.9644208798918052,0.54571140553628,1.0
8.0,-231.28302760324868,0.0,3534.351820555816,0.013199136417478384,1.973750910498565,0.575982095905908,1.0
9.0,-232.37593117530105,0.0,3534.350850683352,0.005955899815806043,1.978220731124085,0.6130278923330328,1.0
10.0,-232.86911522389937,0.0,3534.3504599919247,0.0024915815999663926,1.9802298174216495,0.6572964860643896,1.0
11.0,-233.07373921175167,0.0,3534.350320623354,0.0009410080829497586,1.9810579744906687,0.0,0.0
