iter,val,proj,gnorm,dnorm,xnorm,step,maxstep
1.0,4.0,0.0,3517.108694132156,1.4127766985620909,1.4142135623730951,0.5007158968203441,1.0
2.0,-106.52365531362739,0.0,3516.969862906968,0.7054350068012702,1.5753055230278556,0.5019161966616716,1.0
3.0,-161.4640184021755,0.0,3516.9003003050316,0.3513935254579695,1.7598540560856288,0.5052458129883564,1.0
4.0,-188.91682248172265,0.0,3516.864988749175,0.17511991632047968,1.8700164403013906,0.5129804460548433,1.0
5.0,-202.68378186367545,0.0,3516.8469845100767,0.08662781051183295,1.9286860461007647,0.5250719770365252,1.0
6.0,-209.54078509954934,0.0,3516.837867553614,0.04215923182993793,1.9586055355744636,0.5418119597398376,1.0
7.0,-212.89977233537093,0.0,3516.8333253843134,0.01998363958386948,1.9733867159575407,0.563552651830114,1.0
8.0,-214.50024221912554,0.0,3516.831122559362,0.009117813498026902,1.9804375062310802,0.5906853382899788,1.0
9.0,-215.23232019761235,0.0,3516.8300957240795,0.003947797032888866,1.9836530504992709,0.6235957969875173,1.0
10.0,-215.54865077930708,0.0,3516.829642752872,0.0015934832211214104,1.9850346201795093,0.6625823470101124,1.0
11.0,-215.67516029125318,0.0,3516.8294573404087,0.000586067969645212,1.9855828143258774,0.0,0.0
