iter,val,proj,gnorm,dnorm,xnorm,step,maxstep
1.0,4.0,0.0,3536.907235890984,1.409754588572068,1.4142135623730951,0.4629930626878395,1.0
2.0,-97.33371930604972,0.0,3536.743813009133,0.7604592232169574,1.5525089804907832,0.47750568107561375,1.0
3.0,-153.06829468287424,0.0,3536.6559898067644,0.4040557023790621,1.7303368146615967,0.5079436378801161,1.0
4.0,-183.93043627205998,0.0,3536.611657901406,0.21021110420111902,1.8508399241558184,0.5642961480032722,1.0
5.0,-200.76790059912582,0.0,3536.5902235549847,0.09858357172784525,1.921996991427068,0.6249414736990809,1.0
6.0,-208.88399019847793,0.0,3536.580532093852,0.040273317482087526,1.9576154480031522,0.6846022607237479,1.0
7.0,-212.21690393683411,0.0,3536.576523112751,0.01457990319732714,1.972438006047194,0.7662704239367553,1.0
8.0,-213.39324340673056,0.0,3536.5750949596013,0.004239533720545529,1.9776629110030621,0.866925540982485,1.0
9.0,-213.7042787594628,0.0,3536.5747120997275,0.0008228421769918405,1.9790254385810575,0.0,0.0
