iter,val,proj,gnorm,dnorm,xnorm,step,maxstep
1.0,4.0,0.0,3529.4845032684307,1.4136654484000102,1.4142135623730954,0.4545048985433659,1.0
2.0,-103.63374041280213,0.0,3529.3411814237247,0.770703908231005,1.5474653530430837,0.45498251226105196,1.0
3.0,-162.02597579629855,0.0,3529.2628330867524,0.41993461721440406,1.7199185746719168,0.45600918643824273,1.0
4.0,-193.8086311481834,0.0,3529.2196186991096,0.22888630306383503,1.835458628968135,0.4581846252516319,1.0
5.0,-211.1466811493574,0.0,3529.195736274138,0.12454868057374274,1.9036863361026755,0.46164911349531446,1.0
6.0,-220.60164208227616,0.0,3529.1825335213016,0.06752138100697325,1.9422539629972133,0.46648256775894387,1.0
7.0,-225.74202817407513,0.0,3529.175258181232,0.03637654642290103,1.963596728035287,0.47272787478439987,1.0
8.0,-228.5203495797923,0.0,3529.1712726636174,0.019422992290219075,1.975236346779633,0.4804371068545515,1.0
9.0,-230.00891534697485,0.0,3529.169108158951,0.010249067773571036,1.9815006523778662,0.48967129542029814,1.0
10.0,-230.79711115264536,0.0,3529.1679461713206,0.0053282685284923035,1.9848244605935565,0.5004999172483375,1.0
11.0,-231.20822499456744,0.0,3529.167331506949,0.0027199278285498355,1.986559369893759,0.5129999659949146,1.0
12.0,-231.41869962138026,0.0,3529.1670122355567,0.001358254559387806,1.987447535424131,0.5272544366618606,1.0
13.0,-231.52404750867254,0.0,3529.1668500195433,0.0006607738298940222,1.9878918622252808,0.0,0.0
