iter,val,proj,gnorm,dnorm,xnorm,step,maxstep
1.0,4.0,0.0,3527.143947279442,1.4094594708610817,1.4142135623730951,0.46858945966077137,1.0
2.0,-101.8485428049944,0.0,3527.045366657157,0.7499218526796632,1.551817020610309,0.4730906647086137,1.0
3.0,-158.256423362217,0.0,3526.991252055455,0.3992831218338826,1.72819268800057,0.4980448009663807,1.0
4.0,-189.43461334865606,0.0,3526.9603930903017,0.21203504848211294,1.8460007609083617,0.5545737482131664,1.0
5.0,-206.82824961549068,0.0,3526.941834799717,0.09912540151209426,1.9164728975202234,0.5956666623235645,1.0
6.0,-215.14142853491785,0.0,3526.9321871180196,0.04057517090513131,1.951460939611783,0.6047930711976652,1.0
7.0,-218.5525395359814,0.0,3526.927981316053,0.01634553269548788,1.9660457195000405,0.6172623517890115,1.0
8.0,-219.92814887800296,0.0,3526.9261818116256,0.00642351398848177,1.9719390807155404,0.6331933078001034,1.0
9.0,-220.4681900908081,0.0,3526.9254325908,0.0024382833944265664,1.9742437255652057,0.6527001043798523,1.0
10.0,-220.67237666984283,0.0,3526.925132011714,0.0008838749966019692,1.9751091927292737,0.0,0.0
