iter,val,proj,gnorm,dnorm,xnorm,step,maxstep
1.0,10.0,0.0,376.62252008826863,4.933120381821577,5.0,0.23046737588226993,1.0
2.0,-145.0333825908233,0.0,374.35945085247096,3.7907433522677794,5.110340646274195,0.2315497015122984,1.0
3.0,-261.0686087465565,0.0,372.66187117089146,2.9141794734314725,5.355596074102546,0.23390368476335505,1.0
4.0,-348.86386956070817,0.0,371.3768079696374,2.2434934705398395,5.625601207860881,0.23861621273996078,1.0
5.0,-416.11291362881104,0.0,370.39207759762,1.7257802995274658,5.874905241678316,0.2448486361808156,1.0
6.0,-467.8286932076986,0.0,369.6339589935678,1.3211776267125968,6.0895635014235365,0.25232811711555836,1.0
7.0,-507.5782656986471,0.0,369.050281893556,1.0048338982927607,6.267126850040235,0.2615166444974214,1.0
8.0,-538.0828052582739,0.0,368.6019379249454,0.7582596050338698,6.409938997137148,0.27259738519129745,1.0
9.0,-561.3882184834017,0.0,368.25892336597707,0.5653259167112054,6.522660447297277,0.2851534466543378,1.0
10.0,-579.0187600346349,0.0,367.9992174073942,0.4168361242167997,6.609820968458134,0.30108965358166817,1.0
11.0,-592.2674345409059,0.0,367.80390496514246,0.30318913614052245,6.676215310892948,0.3221597331293594,1.0
12.0,-602.1419423057623,0.0,367.6581993348972,0.2164986524430792,6.726050745284828,0.3508302713769149,1.0
13.0,-609.4126997312025,0.0,367.55078845588713,0.14995860090166677,6.762797985073139,0.38831570681903554,1.0
14.0,-614.6272898163726,0.0,367.4737046477795,0.09790511221946659,6.789056672177304,0.4264124314413574,1.0
15.0,-618.1252025936806,0.0,367.42216579882387,0.06073259286647959,6.8065267954136335,0.4735712005973203,1.0
16.0,-620.3514174354382,0.0,367.38949252613344,0.03522514513303866,6.817484464586896,0.5337602228315285,1.0
17.0,-621.6715254837314,0.0,367.37021039883115,0.018654272513400967,6.823831357197414,0.6154735770555525,1.0
18.0,-622.3809791578894,0.0,367.359910225515,0.008682928061405804,6.827114021564117,0.7434804651866519,1.0
19.0,-622.7104534949647,0.0,367.35516524002105,0.0033324112352016975,6.828534031229658,1.0,1.0
20.0,-622.8241194561972,0.0,367.353548808685,0.0010810539602514764,6.828935045409346,2.0954893605135148,145.6390220366784
21.0,-622.8241206806722,0.0,367.353554857773,0.0003804132352500849,6.828820579106218,0.0,0.0
