iter,val,proj,gnorm,dnorm,xnorm,step,maxstep
1.0,10.000000000000227,0.0,379.326031214871,4.945686804447492,5.0,0.24557953089894144,1.0
2.0,-157.7774137662201,0.0,377.62965086367495,3.7284075487120747,5.130076674267185,0.24613234030597622,1.0
3.0,-280.6557960289657,0.0,376.39976435556554,2.808709033375466,5.4045296039271244,0.24791097074514803,1.0
4.0,-371.68584418708144,0.0,375.4978881861819,2.120467446646193,5.695432625928332,0.2518781029986895,1.0
5.0,-439.9387328505536,0.0,374.8267636553741,1.6019335464978597,5.9567498957543705,0.2580053024231195,1.0
6.0,-491.48584628823426,0.0,374.3222259461863,1.205384346390572,6.176463702032247,0.2658662214757943,1.0
7.0,-530.4591037199472,0.0,373.942924334593,0.9022176697051708,6.354238301558539,0.276453418634684,1.0
8.0,-559.9551225564848,0.0,373.6571903389788,0.6713846626045591,6.494647979369859,0.2919860354834372,1.0
9.0,-582.3483430906092,0.0,373.4406895063752,0.49319619192120195,6.604049368521884,0.31199567686191343,1.0
10.0,-599.2049285016767,0.0,373.27862930599207,0.348803895603839,6.687776662890929,0.3269302169757043,1.0
11.0,-611.3114230411682,0.0,373.1621799521145,0.24291042995044035,6.7485232832719495,0.34560457801441036,1.0
12.0,-619.901781708767,0.0,373.0794998754538,0.16577384620221663,6.791673373333675,0.3693572519193447,1.0
13.0,-625.8978723142926,0.0,373.0217043548675,0.11024252372309709,6.82150024758185,0.40020695947630314,1.0
14.0,-629.9894660359043,0.0,372.98220857105804,0.07074821281202862,6.841478877158834,0.4407675569139735,1.0
15.0,-632.6897414438382,0.0,372.95611367309056,0.04321741662160892,6.854314967419248,0.49629430773753413,1.0
16.0,-634.3889844242386,0.0,372.9396775011751,0.024641990703767838,6.8620904378215535,0.580752132053204,1.0
17.0,-635.390154766274,0.0,372.92998625220037,0.012771182601660911,6.866419387872296,0.7549184421836979,1.0
18.0,-635.9356401145141,0.0,372.9247030534801,0.006027247443206484,6.868559859609586,1.0,1.0
19.0,-636.112719086366,0.0,372.9229878722261,0.0042355236728698654,6.869072046428809,21.020285520326905,21.020285520326905
20.0,-636.1129432841531,0.0,372.92300010156066,0.014431631410878701,6.868020817502279,1.4772895705213616,7.093864581642102
21.0,-636.1130971231615,0.0,372.9229632447715,0.004103206624567517,6.870256888188547,1.0,1.0
22.0,-636.1131101443241,0.0,372.92335549814726,0.0013084436224988648,6.870032111401181,1.7406213076212482,118.33131252780181
23.0,-636.1131116343165,0.0,372.9234986777636,0.0002545800885768722,6.87016014838323,0.0,0.0
