iter,val,proj,gnorm,dnorm,xnorm,step,maxstep
1.0,10.000000000000114,0.0,373.62504434994077,4.953185036671175,5.0,0.22274670595773627,1.0
2.0,-151.18766792695362,0.0,372.2822050330054,3.8480670786514755,5.109259189133706,0.22340335198153466,1.0
3.0,-273.0586317505216,0.0,371.28791575467056,2.987794263956001,5.348425027662224,0.2247095219291752,1.0
4.0,-365.96500769171973,0.0,370.54262903253084,2.323208962213482,5.614408800566304,0.22733574025070952,1.0
5.0,-437.4423719682891,0.0,369.9765442357526,1.8050463620958213,5.863632170222282,0.23135952647490973,1.0
6.0,-492.7949174986984,0.0,369.54311289233556,1.4021028402224276,6.079588842757529,0.23723340618800837,1.0
7.0,-535.8972318957672,0.0,369.20898852529865,1.0853677764018503,6.26043005825918,0.2448208215360428,1.0
8.0,-569.502994243672,0.0,368.9507509420357,0.8358458977525755,6.408557887245936,0.25452925810339544,1.0
9.0,-595.6895920301779,0.0,368.75120642392653,0.636874480700442,6.528089211503628,0.2652200003486605,1.0
10.0,-615.910622007572,0.0,368.59855678782856,0.48124359188064747,6.622794866737504,0.27882508994405913,1.0
11.0,-631.458920850336,0.0,368.4821752508935,0.3589600976657403,6.696932058502279,0.29539866568181145,1.0
12.0,-643.2961383016074,0.0,368.3942696242249,0.26232041535868844,6.754074424875536,0.3136630210917363,1.0
13.0,-652.1281443993207,0.0,368.32914075614536,0.18710572807621886,6.797060510170963,0.33321604775034824,1.0
14.0,-658.5545153988219,0.0,368.28194457621527,0.13045470026317285,6.828441753901428,0.35643443612927994,1.0
15.0,-663.1311785916859,0.0,368.24845633211703,0.08837942032342244,6.8507776789782575,0.3838515534498094,1.0
16.0,-666.2996769641787,0.0,368.22535164746427,0.05775001332268486,6.866177060375641,0.4160663623087525,1.0
17.0,-668.4141735992289,0.0,368.20998474573366,0.03606112845700134,6.876375081891034,0.4537172890828458,1.0
18.0,-669.7599355346857,0.0,368.2002384825756,0.021266480896678736,6.882791889278157,0.49742511298336983,1.0
19.0,-670.5656504742794,0.0,368.1944251941551,0.011665933307741206,6.886574229383377,0.5476853179516912,1.0
20.0,-671.0114040973504,0.0,368.1912226560778,0.005835416122107891,6.888624157809797,0.60468494027478,1.0
21.0,-671.2339815397727,0.0,368.18963150964515,0.002592248114914897,6.8896205622010225,0.6680205033360395,1.0
22.0,-671.3311795282245,0.0,368.18894091969213,0.0009868056749390292,6.890040477138826,0.0,0.0
