iter,val,proj,gnorm,dnorm,xnorm,step,maxstep
1.0,10.0,0.0,378.53051828671374,4.967870444215336,5.0,0.2325463847369927,1.0
2.0,-150.52737571233934,0.0,376.61264450854117,3.8129198022140387,5.123376287735796,0.23289575041690616,1.0
3.0,-270.0128930848148,0.0,375.18427494345985,2.9225895120756804,5.385065022367458,0.23349401423490282,1.0
4.0,-359.60699634937794,0.0,374.1124390553121,2.238727531121821,5.66958718804836,0.23485560459273666,1.0
5.0,-427.3267607702461,0.0,373.2996779321319,1.717680733097272,5.928709380051572,0.23691742429337723,1.0
6.0,-478.7962880375195,0.0,372.68053064108796,1.3180821094523383,6.149257039841291,0.23990731417252767,1.0
7.0,-518.0918404703432,0.0,372.2070672674133,1.0096990666814192,6.3305331621143255,0.24373946317250253,1.0
8.0,-548.1542778145052,0.0,371.84445510136976,0.7694727940514324,6.476368376929852,0.2473145390656913,1.0
9.0,-571.0554873513424,0.0,371.5680375433306,0.58352701213218,6.59137722286828,0.2507237225950064,1.0
10.0,-588.432663963217,0.0,371.3582336935058,0.44019351700210646,6.680851185386277,0.2537912894681931,1.0
11.0,-601.5556710731776,0.0,371.1997844685948,0.3311589996027908,6.749660735134566,0.2574730040572357,1.0
12.0,-611.457747714795,0.0,371.08023875781197,0.24836241697571268,6.802237375498254,0.26203702325832895,1.0
13.0,-618.9220632011609,0.0,370.9901455746827,0.1856191917120094,6.8422078700970825,0.26795272369861506,1.0
14.0,-624.5442192404173,0.0,370.92231072488204,0.1381898781812855,6.872480435112721,0.27609941498745755,1.0
15.0,-628.7790119542166,0.0,370.8712377989488,0.10244803150864273,6.895360071945804,0.28824569191875254,1.0
16.0,-631.9760157552004,0.0,370.8327011540987,0.07562521163928879,6.912665969363365,0.3082765815158812,1.0
17.0,-634.4076625589919,0.0,370.8034080807175,0.05561858248899409,6.925842894339628,0.3459312785209294,1.0
18.0,-636.2939939252701,0.0,370.7807007274987,0.04085661870895902,6.936074270325233,0.4319144332769823,1.0
19.0,-637.8337410067047,0.0,370.76218257349524,0.03025425619215066,6.944443260126258,0.7211026371738098,1.0
20.0,-639.2936089737107,0.0,370.74464996235855,0.023584992797531304,6.952441494086602,1.0,1.0
21.0,-639.8584311165727,0.0,370.73790254483333,0.022696603319575164,6.955742600847797,8.073553239317405,8.073553239317405
22.0,-639.8625777318061,0.0,370.7380097046577,0.015497177254757823,6.9614060480931,1.0002725742502907,3.2771246478805365
23.0,-639.8626978457892,0.0,370.7368130165793,0.0003231445087201111,6.961974332520474,0.0,0.0
