iter,val,proj,gnorm,dnorm,xnorm,step,maxstep
1.0,10.0,0.0,382.59955670387865,4.970609513925506,5.0,0.22322524691789772,1.0
2.0,-136.18680855622904,0.0,380.5048089910652,3.8483637516430997,5.11462093037515,0.22419893013897585,1.0
3.0,-246.42372865578955,0.0,378.92926030609044,2.980320759254756,5.355873605407737,0.2258653563543709,1.0
4.0,-330.2840882333194,0.0,377.738483535128,2.311855579529269,5.622638358455475,0.22829817740723307,1.0
5.0,-394.51308521825376,0.0,376.82961116323224,1.7959869006523508,5.8708608107185425,0.23244041252177247,1.0
6.0,-444.1305826811217,0.0,376.12808334370595,1.39586909645229,6.086222149539197,0.23921099957595987,1.0
7.0,-482.80221214843573,0.0,375.58133657327056,1.0817818542496316,6.26696227413567,0.24883547573079012,1.0
8.0,-513.0831814303406,0.0,375.15318380764023,0.8333617954517889,6.4156308981912336,0.26149983968263524,1.0
9.0,-536.7862418611691,0.0,374.8189224774016,0.634246504712294,6.536116975171909,0.27618875028182804,1.0
10.0,-555.1514862016643,0.0,374.56120547855676,0.47530559480377216,6.6318456638968515,0.29322364880605534,1.0
11.0,-569.1909822464027,0.0,374.3649316818504,0.3471010337537855,6.706371414966504,0.3095252813777498,1.0
12.0,-579.623355913304,0.0,374.2195354835088,0.24686624695892243,6.762473380799447,0.32459648441506855,1.0
13.0,-587.1546093395698,0.0,374.1146609222245,0.17254191349386552,6.803286974317934,0.3422121024177707,1.0
14.0,-592.5055185170586,0.0,374.0402199039426,0.11800715897833554,6.832357917612501,0.36258279387444836,1.0
15.0,-596.228928854167,0.0,373.9884764118712,0.0785940323428279,6.852550723629888,0.38594072491744147,1.0
16.0,-598.7523910264484,0.0,373.9534508182173,0.05068608602568954,6.866159937197735,0.41253339261994654,1.0
17.0,-600.4074564638455,0.0,373.93050978835777,0.031443788003322766,6.875005096249982,0.44261604437313273,1.0
18.0,-601.4501247798282,0.0,373.91607951631335,0.01861771502516838,6.880508045554483,0.47644383683120367,1.0
19.0,-602.0755042665044,0.0,373.907439719758,0.0104228703891879,6.883755965119893,0.5142667645571564,1.0
20.0,-602.4288473059179,0.0,373.90256827979454,0.005454657263193155,6.885554749616607,0.5563337708920087,1.0
21.0,-602.6144953932145,0.0,373.90001515696986,0.0026311600090967416,6.886476963284704,0.602918249556757,1.0
22.0,-602.7037523360567,0.0,373.8987914421538,0.0011491271233735872,6.886907206301554,0.6543868674323959,1.0
23.0,-602.742218949533,0.0,373.8982661889452,0.0004438269974169362,6.887085798102229,0.0,0.0
