iter,val,proj,gnorm,dnorm,xnorm,step,maxstep
1.0,300.0,0.0,60.62544462519678,28.831471379883983,122.47448713915891,0.5036448495825482,1.7106984090482
2.0,90.67166709060302,0.0,53.387769433172245,2.458393981081148,122.10105390099427,44.424113993305156,44.424113993305156
3.0,-91.57033063264663,0.0,56.45743729325357,12.726308204596592,13.47049859245419,0.7184556214544924,1.0
4.0,-166.20214452324686,0.0,53.571950302814045,3.3385815172386883,19.763986204202823,1.0,1.0
5.0,-173.33416632729256,0.0,53.41310486164404,2.021882920778054,20.27914112253939,1.0,1.0
6.0,-176.49692227649544,0.0,53.421881702029616,1.8392502431005913,19.476559715562942,1.0,1.0
7.0,-178.64835288545697,0.0,53.434296379697415,0.8536158120946917,19.019866181775267,1.0,1.0
8.0,-179.5001312093521,0.0,53.43188169422338,0.48967148974159685,18.974908750539285,1.0,1.0
9.0,-179.7123923700535,0.0,53.438156273505925,1.2999490750554852e-05,18.9586549418814,0.0,0.0
