iter,val,proj,gnorm,dnorm,xnorm,step,maxstep
1.0,300.0,0.0,56.27962535414215,26.8584563203563,122.47448713915891,0.5041710549902894,1.6228885800327555
2.0,118.1513801299061,0.0,49.518129039617946,2.4597516975327975,121.9871427162006,45.86833970266897,45.86833970266897
3.0,-53.37134563303877,0.0,53.54285907999116,13.83398149245414,9.448707013284858,0.7719035999702515,1.0
4.0,-145.94637405813648,0.0,49.69041579943921,3.0836692105629524,17.52672789822786,1.0,1.0
5.0,-152.30598312688448,0.0,49.54535444643767,1.3429678029250491,18.269710839226857,1.0,1.0
6.0,-154.23755680854558,0.0,49.5536857093781,1.0573072586425574,17.731158071198603,1.0,1.0
7.0,-154.96946872586264,0.0,49.57125479716895,0.08495269882822128,17.605859604560433,0.999970889036663,1.0
8.0,-154.98563158417147,0.0,49.57166341736977,8.22675161145391e-05,17.605564783389323,0.0,0.0
