iter,val,proj,gnorm,dnorm,xnorm,step,maxstep
1.0,300.0,0.0,57.38579615202877,25.61789915145501,122.47448713915891,0.504631925942959,1.6646452509463265
2.0,134.4108980983683,0.0,51.409488776337554,2.4608201775684906,121.91941575995924,44.57640886009958,44.57640886009958
3.0,-24.975170004710264,0.0,55.45430455971215,14.861821274975567,12.303972446144568,0.6449561294225188,1.0
4.0,-122.80512095697634,0.0,51.653364158046806,3.778468736596335,17.90767087446139,0.912185490220395,1.0
5.0,-131.91776108690283,0.0,51.41944447184582,2.2503370333421597,18.71747400389477,1.0,1.0
6.0,-136.11470039424069,0.0,51.434474916793725,1.7935776492511593,17.39608669175905,1.0,1.0
7.0,-138.3612577185364,0.0,51.45410640420249,0.7747644044365156,16.77395932109784,1.0,1.0
8.0,-139.16237790648432,0.0,51.45628071246505,0.4818174947643213,16.714191961210084,1.0,1.0
9.0,-139.31702379394108,0.0,51.46513982793587,5.082521207267543e-05,16.69260461268608,0.0,0.0
