iter,val,proj,gnorm,dnorm,xnorm,step,maxstep
1.0,300.0,0.0,56.75288163611254,27.382805194310425,122.47448713915891,0.5040338502811808,1.62833941067596
2.0,111.03316810658134,0.0,49.770808899897965,2.4593509303523016,122.01668348853218,45.40809097782674,45.40809097782674
3.0,-63.80318516619181,0.0,53.54968937058027,13.492181791570824,10.695557747310895,0.7412040484429442,1.0
4.0,-150.27456568616705,0.0,49.96848268195442,3.2642730252897545,18.056968552727486,1.0,1.0
5.0,-157.27634219468518,0.0,49.79615210446735,1.6291789685746978,18.83643635127251,1.0,1.0
6.0,-159.67136306934214,0.0,49.80711122083462,1.4038823761452317,18.161193877313877,1.0,1.0
7.0,-160.9091699495002,0.0,49.82417189797262,0.29782622959811494,17.949136282374397,1.0,1.0
8.0,-161.0185934034734,0.0,49.82671115755379,0.008956214419354567,17.945414644099966,0.999998458074221,1.0
9.0,-161.01868628097236,0.0,49.82677392219202,1.1578664552600418e-06,17.945399741702555,0.0,0.0
