iter,val,proj,gnorm,dnorm,xnorm,step,maxstep
1.0,300.0,0.0,57.927318494834545,26.317200392226376,122.47448713915891,0.5043715236462175,1.6704067072842765
2.0,125.33739308922713,0.0,51.66338306502595,2.4602219648996253,121.95723339005146,45.27252673253416,45.27252673253416
3.0,-40.67842729735702,0.0,55.600930425600595,14.249173283782396,10.754471051880635,0.6933406970784356,1.0
4.0,-135.05977260939525,0.0,51.88353715851018,3.439144654822701,17.483392295991973,0.976414881853753,1.0
5.0,-143.01081993342,0.0,51.679017950477025,1.9189835671510986,18.485060646927902,1.0,1.0
6.0,-145.9535957483456,0.0,51.69874032765544,1.5301540704704168,17.47927716669349,1.0,1.0
7.0,-147.42226128426313,0.0,51.7138453586923,0.5020147702695998,17.198082018970705,1.0,1.0
8.0,-147.68179916359588,0.0,51.71615835473162,0.057766598348168205,17.187003748993607,0.9271309899115202,1.0
9.0,-147.6870742211172,0.0,51.71664424552165,0.01036755521331203,17.186514420048734,1.0,1.0
10.0,-147.68741981808097,0.0,51.71674251050395,0.0008208499978392753,17.186470967809374,0.0,0.0
