iter,val,proj,gnorm,dnorm,xnorm,step,maxstep
1.0,300.0,0.0,57.45197284691797,28.421922710486832,122.47448713915891,0.5037410734997264,1.6331012286397573
2.0,96.53754712883392,0.0,49.989602905343354,2.458637764016806,122.07677971159208,44.41865690372476,44.41865690372476
3.0,-83.38087518363562,0.0,53.34173809872662,13.058752868111686,13.350515902504839,0.7275564293911573,1.0
4.0,-160.7830618117231,0.0,50.18774709851727,3.5453786587555567,19.65471136836976,1.0,1.0
5.0,-168.25119698744294,0.0,50.02289670187849,2.1034923279250157,20.03270685030677,1.0,1.0
6.0,-171.55171919092487,0.0,50.02551197512697,1.9408847771340523,19.27319267072858,1.0,1.0
7.0,-173.8434640972989,0.0,50.039774092331655,0.8439294344426479,18.771107401774266,1.0,1.0
8.0,-174.76913730225655,0.0,50.034005855130644,0.5260115617849174,18.729761608513275,1.0,1.0
9.0,-174.97290033566514,0.0,50.042753780038325,6.515814237314209e-05,18.706832309392116,0.0,0.0
