iter,val,proj,gnorm,dnorm,xnorm,step,maxstep
1.0,300.0,0.0,57.84606437782262,28.95525313921631,122.47448713915891,0.5035998789173664,1.636338335597808
2.0,88.88924763737987,0.0,50.13819136170734,2.45830601909374,122.10843857533156,43.97612342125086,43.97612342125086
3.0,-93.19206557442493,0.0,53.30025177884883,12.780154177858098,14.555761786095495,0.7045921252611101,1.0
4.0,-166.1402577717202,0.0,50.34000756677325,3.541897667676853,20.351590059330423,1.0,1.0
5.0,-173.87366352425175,0.0,50.16559105062983,2.224812553730138,20.696695563925804,1.0,1.0
6.0,-177.38757657887083,0.0,50.17599177123214,2.0294947545253486,19.79080642605846,1.0,1.0
7.0,-179.90348594810214,0.0,50.18765840483644,1.0391459645950674,19.182365887303245,1.0,1.0
8.0,-181.12993199557195,0.0,50.18075765203008,0.8821564287105297,19.11417992592107,1.0,1.0
9.0,-181.653825069506,0.0,50.19199336708457,0.056566052539078975,19.0608942707335,0.9999995726848852,1.0
10.0,-181.65652036010275,0.0,50.19242956297243,1.717641937953331e-06,19.06069980154757,0.0,0.0
