iter,val,proj,gnorm,dnorm,xnorm,step,maxstep
1.0,300.0,0.0,56.73581160080465,27.557114147347384,122.47448713915891,0.5039819765553714,1.6258331446463645
2.0,108.63941933997921,0.0,49.65486390157302,2.4592242136346796,122.02661751199375,45.2146432233733,45.2146432233733
3.0,-67.12162257401047,0.0,53.36396554092463,13.447162985854721,11.206273236600389,0.7417150429207172,1.0
4.0,-152.01535813395648,0.0,49.8550281116693,3.3823252177329084,18.361804718525885,1.0,1.0
5.0,-159.22611934646756,0.0,49.68376555015817,1.7266743532717794,19.027804628857627,1.0,1.0
6.0,-161.86892144274103,0.0,49.68948508915317,1.531501058216777,18.369507765902693,1.0,1.0
7.0,-163.33974519650565,0.0,49.70739727666363,0.4108382278897228,18.09329117456542,1.0,1.0
8.0,-163.52887060383878,0.0,49.710126218919186,0.06256270854627294,18.085198272481907,0.9999999955103575,1.0
9.0,-163.53134322884773,0.0,49.7109989557029,2.807063002966577e-08,18.084874508848742,0.0,0.0
