iter,val,proj,gnorm,dnorm,xnorm,step,maxstep
1.0,300.00000000000045,0.0,56.17534152991328,26.93798023890502,122.47448713915891,0.5040619464514156,1.6194106796118186
2.0,117.11251973412027,0.0,49.36345582076978,2.460363537592568,121.9915409800941,39.99800066894709,39.99800066894709
3.0,-39.35201837549596,0.0,52.632340097042494,15.053577920786813,23.824135968906123,0.5527579950415733,1.0
4.0,-119.39818729417345,0.0,49.52209029787099,3.6917384475246746,26.190709978306906,0.9508894295934441,1.0
5.0,-127.66922621215065,0.0,49.38493318244472,2.8455752923170388,25.484071630793352,1.0,1.0
6.0,-133.61554131362908,0.0,49.38421140675205,2.4612939410873667,23.125462651407314,1.0,1.0
7.0,-139.13046375621917,0.0,49.3737280770765,2.3477657865986092,21.6124488401466,1.0,1.0
8.0,-143.84151584826014,0.0,49.38304845947442,2.154487586385526,20.142706041755183,1.0,1.0
9.0,-147.75891699238167,0.0,49.39199556830503,1.8169905719358168,18.97736460570339,1.0,1.0
10.0,-150.85554864967952,0.0,49.39311095587617,1.7109182655553536,18.37158772612017,1.0,1.0
11.0,-153.370851219239,0.0,49.40195850424497,1.2178868777548009,17.88760170893468,1.0,1.0
12.0,-154.81144195082643,0.0,49.4066973341878,0.8802229109184011,17.6916244231596,1.0,1.0
13.0,-155.47912718941214,0.0,49.4149105019359,0.1751083266190719,17.638469704798425,0.997985494702621,1.0
14.0,-155.50725081056564,0.0,49.417382161987625,0.001628362948498295,17.63379508993348,0.9846646197917837,1.0
15.0,-155.50727759993222,0.0,49.41738645478856,3.8315575607047e-05,17.633886433855945,0.0,0.0
