iter,val,proj,gnorm,dnorm,step,maxstep
1.0,499.34377112441507,0.0,3528.9763322627714,13.874488651325146,0.5232959882197156,1.0
2.0,-639.6121991085056,0.0,3527.2984273086445,6.896935755961908,0.6505765572296829,1.0
3.0,-1272.981885179066,0.0,3526.4635333360948,2.786658451479067,0.9374153809911937,1.0
4.0,-1582.4091240242778,0.0,3526.1403272096286,0.9627575751508871,1.0,1.0
5.0,-1603.2689180213129,0.0,3526.1653468850272,0.08684966065596998,1.0057175327744217,2.5775438439535145
6.0,-1603.2727110163796,0.0,3526.1694959321467,0.0026459965004808914,1.064750321777605,38.424527007042904
7.0,-1603.2727147437108,0.0,3526.1696587602864,0.00023046447764807067,0.0,0.0
