iter,val,proj,gnorm,dnorm,step,maxstep
1.0,499.34377112441507,0.0,3542.935959308438,13.907321839324283,0.5119456226017061,1.0
2.0,-590.6942984011548,0.0,3540.7907121264293,7.011967031806063,0.6417648628217193,1.0
3.0,-1215.4063119440725,0.0,3539.830246029671,2.935946701851331,0.8997290896465538,1.0
4.0,-1519.3997125087226,0.0,3539.5441803967014,0.9490263726703905,1.0,1.0
5.0,-1553.2034643037114,0.0,3539.6310383913305,0.10020597638167122,1.0272651294661612,1.4435556727030494
6.0,-1553.2086218103905,0.0,3539.643835725224,0.004652447956926756,1.0822627551723492,5.803551401447216
7.0,-1553.2086335233143,0.0,3539.643740507759,0.0002304670790980028,0.0,0.0
