iter,val,proj,gnorm,dnorm,step,maxstep
1.0,499.34377112441507,0.0,3546.466422550311,13.870856826508556,0.5560277725859771,1.0
2.0,-672.3475364419392,0.0,3544.1188736218946,6.467595643031288,0.7319338129711865,1.0
3.0,-1315.4957254823603,0.0,3543.066537004287,2.2905215794385825,1.0,1.0
4.0,-1545.5082100054933,0.0,3542.8191785667245,0.45966254724007644,0.9990564327326326,1.0
5.0,-1545.61641555815,0.0,3542.8669192353996,0.022809900955316396,0.9794235658473549,1.0
6.0,-1545.6166728121716,0.0,3542.8670909014386,0.004069716799124231,1.0,1.0
7.0,-1545.6166813151904,0.0,3542.8672252943625,0.0007494628556274228,0.0,0.0
