iter,val,proj,gnorm,dnorm,step,maxstep
1.0,499.34377112441507,0.0,3529.637901399633,13.839769599244873,0.534866320410183,1.0
2.0,-682.9527787912666,0.0,3528.140163996032,6.746689742637501,0.6745461643582445,1.0
3.0,-1335.4258684896122,0.0,3527.620870044116,2.651539564591909,0.9438166824537361,1.0
4.0,-1624.2900872413666,0.0,3527.4725563933066,0.6524102967649518,1.0,1.0
5.0,-1641.4821640337395,0.0,3527.504819134381,0.039495569117563877,1.0169837044624639,3.6454522449566347
6.0,-1641.4829572301824,0.0,3527.5089093309302,0.0024637121319763936,1.049030703806017,52.778342013578424
7.0,-1641.4829604139522,0.0,3527.5087605267126,0.00036968208847929765,0.0,0.0
