iter,val,proj,gnorm,dnorm,step,maxstep
1.0,499.34377112441507,0.0,3532.248023795442,13.795075485755468,0.4720290313391724,1.0
2.0,-552.8139542014105,0.0,3530.4072250052754,7.50338398920195,0.5592123147872355,1.0
3.0,-1169.888155311477,0.0,3529.545336447876,3.6326003145003196,0.7302085284243237,1.0
4.0,-1512.8475566868365,0.0,3529.094547592343,1.5237905571289592,1.0,1.0
5.0,-1637.9091238729816,0.0,3529.1025672284973,0.3707419918064527,1.0,1.0
6.0,-1638.016973659869,0.0,3529.0908787190046,0.2264781299195049,1.0,1.0
7.0,-1638.0446909159982,0.0,3529.124158046735,0.042047025041583974,1.0,1.0
8.0,-1638.046281963787,0.0,3529.126802726982,0.011498901046106815,0.9999581510447291,5.086025994619656
9.0,-1638.0463480734034,0.0,3529.126630357564,9.367191809333945e-06,0.0,0.0
