iter,val,proj,gnorm,dnorm,xnorm,step,maxstep
1.0,6.0,0.0,79.57428528113715,1.707629833148515,1.7320508075688779,0.5362947111394095,1.0
2.0,-20.255779344766488,0.0,78.91817059565386,0.8043354473734659,1.8925954562422447,0.5729450239147268,1.0
3.0,-32.705737080579105,0.0,78.60717830832205,0.3608009958327707,2.1015112586438986,0.6322404652972846,1.0
4.0,-38.45071943876422,0.0,78.464302893916,0.14852539576605694,2.2169317615371185,0.7305565422058872,1.0
5.0,-40.86877695204075,0.0,78.40464152414407,0.0510164802792678,2.266128749629752,0.8816817150039351,1.0
6.0,-41.651902151916175,0.0,78.38558893009122,0.010999451350714215,2.280581834101769,1.0,1.0
7.0,-41.75684232139151,0.0,78.38313996816497,0.0007979580397403184,2.2816415152962315,0.0,0.0
