iter,val,proj,gnorm,dnorm,xnorm,step,maxstep
1.0,6.000000000000007,0.0,83.25307158301848,1.694086479492709,1.7320508075688779,0.5438889658969515,1.0
2.0,-22.29886234450865,0.0,82.57761447766396,0.7939372383389756,1.8777490606346352,0.6074131748587805,1.0
3.0,-36.1521085556567,0.0,82.24809735747195,0.3447329030218799,2.0789206407938607,0.7214516396497742,1.0
4.0,-42.49224706998575,0.0,82.09856577875395,0.12112587575684938,2.1879478656450813,0.8924836965250156,1.0
5.0,-44.65912783091541,0.0,82.04819305862303,0.025850956884251805,2.2243218938907328,1.0,1.0
6.0,-44.91944302047615,0.0,82.04241794891594,0.0019086665076999357,2.2266806664351506,1.0000000000000002,5.322182070941699
7.0,-44.91944484198007,0.0,82.0424510373237,1.6764000044290905e-15,2.226400691864031,0.0,0.0
