iter,val,proj,gnorm,dnorm,xnorm,step,maxstep
1.0,5.999999999999993,0.0,82.01363261071539,1.7130446287239576,1.7320508075688779,0.535974151433675,1.0
2.0,-21.638859354662806,0.0,81.3440066901673,0.8021128287182396,1.8956385536864266,0.564433290727482,1.0
3.0,-34.59067753589992,0.0,81.02995633134034,0.363095116659753,2.1045836393349213,0.6136378203646888,1.0
4.0,-40.60264206127465,0.0,80.88463985958003,0.15464888364918722,2.220050433178148,0.7002230146584301,1.0
5.0,-43.229062024197724,0.0,80.82155731443218,0.056928395298418845,2.271270305393036,0.8383487576382797,1.0
6.0,-44.167950252577086,0.0,80.79925478183749,0.014484799551578992,2.2881518013379667,1.0,1.0
7.0,-44.348706169061145,0.0,80.79507158980005,0.0012898994527872822,2.290442234442662,1.0,11.22918761121274
8.0,-44.34870700098142,0.0,80.79509295945802,1.538370149106851e-15,2.290239131148406,0.0,0.0
