iter,val,proj,gnorm,dnorm,xnorm,step,maxstep
1.0,6.0,0.0,82.66295291124071,1.696934446201704,1.7320508075688779,0.5461534117300644,1.0
2.0,-21.43896893076439,0.0,82.00445806677556,0.7874229900201888,1.8781858296713247,0.5992260402319467,1.0
3.0,-34.54714578581411,0.0,81.69067308914937,0.3469433975816558,2.0795740810186976,0.6984278770763203,1.0
4.0,-40.55262751608312,0.0,81.54793271979709,0.12892919896667443,2.1912822433647197,0.8523617633971392,1.0
5.0,-42.743669112478706,0.0,81.49650480199787,0.031142545710497734,2.2327642630759295,1.0,1.0
6.0,-43.12191333766271,0.0,81.48788674117833,0.0026806262015269104,2.2386753194608384,1.0000000000031033,4.498620415580039
7.0,-43.12191693054112,0.0,81.48792979389286,4.7422449537812084e-14,2.2383902085034406,0.0,0.0
