iter,val,proj,gnorm,dnorm,xnorm,step,maxstep
1.0,5.999999999999979,0.0,85.75316887442936,1.7132552963660483,1.7320508075688774,0.5239500220796144,1.0
2.0,-23.705664270598056,0.0,85.06181791290307,0.8238485284833165,1.9053420686090679,0.5499604556880757,1.0
3.0,-37.989142493395946,0.0,84.7288062597551,0.3842515887528959,2.118959215481117,0.5937399475391649,1.0
4.0,-44.79958157507145,0.0,84.57034697790547,0.16819674825705558,2.240859248600185,0.6606645478160337,1.0
5.0,-47.85090825217981,0.0,84.49965026224257,0.06581372898537366,2.297283806272427,0.7628791991090264,1.0
6.0,-49.04174512053795,0.0,84.4722457892019,0.020341104920258896,2.3184756681742553,0.900369583791572,1.0
7.0,-49.37445761103077,0.0,84.46467899038025,0.003738481524726851,2.3236550365202318,1.0,1.0
8.0,-49.41125333625668,0.0,84.46387053761607,0.00021519838720156825,2.3239559105615486,0.0,0.0
