iter,val,proj,gnorm,dnorm,xnorm,step,maxstep
1.0,6.000000000000014,0.0,82.00046187678457,1.7051543429652736,1.7320508075688774,0.5316992522901492,1.0
2.0,-22.16750740496031,0.0,81.31640092274642,0.8125660507583183,1.894203095219401,0.570585812834941,1.0
3.0,-35.7632098690246,0.0,80.98622390655468,0.36829277187146475,2.10370330492162,0.6331515100820135,1.0
4.0,-42.1161109479948,0.0,80.83254169805032,0.1513652480850536,2.221342485258538,0.727696234479691,1.0
5.0,-44.77056596581023,0.0,80.76874432652392,0.051758031062645635,2.2720337899569363,0.8681849341454791,1.0
6.0,-45.62961694416683,0.0,80.74833490684999,0.011493197888226753,2.2873311101376794,1.0,1.0
7.0,-45.75986298429342,0.0,80.74533209835982,0.0008670228282371704,2.288956995365844,0.0,0.0
