iter,val,proj,gnorm,dnorm,xnorm,step,maxstep
1.0,6.000000000000007,0.0,80.2274970194384,1.705382406924076,1.7320508075688774,0.5334301942999289,1.0
2.0,-21.015838884900532,0.0,79.55673068837578,0.8088775543897246,1.892916442920303,0.5709935610829878,1.0
3.0,-33.95035722560558,0.0,79.23561588398863,0.36530767562858424,2.101801256665865,0.6347341668194715,1.0
4.0,-39.99436686968554,0.0,79.08626300881986,0.15046284043377003,2.2178957725643444,0.7402194595637049,1.0
5.0,-42.54502964672771,0.0,79.02375222980773,0.050672741177485665,2.2672022288735905,0.9002134252975047,1.0
6.0,-43.347688997873945,0.0,79.00437507284528,0.010261636322542653,2.2809032284190587,1.0,1.0
7.0,-43.4365416007027,0.0,79.00233705299577,0.0006703395464015319,2.281509388976982,0.0,0.0
