iter,val,proj,gnorm,dnorm,xnorm,step,maxstep
1.0,6.0,0.0,78.13962454480568,1.7044893717822118,1.7320508075688774,0.5315730376403278,1.0
2.0,-19.739289515959896,0.0,77.48442745469606,0.8098432875355845,1.8947012047748961,0.5696956656404016,1.0
3.0,-32.10242359518381,0.0,77.17005837075934,0.36834572608405314,2.102305499147193,0.6387198096979568,1.0
4.0,-37.941149736611905,0.0,77.02247355822503,0.15267238044219333,2.2181631997346063,0.7581408861753632,1.0
5.0,-40.42051831237838,0.0,76.96045990336492,0.05008593592219328,2.2673277413010897,0.9360411531388039,1.0
6.0,-41.157806128816496,0.0,76.94239068724374,0.008616949227181718,2.279779605389983,1.0,1.0
7.0,-41.208118816540726,0.0,76.94127454597552,0.000405832663062518,2.279695364172874,0.0,0.0
