iter,val,proj,gnorm,dnorm,xnorm,step,maxstep
1.0,60.000000000007276,0.0,4334.009273468389,17.071830073477543,17.320508075688775,0.4428235061496701,1.0
2.0,-1371.8623637274286,0.0,4331.4120691371645,9.727104003042038,18.838267849827474,0.5326530568825977,1.0
3.0,-2268.320343376814,0.0,4330.183893717454,4.883495042348141,21.222539221007313,0.6434900586679386,1.0
4.0,-2754.9430681733356,0.0,4329.580817230576,1.9960511728688068,22.854373403258087,0.8369485190619703,1.0
5.0,-2976.095199617579,0.0,4329.3510940942515,0.8724312027581743,23.602172002361694,1.0,1.0
6.0,-3019.333279248116,0.0,4329.316462057235,0.6508976411201741,23.68356370978455,1.0,1.0
7.0,-3019.690680598571,0.0,4329.333608444783,0.3601522416026018,23.633890624877445,1.0,1.0
8.0,-3019.801253202466,0.0,4329.322449454985,0.1256072659636639,23.62737341618534,1.0,1.0
9.0,-3019.810754778031,0.0,4329.332883746507,0.020464019398369133,23.627802370952637,1.0,1.0
10.0,-3019.8109723778325,0.0,4329.331865819915,0.0026108028050814643,23.62834395352633,1.4706203853731477,12.748027262374297
11.0,-3019.810977390014,0.0,4329.33206764541,0.0006890300068036683,23.62847328021585,0.0,0.0
