iter,val,proj,gnorm,dnorm,xnorm,step,maxstep
1.0,59.999999999992724,0.0,4318.671725205564,17.079142039341438,17.320508075688775,0.4311681151987706,1.0
2.0,-1372.0257890892317,0.0,4316.031564043274,9.774517821999558,18.766041344355077,0.48040647390682367,1.0
3.0,-2219.3691174235137,0.0,4314.597713608627,5.322517833091321,20.910886185153522,0.5687044015447813,1.0
4.0,-2720.1762617441855,0.0,4313.904152399515,2.559491459967123,22.481748373863013,0.7069573230825752,1.0
5.0,-2982.848554180062,0.0,4313.574862331989,1.104683547396073,23.334821360391807,1.0,1.0
6.0,-3090.900735752817,0.0,4313.464048477977,0.6973580925642462,23.625257145277534,1.0,1.0
7.0,-3091.3451256345943,0.0,4313.493949389953,0.4538097817644994,23.555593537240657,1.0,1.0
8.0,-3091.5315729020513,0.0,4313.492196537639,0.16120890380779965,23.54028759314356,1.0,1.0
9.0,-3091.5498136626775,0.0,4313.501994393162,0.007409055813350592,23.538168287229578,1.0092518446360557,2.9838424468830382
10.0,-3091.5498413636014,0.0,4313.50177338004,0.0007568433719195189,23.53814453866853,0.0,0.0
