iter,val,proj,gnorm,dnorm,xnorm,step,maxstep
1.0,60.0,0.0,4328.130831167422,16.99620275995717,17.320508075688775,0.4786729508052179,1.0
2.0,-1515.738678068883,0.0,4325.115688430263,9.177445191529793,19.054932185521494,0.583631775007178,1.0
3.0,-2455.011637059957,0.0,4324.192156942725,4.2351771512590455,21.632760781290976,0.6740609021838946,1.0
4.0,-2891.461520950281,0.0,4323.977752116263,1.6875463727250228,23.078846992268954,0.6728053697796198,1.0
5.0,-3031.526970330262,0.0,4323.7839446781345,1.2069574223026898,23.54048751850889,0.5919478163177043,1.0
6.0,-3071.8868154503507,0.0,4323.835180211259,0.8938635213047007,23.62944971010077,0.593083423837965,1.0
7.0,-3088.5502038918494,0.0,4323.782759258014,0.7148903401564201,23.66211074626097,0.88339080345848,1.0
8.0,-3098.705237998547,0.0,4323.826990976647,0.5793230337114263,23.659900309158665,0.40817617255852845,1.0
9.0,-3099.3599375790072,0.0,4323.796122503474,0.2647484337306974,23.659753372593535,1.0,1.0
10.0,-3100.224793305031,0.0,4323.790745690998,0.05573017684985636,23.65796793309268,0.7232153076600625,1.0
11.0,-3100.2260715928787,0.0,4323.787413327026,0.024280577767261658,23.658460070217995,0.9667188623407579,1.0
12.0,-3100.226415446654,0.0,4323.789124561336,0.020777642878802922,23.658331737199166,1.0,1.0
13.0,-3100.226646516814,0.0,4323.787509940021,0.020317003894241646,23.659177751304874,1.1053752993638037,42.619018956760094
14.0,-3100.226874655673,0.0,4323.7892626988,0.02187327128964654,23.659337148653243,0.9424037291328491,2.0079704660054025
15.0,-3100.2271000973924,0.0,4323.787559155359,0.020076826026181004,23.660195052718873,1.105375299237348,23.74902959681678
16.0,-3100.2273228742415,0.0,4323.789291200698,0.02161469598693592,23.660373538205317,0.9424037291318339,1.0281249762342592
17.0,-3100.227543017376,0.0,4323.787607789571,0.019839487436224462,23.661238901888204,1.1053752992363377,1.9105292650320413
18.0,-3100.2277605581403,0.0,4323.789319365414,0.001302326456501245,23.661435716374395,0.5195527953997017,1.0
19.0,-3100.2277693272044,0.0,4323.789243359197,0.0003892465070581973,23.661449175872324,0.0,0.0
