iter,val,proj,gnorm,dnorm,xnorm,step,maxstep
1.0,59.999999999992724,0.0,4323.0518481977515,17.042657437333997,17.320508075688775,0.42077367794125337,1.0
2.0,-1281.6491551415675,0.0,4320.766719144988,9.946221755572132,18.679382319500093,0.4917592987921078,1.0
3.0,-2127.861644790559,0.0,4319.512486848185,5.453872358709817,20.84639873271348,0.6093216039858094,1.0
4.0,-2639.1574423399798,0.0,4318.78955381539,2.417496145875285,22.510820890299673,0.7700477472660973,1.0
5.0,-2885.73831967407,0.0,4318.429215298261,1.0565357298705271,23.343703148611574,1.0,1.0
6.0,-2959.160436912367,0.0,4318.407306753893,0.7405555167651766,23.50237173212491,1.0,1.0
7.0,-2959.6796671239135,0.0,4318.4052473385345,0.5112398194360376,23.434074209787763,1.0,1.0
8.0,-2959.902502751618,0.0,4318.404767049737,0.16892884360695065,23.41697032334063,1.0,1.0
9.0,-2959.940676596707,0.0,4318.394788950044,0.004384222350451328,23.41492423302012,1.0,1.0
10.0,-2959.9408437656093,0.0,4318.395403275553,0.0008394931490202181,23.414885369439336,0.0,0.0
