iter,val,proj,gnorm,dnorm,xnorm,step,maxstep
1.0,60.0,0.0,4333.923485186374,17.066853762537836,17.320508075688775,0.4342895624958376,1.0
2.0,-1301.039751145363,0.0,4330.805254432637,9.797277529265036,18.778298819420453,0.5230995440836264,1.0
3.0,-2165.8049384253027,0.0,4329.174022992598,5.044824612405303,21.08286946798812,0.6327776105177289,1.0
4.0,-2644.9793754875936,0.0,4328.602014928006,2.1747031988657293,22.67836343421741,0.7734012883491156,1.0
5.0,-2855.7366678863254,0.0,4328.252980492098,1.2243641140824015,23.414095957955123,0.8718225026819286,1.0
6.0,-2909.567898916226,0.0,4328.342020313493,1.1024420517605624,23.539154858950035,0.550786615027904,1.0
7.0,-2914.32242266689,0.0,4328.256979153088,0.687638241065804,23.523175310045158,1.0,1.0
8.0,-2918.210366884872,0.0,4328.298086025238,0.5765175860534366,23.506494380689077,0.4805628443150644,1.0
9.0,-2918.32648990547,0.0,4328.277035604499,0.24178589055055,23.501438249378275,1.0,1.0
10.0,-2918.399068433064,0.0,4328.244992351905,0.08493046352001382,23.50070505663998,0.993382872687732,1.0
11.0,-2918.4038143172074,0.0,4328.250287121571,0.036680522743100456,23.500623246241194,1.0,1.0
12.0,-2918.4048233206413,0.0,4328.25336811176,0.03584550180101567,23.502211317068298,2.105814887294982,5.863600168783079
13.0,-2918.406176201519,0.0,4328.247212600596,0.041416641347134214,23.50437694624646,0.58042287075677,1.0
14.0,-2918.4071750823277,0.0,4328.251063577801,0.02101267520821175,23.505059540976553,1.0,1.0
15.0,-2918.407831199671,0.0,4328.251302225192,0.015378011655051147,23.50599673241132,1.0003386185500667,34.90882189650836
16.0,-2918.4079494813777,0.0,4328.249448340741,0.0002971962772144751,23.506300131843627,0.0,0.0
