iter,val,proj,gnorm,dnorm,xnorm,step,maxstep
1.0,60.00000000001455,0.0,4335.465462535021,16.98629831978397,17.320508075688775,0.43442057586414196,1.0
2.0,-1329.8812013433708,0.0,4333.52134798272,9.768538917905058,18.74284510352661,0.5079974266105931,1.0
3.0,-2188.3276456879903,0.0,4332.641429364489,5.207257929598213,20.942838481921846,0.6576176447287883,1.0
4.0,-2714.3464305708985,0.0,4332.113996032846,2.41920878595117,22.598947014107818,0.7752405200640308,1.0
5.0,-2922.9712308950548,0.0,4332.0820945216365,1.4905526860268274,23.268932073064583,0.4972813257824784,1.0
6.0,-2953.274615467162,0.0,4331.985362649454,1.0461158528690422,23.308021052435237,0.8884441303825227,1.0
7.0,-2980.5682640879168,0.0,4332.04566289242,1.1227922867954139,23.343436484308576,0.40593173197326804,1.0
8.0,-2982.2587306903733,0.0,4331.960972077912,0.6357347996936864,23.318676037352155,1.0,1.0
9.0,-2984.6113357991853,0.0,4332.01154360341,0.5182293881643196,23.304247114233288,0.3631346938237965,1.0
10.0,-2984.6901826204266,0.0,4331.9743998256945,0.21975619235359,23.29663696169979,1.0,1.0
11.0,-2984.752870575685,0.0,4331.967002270303,0.12553269327624927,23.29341795304157,0.5220447796034532,1.0
12.0,-2984.7582299608403,0.0,4331.979231003698,0.03194088310828186,23.29522055641907,1.0,1.0
13.0,-2984.758938983563,0.0,4331.982826700034,0.028420535601183284,23.29628398312886,1.6902341893994224,3.0287732979181925
14.0,-2984.759621607278,0.0,4331.977867459925,0.012664585935473557,23.29641824899281,0.5849685140883152,1.0
15.0,-2984.7598020959194,0.0,4331.97896102212,0.004704455388767738,23.296496043308696,1.0,1.0
16.0,-2984.759897455151,0.0,4331.979196298613,0.003797017037781803,23.29653510367564,1.452649364770007,137.6796331163605
17.0,-2984.7599079268184,0.0,4331.978572296469,0.0018889898473172459,23.29647003382884,1.5925038854636255,147.91278504444742
18.0,-2984.759910768131,0.0,4331.97874127535,0.0010357077104965594,23.29640253378391,1.4429241172342657,499.55679858667435
19.0,-2984.7599115420235,0.0,4331.978581674335,0.0005195159862805946,23.29639069571095,0.0,0.0
