iter,val,proj,gnorm,dnorm,xnorm,step,maxstep
1.0,59.999999999992724,0.0,3067.8639353139506,23.50083267928433,24.49489742783178,0.46308633142983907,1.0
2.0,-1337.322399266748,0.0,3064.155470540284,12.994897899769152,26.681513614533724,0.6148074059145469,1.0
3.0,-2208.8371359516314,0.0,3062.8123381201503,5.71083047815071,30.262883064588912,0.774246940466512,1.0
4.0,-2601.0360387504115,0.0,3062.695664559146,1.709293463300066,32.175261745143025,1.0,1.0
5.0,-2711.970498318791,0.0,3062.655498060088,1.227910381897596,32.56232036253579,1.0,1.0
6.0,-2713.0059266369353,0.0,3062.6917949886756,1.1393380271325333,32.30010149470869,1.0,1.0
7.0,-2713.8748349696543,0.0,3062.6575713519396,1.042081658351128,32.11792950891128,1.0,1.0
8.0,-2714.634079415482,0.0,3062.7230151660215,0.9061961029107763,31.984531064589873,1.0,1.0
9.0,-2715.22912528316,0.0,3062.668072629612,0.8109214292032899,31.90068155565665,1.0,1.0
10.0,-2715.6533159675164,0.0,3062.7500227080363,0.691943154200884,31.84499139228171,1.0,1.0
11.0,-2715.9575940284813,0.0,3062.6888998733575,0.5265444395845159,31.823082084780197,1.0,1.0
12.0,-2716.1458675464637,0.0,3062.7344577203817,0.2638266159517739,31.812337084985277,0.9063799726777709,1.0
13.0,-2716.200602996185,0.0,3062.7135542755987,0.09188399550062937,31.81113410204397,1.0,1.0
14.0,-2716.207833768709,0.0,3062.7212704920166,0.00967601500573189,31.810160229180724,1.0046196510133154,7.706397180446841
15.0,-2716.2078807975377,0.0,3062.722211135259,0.0002105533481281308,31.81007859889947,0.0,0.0
