iter,val,proj,gnorm,dnorm,xnorm,step,maxstep
1.0,59.999999999992724,0.0,3065.5912361063406,23.64410011405361,24.49489742783178,0.4498166771397349,1.0
2.0,-1323.9475120831266,0.0,3063.861562258044,13.298317491345621,26.60495786572659,0.5613404260823663,1.0
3.0,-2154.814658126488,0.0,3063.5410012892085,6.834683367197482,29.89299669663306,0.7688720881646924,1.0
4.0,-2619.2862991530783,0.0,3063.2902812161033,2.3046897117484235,32.170183496004576,0.5997836347646271,1.0
5.0,-2700.4073292913163,0.0,3063.425497014431,1.4635121752769817,32.45468464930026,0.857699799301452,1.0
6.0,-2746.9661292613164,0.0,3063.313094785318,1.3098347097948193,32.55112811613399,0.840195694735274,1.0
7.0,-2754.1754876764535,0.0,3063.3820879745604,1.0424353158245045,32.41496169552856,1.0,1.0
8.0,-2756.130947513004,0.0,3063.3461988385343,1.028889534550391,32.27539394803107,0.9939888597112068,1.0
9.0,-2756.765289504743,0.0,3063.3686223363206,0.8664940097831764,32.18009495069762,1.0,1.0
10.0,-2757.2576141187747,0.0,3063.3425575643696,0.7211264076735507,32.12056770525803,1.0,1.0
11.0,-2757.586662904647,0.0,3063.3375426843018,0.6063928244791065,32.07475948239479,1.0,1.0
12.0,-2757.8365643948746,0.0,3063.350558534456,0.43013107143708096,32.0654688627147,0.9783725803742268,1.0
13.0,-2757.9506696286226,0.0,3063.3204762617593,0.2331042209237479,32.04814768537892,0.6547339097118183,1.0
14.0,-2757.975317542474,0.0,3063.3164342444384,0.05331206036464802,32.052875780672515,1.0,1.0
15.0,-2757.979644549934,0.0,3063.3160463968306,0.00735502533833207,32.051690127100144,0.7486708549592339,32.529738625740045
16.0,-2757.97966480015,0.0,3063.31619761378,0.0018582093223268538,32.051854908545664,0.9160105157717721,93.68722379192195
17.0,-2757.979666381685,0.0,3063.3161704263916,0.0007557918383691952,32.051792248525736,0.0,0.0
