iter,val,proj,gnorm,dnorm,xnorm,step,maxstep
1.0,60.0,0.0,3060.7000549442932,23.571876585679213,24.49489742783178,0.47619275708302367,1.0
2.0,-1438.5765429550593,0.0,3056.8114692642976,12.64405339544212,26.836966566604765,0.5667551451671303,1.0
3.0,-2255.8849205722872,0.0,3055.3689453988504,5.691677356813999,30.133813664687413,0.639015844783407,1.0
4.0,-2625.103981823704,0.0,3054.955136375989,2.2027747279214593,31.947433948873954,0.7908437191276091,1.0
5.0,-2784.0322232044928,0.0,3054.7734600190224,1.0610350287328303,32.68763421891238,1.0,1.0
6.0,-2826.154034561936,0.0,3054.729105840439,0.8818942128659334,32.68869417307113,1.0,1.0
7.0,-2826.9190965419257,0.0,3054.7278258412443,0.8289655480155071,32.516565140436605,1.0,1.0
8.0,-2827.5958523226145,0.0,3054.734053014535,0.751606935931967,32.39063019626945,1.0,1.0
9.0,-2828.1511622537146,0.0,3054.7432389649075,0.6618639502548695,32.30497548094003,1.0,1.0
10.0,-2828.5752355696895,0.0,3054.750541516039,0.5276553507888071,32.25069066302202,1.0,1.0
11.0,-2828.8365378851486,0.0,3054.750749452644,0.3821949510543834,32.221481293993634,1.0,1.0
12.0,-2828.9692521967518,0.0,3054.740007233318,0.2015692383025125,32.21397871749374,1.0,1.0
13.0,-2828.997675200262,0.0,3054.7424293572135,0.050635049674381365,32.20908412520261,0.9943577340373888,1.9961175128180484
14.0,-2828.9989499212716,0.0,3054.743783041687,0.015584795430566461,32.20880835624802,1.0110725341564404,20.212013504445817
15.0,-2828.999072708899,0.0,3054.7449930701814,0.00785639251464332,32.207967462377404,1.0033641005286325,16.314197364872093
16.0,-2828.9991036741667,0.0,3054.744754792939,0.003931141157034138,32.207926303092016,1.0111144815653532,81.62973383297093
17.0,-2828.9991114869154,0.0,3054.745057064471,0.0019823306572905033,32.20772034319228,1.003391097363132,60.653290689580295
18.0,-2828.9991134584234,0.0,3054.744996984746,0.0009920035722565132,32.20771060566962,0.0,0.0
