iter,val,proj,gnorm,dnorm,xnorm,step,maxstep
1.0,59.999999999970896,0.0,3057.877381892217,23.38573912425049,24.49489742783178,0.47083151443028304,1.0
2.0,-1364.203709755915,0.0,3055.7900136912795,12.822239815367864,26.714173333649388,0.593429942817057,1.0
3.0,-2198.121561266875,0.0,3055.0472587716417,5.50033282234377,30.11964351865346,0.6384581693258559,1.0
4.0,-2535.7551256322695,0.0,3054.567223120239,2.462337915238229,31.808159217835893,0.7173129980995409,1.0
5.0,-2669.1917234045322,0.0,3054.674557056694,1.3634855410103905,32.40192483466714,1.0,1.0
6.0,-2722.1082529762352,0.0,3054.5089082277104,0.9975495778643638,32.49430818558809,1.0,1.0
7.0,-2723.1192709730385,0.0,3054.5490413925118,0.8366583969818338,32.28716437268349,1.0,1.0
8.0,-2723.7846627719664,0.0,3054.5519369546582,0.7701583848822925,32.156743676158776,1.0,1.0
9.0,-2724.332760844736,0.0,3054.5570415747197,0.7538770431087449,32.074943606135655,1.0,1.0
10.0,-2724.7904487636442,0.0,3054.5563034027946,0.6827316212740338,32.01552028095041,1.0,1.0
11.0,-2725.2056997284926,0.0,3054.551987221365,0.6049200105208874,31.989634835212062,1.0,1.0
12.0,-2725.5120729832415,0.0,3054.5549003672904,0.3206475977962571,31.97028405848175,1.0,1.0
13.0,-2725.607647444376,0.0,3054.5722209453306,0.07922523876496641,31.968312168916132,0.878371313711355,1.0
14.0,-2725.61113966837,0.0,3054.573757754333,0.013283836548175273,31.967134168311862,1.0,1.0
15.0,-2725.61132865278,0.0,3054.5741905206623,0.0033863036133892663,31.96733229839313,1.0119032807768131,61.04724934476818
16.0,-2725.611334454541,0.0,3054.574177030394,0.001020095258543235,31.967288930343994,0.9990428501653682,366.4268774886267
17.0,-2725.6113349743537,0.0,3054.5741924622725,0.00030685307434944614,31.9673190262439,0.0,0.0
