iter,val,proj,gnorm,dnorm,xnorm,step,maxstep
1.0,60.0,0.0,3065.698001782302,23.763048018780275,24.49489742783178,0.48761311032977384,1.0
2.0,-1562.4039350937965,0.0,3064.008471894461,12.25639808693749,26.994153101265727,0.5669960801317505,1.0
3.0,-2413.216615783116,0.0,3063.3308399262287,5.418781904933931,30.286582079769033,0.617000978723165,1.0
4.0,-2786.2338915767396,0.0,3063.084942964269,2.2901587369930967,32.010626598975854,0.7404530889456906,1.0
5.0,-2952.301430911888,0.0,3063.0523558930267,1.1450055098271605,32.710113062620316,1.0,1.0
6.0,-3010.3324334608114,0.0,3062.9681380464485,1.0326258459755224,32.80786495841472,0.8874199419745701,1.0
7.0,-3010.8220368130424,0.0,3063.024393343632,0.9620678792241739,32.62305432388589,0.8608728108254879,1.0
8.0,-3011.4398987174645,0.0,3062.9768568765157,0.8581076301499302,32.54942988963739,1.0,1.0
9.0,-3011.853377293024,0.0,3063.0213754985975,0.8300827793773973,32.44753624653196,0.7758257374565005,1.0
10.0,-3012.2671550856176,0.0,3062.9850585008453,0.6208789323924585,32.42398540148466,1.0,1.0
11.0,-3012.5538466188373,0.0,3063.0060082278505,0.5221163766395598,32.37833546550801,1.0,1.0
12.0,-3012.7669313832957,0.0,3062.990183942251,0.42298329586723127,32.37759469459692,0.6973056299448184,1.0
13.0,-3012.8333084290134,0.0,3063.0070452196665,0.16962151307943452,32.36325160967381,0.7158349300528631,1.0
14.0,-3012.8633688543887,0.0,3062.9992660138,0.09605212717728531,32.365841446263644,1.0,1.0
15.0,-3012.8775042493835,0.0,3063.0008132708795,0.03752339107266743,32.36396699382723,1.010200670414352,9.932959001422931
16.0,-3012.878215433102,0.0,3063.002736893066,0.002645848199783595,32.36275524029172,1.8971672896100131,14.418237518561508
17.0,-3012.878222073843,0.0,3063.002665334825,0.0007255098818686633,32.3629449839823,0.0,0.0
