iter,val,proj,gnorm,dnorm,xnorm,step,maxstep
1.0,59.999999999992724,0.0,3052.4874231105355,23.86335167112097,24.49489742783178,0.4766897182097098,1.0
2.0,-1473.1096555004478,0.0,3051.4963846240153,12.665804711822432,26.922978125102816,0.5867878518365813,1.0
3.0,-2338.593096442375,0.0,3051.2895645877775,5.6300787598354995,30.36709706368331,0.6822184467577421,1.0
4.0,-2724.669792752822,0.0,3051.363526051058,1.9807899648194733,32.22712525706394,0.8900628249046072,1.0
5.0,-2879.2910741337764,0.0,3051.426564298912,1.0555066150547623,32.91738724393179,1.0,1.0
6.0,-2898.9454990250742,0.0,3051.3613081689577,0.880590253398717,32.78130460388301,1.0,1.0
7.0,-2899.649754995102,0.0,3051.3934241101197,0.8027670725268261,32.63247688334442,1.0,1.0
8.0,-2900.2297080556455,0.0,3051.3798791949525,0.7057158249198089,32.52155892545372,1.0,1.0
9.0,-2900.69805407463,0.0,3051.382336435243,0.5876515191764485,32.453027496665705,1.0,1.0
10.0,-2900.987280116082,0.0,3051.3817438990172,0.4674474632645593,32.40886703211928,1.0,1.0
11.0,-2901.1495137895545,0.0,3051.3824440852404,0.39303132520548045,32.39323068910063,1.0,1.0
12.0,-2901.261579956572,0.0,3051.3790935070283,0.15759946346850667,32.38672400301794,1.0,1.0
13.0,-2901.300436057936,0.0,3051.384356867041,0.07737327850779963,32.386124098249994,0.9999410622570597,1.0
14.0,-2901.305056620178,0.0,3051.3814085985505,0.0001589407678032098,32.38587254350356,0.0,0.0
