iter,val,proj,gnorm,dnorm,xnorm,step,maxstep
1.0,60.0,0.0,3061.9581853568807,23.3185306000647,24.49489742783178,0.5021623067647183,1.0
2.0,-1457.423982530774,0.0,3059.5054663313026,12.263223269072672,27.005567105491785,0.5792105801310508,1.0
3.0,-2223.9383713847565,0.0,3059.091842453347,5.641435038528721,30.23727996186058,0.5243259260900269,1.0
4.0,-2496.5612234845466,0.0,3058.599413620644,3.408280661550805,31.54869277413675,0.4479908226576054,1.0
5.0,-2605.346858480203,0.0,3058.788285040469,2.018737516025636,32.053881290670695,0.5170106782287571,1.0
6.0,-2673.5641205647553,0.0,3058.576731662117,1.7285269670646548,32.3184468707043,0.46916006454306464,1.0
7.0,-2703.5919751801557,0.0,3058.714727070721,1.4245493828723843,32.38457107131942,0.5031904501312937,1.0
8.0,-2720.804347948899,0.0,3058.5661520056915,1.3272068235755576,32.366432771577045,0.5090466168813064,1.0
9.0,-2729.6659593755758,0.0,3058.6920517688372,1.2378087768891655,32.321342477375076,0.5033067014734148,1.0
10.0,-2734.1422065620645,0.0,3058.5637100421495,1.1267680686865469,32.2564361681605,0.5418292503020189,1.0
11.0,-2736.712437631868,0.0,3058.6785599044533,1.1096567375237307,32.197868582248155,0.5219096443444037,1.0
12.0,-2738.0094319137897,0.0,3058.563761143915,0.9950760999995594,32.1395120961346,0.544109407646316,1.0
13.0,-2738.8159834321414,0.0,3058.6630964851274,0.9528001454496756,32.09587194214103,0.5606987260105887,1.0
14.0,-2739.3111539479614,0.0,3058.5618705860506,0.8690724789926666,32.05272672102907,0.5249667283797204,1.0
15.0,-2739.653785981409,0.0,3058.6519623946383,0.7770045196514567,32.026761924946044,0.6577134422247838,1.0
16.0,-2739.9230501236525,0.0,3058.565961223513,0.7729751264894923,31.99707496653259,0.4762641128711181,1.0
17.0,-2740.1188170120877,0.0,3058.6386638363215,0.5803447741945167,31.985284946240228,0.9251442448520404,1.0
18.0,-2740.3097619893488,0.0,3058.5602851813637,0.5824500770624567,31.966146147482053,0.37894359151288287,1.0
19.0,-2740.4128868052685,0.0,3058.6086072363423,0.2509018334180134,31.963645940799783,1.0,1.0
20.0,-2740.5067665721617,0.0,3058.6054870559396,0.11859672112289657,31.9571998533075,1.0,1.0
21.0,-2740.5223771634664,0.0,3058.611911858311,0.039147015875064785,31.955282945243738,1.0,1.0
22.0,-2740.5247807706983,0.0,3058.610521383212,0.021927034241321676,31.95425270015751,0.9998304835842217,47.761057916261656
23.0,-2740.5250211274033,0.0,3058.6074569909174,0.0002921980407695604,31.953725436877942,0.0,0.0
