iter,val,proj,gnorm,dnorm,xnorm,step,maxstep
1.0,60.000000000007276,0.0,3069.9922880121376,23.508688831889256,24.49489742783178,0.49249156572680713,1.0
2.0,-1452.1651819451654,0.0,3066.927311994118,12.194375604271645,26.959414027913134,0.6030144444400009,1.0
3.0,-2276.1539263520463,0.0,3066.206150859702,5.160177137460636,30.309783021548476,0.7049846913564488,1.0
4.0,-2631.4750146379156,0.0,3065.80207284634,1.9199729480777465,32.04238891924832,1.0,1.0
5.0,-2775.805915505196,0.0,3065.6831104461853,1.097642736716914,32.5892820454086,1.0,1.0
6.0,-2776.782515146064,0.0,3065.658519391881,1.0041544972492191,32.32709828516291,1.0,1.0
7.0,-2777.6058670902785,0.0,3065.686983213276,0.8807394941342859,32.151903494369115,1.0,1.0
8.0,-2778.293866936281,0.0,3065.6444939607522,0.7678606146721569,32.03509205115962,1.0,1.0
9.0,-2778.858759368337,0.0,3065.6679680991842,0.6818665915208028,31.960285585410464,1.0,1.0
10.0,-2779.285323201515,0.0,3065.6127772505247,0.5798557758248319,31.91202744860466,1.0,1.0
11.0,-2779.599495151204,0.0,3065.632449924895,0.4534692635525022,31.890869896299865,1.0,1.0
12.0,-2779.7809858267938,0.0,3065.617159127562,0.16015865449992195,31.881213343707056,1.0,1.0
13.0,-2779.810309919969,0.0,3065.616507975555,0.09183410064969338,31.878712304377068,0.9999906084745758,1.3792717699426456
14.0,-2779.8145266314605,0.0,3065.6084441781445,3.7185282289170985e-05,31.879096390105705,0.0,0.0
