iter,val,proj,gnorm,dnorm,step,maxstep
1.0,103.42790845445916,0.0,78.57873872107554,14.112062111426546,0.5291837393849639,1.0
2.0,-92.94261209141996,0.0,73.59675215392446,6.667344433885383,0.8059824227058896,1.0
3.0,-184.12574563733813,0.0,71.51887401992208,3.935431366257928,1.0,1.0
4.0,-211.77446562904765,0.0,71.2498711829304,1.048707165179498,1.0,1.0
5.0,-212.723048801077,0.0,71.32694949432008,4.689864367402923e-05,0.0,0.0
