iter,val,proj,gnorm,dnorm,step,maxstep
1.0,103.42790845445904,0.0,74.5564904820114,13.393045098221386,0.549562107719791,1.0
2.0,-78.47347775680481,0.0,69.79784446210414,6.518935737673165,1.0,1.0
3.0,-178.2145700639473,0.0,67.58973462143196,4.090314508257998,1.0,1.0
4.0,-191.33045713430232,0.0,67.7413200896848,0.6225853684396595,1.0,1.0
5.0,-191.6594499564812,0.0,67.76795316774448,0.018463302589699183,1.417751219774874,26.18181023839384
6.0,-191.65969160759914,0.0,67.76801442690837,0.0019574245657036225,0.7962858549877624,191.5405886556986
7.0,-191.65969313308798,0.0,67.76805604724355,0.00019517264751491993,0.0,0.0
