iter,val,proj,gnorm,dnorm,step,maxstep
1.0,103.42790845445933,0.0,73.98326888556666,13.570837849679778,0.5440616608321611,1.0
2.0,-74.65101013761347,0.0,69.27020433684189,6.5280352736133125,0.9964323210782973,1.0
3.0,-171.46178422527788,0.0,67.11759797674843,4.152248195869116,1.0,1.0
4.0,-184.52429530879877,0.0,67.27644834371269,0.6307581038101446,0.999998475455163,1.0
5.0,-184.84314121142592,0.0,67.304625945805,4.978312224336515e-05,0.0,0.0
