iter,val,proj,gnorm,dnorm,step,maxstep
1.0,103.42790845445921,0.0,75.31942151261424,13.602564126873315,0.5409368672119582,1.0
2.0,-83.34866425516498,0.0,70.44140245342068,6.530022931320566,0.9556511228692623,1.0
3.0,-183.69577758809945,0.0,68.18449630124559,4.111665788781063,1.0,1.0
4.0,-199.9691798226063,0.0,68.24932579491932,0.7462727472325978,0.9993056991279732,1.0
5.0,-200.43437255410566,0.0,68.28951662755526,0.007783382972398833,0.8647446576398782,1.0
6.0,-200.4345110227482,0.0,68.28951080483189,7.016414539682633e-05,0.0,0.0
