iter,val,proj,gnorm,dnorm,step,maxstep
1.0,103.42790845445916,0.0,73.39490497979445,13.677687014903006,0.5399676930112273,1.0
2.0,-79.80185485756442,0.0,68.47408424656166,6.572111192229298,0.9141548688437754,1.0
3.0,-172.41641156923714,0.0,66.32563302005384,4.008873654502071,1.0,1.0
4.0,-191.18494146850705,0.0,66.31315744001387,0.8108427404994337,0.9999735524452873,1.0
5.0,-191.7068358231947,0.0,66.36699029124135,0.0012207249993657777,0.9268635470853891,1.0
6.0,-191.7068412490538,0.0,66.36699166867588,3.011708702037371e-05,0.0,0.0
