iter,val,proj,gnorm,dnorm,step,maxstep
1.0,103.42790845445927,0.0,73.60704340614868,13.595306195942127,0.541875309523836,1.0
2.0,-75.09795520836394,0.0,68.84345530490162,6.478015654095693,0.9816252010042306,1.0
3.0,-171.0919902854045,0.0,66.68757284411507,4.2327729434248935,1.0,1.0
4.0,-185.73443548145735,0.0,66.82215257936582,0.6394110391892635,1.0,1.0
5.0,-186.09597276029808,0.0,66.85203596395293,0.0059114798713276046,1.0255957659352954,40.86878821022427
6.0,-186.09599068032472,0.0,66.85202293296824,0.0004915538570236335,0.0,0.0
