iter,val,proj,gnorm,dnorm,step,maxstep
1.0,103.42790845445927,0.0,76.77259834730003,13.739318695984098,0.5390104300614075,1.0
2.0,-83.20149228160642,0.0,71.98250481474773,6.566352174245563,0.8984474161091246,1.0
3.0,-176.7109409855198,0.0,69.89821968643297,3.8812325136488974,1.0,1.0
4.0,-196.14476779821294,0.0,69.84599076034947,0.8906302648624979,0.9999998384820585,1.0
5.0,-196.76919483127716,0.0,69.90250883149282,3.102550076003445e-05,0.0,0.0
