iter,val,proj,gnorm,dnorm,step,maxstep
1.0,3745.0782834331294,0.0,3080.121921333681,12.193879135829926,1.0,1.0
2.0,-18.560368574167114,0.0,3079.9405608947254,1.0940267253638014,0.9999999999988394,1.0
3.0,-19.301016498131162,0.0,3079.9781562014214,3.649028776545384e-12,0.0,0.0
