iter,val,proj,gnorm,dnorm,step,maxstep
1.0,3745.078283433133,0.0,3071.715636657841,12.178550168347918,1.0,1.0
2.0,-40.466073673773735,0.0,3071.269476391473,1.0263214580385451,1.0,1.0
3.0,-41.24664392251316,0.0,3071.318207059599,0.0,0.0,0.0
