iter,val,proj,gnorm,dnorm,step,maxstep
1.0,3745.0782834331294,0.0,3082.2847916398446,12.169678817733681,1.0,1.0
2.0,-28.462212891416357,0.0,3081.669348656449,1.546612665984121,1.0,1.0
3.0,-29.94343670410842,0.0,3081.783597252691,0.0,0.0,0.0
