iter,val,proj,gnorm,dnorm,step,maxstep
1.0,3745.0782834331294,0.0,3091.0401109691675,12.207144262977515,1.0,1.0
2.0,-26.033757888608648,0.0,3090.740930851622,1.0129906737036298,1.0,1.0
3.0,-26.589023056546807,0.0,3090.710575198582,0.0,0.0,0.0
