iter,val,proj,gnorm,dnorm,step,maxstep
1.0,3745.078283433122,0.0,3072.7690406622305,12.152216990710683,1.0,1.0
2.0,-34.68968480880312,0.0,3072.317406025913,1.505438249563508,0.9999994083524254,1.0
3.0,-36.20707949715711,0.0,3072.448622162646,1.3266284842121942e-05,0.0,0.0
