iter,val,proj,gnorm,dnorm,step,maxstep
1.0,3745.0782834331258,0.0,3075.6821375145846,12.198427166264963,1.0,1.0
2.0,-12.325836997042074,0.0,3075.5445381730588,1.1885630265535612,0.9999794621035044,1.0
3.0,-13.200665754814281,0.0,3075.6104736619304,3.261640075773617e-05,0.0,0.0
