iter,val,proj,gnorm,dnorm,step,maxstep
1.0,3745.078283433133,0.0,3093.3927907442153,12.192523384136246,1.0,1.0
2.0,-21.234660948326564,0.0,3093.1077013688746,1.1909404044003549,1.0,1.0
3.0,-22.166886679515528,0.0,3093.1484821032377,0.0,0.0,0.0
