iter,val,proj,gnorm,dnorm,step,maxstep
1.0,3745.0782834331258,0.0,3090.9617021167187,12.209977235086068,1.0,1.0
2.0,-13.328896062439753,0.0,3090.5654674014504,1.0463645685128784,0.9999983763892779,1.0
3.0,-13.976086239319898,0.0,3090.637998498778,3.0012619247964963e-06,0.0,0.0
