iter,val,proj,gnorm,dnorm,step,maxstep
1.0,3745.0782834331294,0.0,3070.9027719662968,12.203506824741929,1.0,1.0
2.0,-22.007570046071123,0.0,3070.6616251037585,0.9535371042456268,0.9999999999467706,1.0
3.0,-22.65732909825533,0.0,3070.6687804187377,2.2247870618244283e-10,0.0,0.0
