iter,val,proj,gnorm,dnorm,xnorm,step,maxstep
1.0,50.0,0.0,77.41193424792975,13.74438974331768,15.811388300841896,0.5089254726041329,1.0
2.0,-123.77598551982226,0.0,72.82589677896708,5.948106554654641,16.74591267842775,0.5859307943316151,1.0
3.0,-184.9163316766448,0.0,71.21217840754899,3.13307281865494,17.39818409269988,1.0,1.0
4.0,-220.58263862959728,0.0,70.37610015738028,2.2142937542313277,17.058269680468214,1.0,1.0
5.0,-225.17643593734033,0.0,70.39458325430456,1.6021199750473591,15.882025334352061,1.0,1.0
6.0,-227.5368872957696,0.0,70.40780420502428,0.960720728216183,15.487743315276957,1.0,1.0
7.0,-228.33747816925825,0.0,70.41713559661491,0.17206707859780387,15.419826690421218,1.0,1.0
8.0,-228.3660052978888,0.0,70.41902720797655,0.0001573741525335619,15.421427773622609,0.0,0.0
