iter,val,proj,gnorm,dnorm,xnorm,step,maxstep
1.0,50.00000000000017,0.0,73.69034817399495,13.674271133008213,15.811388300841896,0.5091142822875696,1.0
2.0,-122.98908760090853,0.0,68.88759230246642,6.006281568125058,16.723039037464265,0.5809220831950553,1.0
3.0,-183.35786078729421,0.0,67.20165708842305,3.145289637514584,17.425999338752927,1.0,1.0
4.0,-218.47061958833106,0.0,66.32730164890876,2.19584017079198,17.242322108018875,1.0,1.0
5.0,-222.9620092778411,0.0,66.34689062593634,1.6329790483316367,16.072582615532543,1.0,1.0
6.0,-225.43278601631644,0.0,66.35849216934228,1.072659765927448,15.70847505326578,1.0,1.0
7.0,-226.49248673829038,0.0,66.3680385849046,0.18816907774180583,15.629961998320745,0.9999959165292992,1.0
8.0,-226.5282040218172,0.0,66.37104110719561,8.407586153417187e-05,15.625159754319085,0.0,0.0
