iter,val,proj,gnorm,dnorm,xnorm,step,maxstep
1.0,50.00000000000006,0.0,75.92236715227601,13.612316446548824,15.811388300841896,0.5089049175231374,1.0
2.0,-122.33360157522463,0.0,71.26557030262104,5.991888585820892,16.70903052419006,0.5858356860427937,1.0
3.0,-183.28828175549899,0.0,69.63104069843112,3.120066597688637,17.395926516449055,1.0,1.0
4.0,-218.45182607664617,0.0,68.79313773216894,2.2373641423781137,17.128349651420177,1.0,1.0
5.0,-223.15274136207768,0.0,68.81254200847317,1.6714032775866094,15.916967948620226,1.0,1.0
6.0,-225.7767170744467,0.0,68.82367139686194,1.0815481132484739,15.513848350429841,1.0,1.0
7.0,-226.82895585799082,0.0,68.83034152116056,0.15683653714078946,15.442864592060758,0.9999995574843435,1.0
8.0,-226.85801998369433,0.0,68.83208227996485,5.379593022913272e-06,15.445306736462479,0.0,0.0
