iter,val,proj,gnorm,dnorm,xnorm,step,maxstep
1.0,50.0,0.0,73.6688294735555,13.695099998085436,15.811388300841896,0.508763551945148,1.0
2.0,-110.7558415239888,0.0,69.19266738737532,5.895930409697986,16.711198627299627,0.5884031562620283,1.0
3.0,-165.32469274925506,0.0,67.68161076338163,3.0887879171642503,17.326895484768837,1.0,1.0
4.0,-196.6243406141909,0.0,66.93996440781217,2.294090075413744,16.83942119978972,1.0,1.0
5.0,-201.52311100745186,0.0,66.96282614105215,1.651379130190251,15.52555204272014,1.0,1.0
6.0,-204.05861449805917,0.0,66.97854361626237,1.007184043945677,15.098034312934475,1.0,1.0
7.0,-204.9184637770433,0.0,66.99166873785529,0.15417373894148856,15.008889142103074,0.9999718750346382,1.0
8.0,-204.94569142755648,0.0,66.99365778749836,0.00020538999862811197,15.008079497808424,0.0,0.0
