iter,val,proj,gnorm,dnorm,xnorm,step,maxstep
1.0,50.00000000000017,0.0,76.76044220824421,13.803822133846609,15.811388300841896,0.5088861619340804,1.0
2.0,-137.1448125619276,0.0,71.76936071669368,6.143830936025863,16.77170846986822,0.5698460822037745,1.0
3.0,-203.2974780325771,0.0,69.97984958726425,3.185197178086144,17.591110874963245,1.0,1.0
4.0,-243.0943373731884,0.0,68.99085731632067,2.1689252501458216,17.67665498435961,1.0,1.0
5.0,-247.41885310035488,0.0,69.00775346947324,1.6081424013449828,16.593540909118612,1.0,1.0
6.0,-249.84914949355058,0.0,69.01808685505928,1.0132839561057374,16.252254574645427,1.0,1.0
7.0,-250.73750703256766,0.0,69.02868935249305,0.19726640079492105,16.17337994303788,1.0,1.0
8.0,-250.76979862714313,0.0,69.03152179863149,8.557201593666066e-05,16.1712724987533,0.0,0.0
