iter,val,proj,gnorm,dnorm,xnorm,step,maxstep
1.0,50.0,0.0,75.24038880816606,13.595349847287117,15.811388300841896,0.5101384080412165,1.0
2.0,-117.6704169816818,0.0,70.69619615450584,5.8921297440852936,16.67620827044881,0.589049590517622,1.0
3.0,-176.3027406840377,0.0,69.1113471689585,3.0961159095248494,17.292526346124625,1.0,1.0
4.0,-210.1534435411774,0.0,68.31009905750865,2.2678999615722217,16.874526637172238,1.0,1.0
5.0,-214.93545011941094,0.0,68.32958275810935,1.6528473882518226,15.635374262146616,1.0,1.0
6.0,-217.45169234967958,0.0,68.34300509649195,1.0026156569295064,15.233452380693638,1.0,1.0
7.0,-218.33270928035506,0.0,68.35340925246334,0.18598566015004092,15.16205756623604,0.9999510654555878,1.0
8.0,-218.36493127417157,0.0,68.35581437750803,0.0003702949918809554,15.161948732830023,0.0,0.0
