iter,val,proj,gnorm,dnorm,xnorm,step,maxstep
1.0,50.000000000000114,0.0,73.37622247025394,13.753055179735865,15.811388300841896,0.5091777830185751,1.0
2.0,-114.49374279255409,0.0,68.79950673443057,5.94137166060763,16.747695613784536,0.5871937737245039,1.0
3.0,-170.4147264073447,0.0,67.25022154484118,3.1014145403877316,17.392857286803135,1.0,1.0
4.0,-202.6719411770018,0.0,66.47751485033056,2.2549365873800498,16.915330220507315,1.0,1.0
5.0,-207.35167492455417,0.0,66.49961527288062,1.5943291057150442,15.62112338928612,1.0,1.0
6.0,-209.74230974743338,0.0,66.5135240816283,0.9775274833297988,15.22060366888176,1.0,1.0
7.0,-210.5760714188194,0.0,66.52411594311536,0.16214895986648212,15.144441263236962,1.0,1.0
8.0,-210.60093294936516,0.0,66.52614504921581,0.0001758387617055282,15.144085896997018,0.0,0.0
