iter,val,proj,gnorm,dnorm,xnorm,step,maxstep
1.0,49.99999999999994,0.0,75.36255717532946,13.75866295932073,15.811388300841896,0.5089128716472001,1.0
2.0,-124.76618347985914,0.0,70.6370068765522,5.981985722629593,16.748233337618966,0.5828936173690874,1.0
3.0,-186.16336812506324,0.0,68.96306821098601,3.1356095188142032,17.43628333259366,1.0,1.0
4.0,-221.90223854592182,0.0,68.0954157659289,2.2323038460044202,17.235151038241312,1.0,1.0
5.0,-226.58870432826606,0.0,68.10784769130655,1.6451044472285334,16.078042872877138,1.0,1.0
6.0,-229.06879547099368,0.0,68.12716999096666,0.9989570919888349,15.667600688603756,1.0,1.0
7.0,-229.93108995343516,0.0,68.13330569396855,0.16331746775677064,15.588114749656276,0.9375370528555751,1.0
8.0,-229.96592282986236,0.0,68.13630921111539,0.013817103828505933,15.591002049546226,1.0,1.0
9.0,-229.96746250512365,0.0,68.13629081252733,0.0009175743064486269,15.590852190950587,0.0,0.0
