iter,val,proj,gnorm,dnorm,xnorm,step,maxstep
1.0,50.00000000000006,0.0,73.34649725790865,13.444443956108588,15.811388300841896,0.5104767061069488,1.0
2.0,-108.3097263246002,0.0,68.95401690158602,5.7208175011478435,16.638069127934813,0.6047070462412005,1.0
3.0,-164.0667723961663,0.0,67.42326946674284,3.065431683934941,17.124303149488394,1.0,1.0
4.0,-195.15864291351204,0.0,66.69542097418308,2.27985826034857,16.461005879167285,1.0,1.0
5.0,-200.13704950662432,0.0,66.71403112053625,1.740173042100308,15.20146748851055,1.0,1.0
6.0,-202.95928197682164,0.0,66.72872997791208,1.116929490926852,14.739420130222879,1.0,1.0
7.0,-204.11662507730804,0.0,66.73946138976036,0.17446997196500708,14.65263616313192,1.0,1.0
8.0,-204.14817811924533,0.0,66.74166397678353,0.00042631967493360443,14.65583984419115,0.0,0.0
