iter,val,proj,gnorm,dnorm,xnorm,step,maxstep
1.0,50.000000000000114,0.0,76.74991506188265,13.633898695397573,15.811388300841896,0.5099600130299172,1.0
2.0,-122.5068940534054,0.0,72.16328295102379,5.924601205738353,16.702020971745064,0.5861994116647754,1.0
3.0,-183.31767974793513,0.0,70.54695241790526,3.11599539755967,17.35191788702338,1.0,1.0
4.0,-218.68806691741028,0.0,69.7137640493808,2.2578323863883214,17.04082517374293,1.0,1.0
5.0,-223.42760695926742,0.0,69.7337209725388,1.6616120624036723,15.804325372276562,1.0,1.0
6.0,-226.00241222243136,0.0,69.74552652121713,1.0436009131319017,15.404587686464746,1.0,1.0
7.0,-226.94640020031628,0.0,69.75605663532257,0.16841845540829198,15.323257672039096,1.0,1.0
8.0,-226.97484770430862,0.0,69.75824499052663,0.0024248022164826038,15.322621346123757,1.2388102691111338,94.12637651533643
9.0,-226.97485134620413,0.0,69.75823384429657,0.0004479658666847864,15.322549750545406,0.0,0.0
