iter,val,proj,gnorm,dnorm,xnorm,step,maxstep
1.0,50.00000000000023,0.0,73.84491492312385,13.684611529775598,15.811388300841896,0.5096587367656051,1.0
2.0,-116.10527538233703,0.0,69.25457006829657,5.93337997171695,16.714935281656953,0.5857151655783438,1.0
3.0,-173.08966521193275,0.0,67.68183084678604,3.112261528789874,17.366333376269704,1.0,1.0
4.0,-205.90003111629764,0.0,66.89100858646292,2.2340095129942363,17.015402035828718,1.0,1.0
5.0,-210.5532084790283,0.0,66.91053124268653,1.6379452333620799,15.806644247482357,1.0,1.0
6.0,-213.04468254348492,0.0,66.92365954535173,1.0198436176765828,15.414633243391997,1.0,1.0
7.0,-213.94909041285086,0.0,66.93406596466082,0.17963919496583639,15.340532501205644,0.9999937558285952,1.0
8.0,-213.97628495880463,0.0,66.9364106524667,0.00021631809729696507,15.341293973160711,0.0,0.0
