iter,val,proj,gnorm,dnorm,xnorm,step,maxstep
1.0,50.00000000000006,0.0,75.59760902307558,13.97491658897153,15.811388300841896,0.5080595517489537,1.0
2.0,-133.03557010406837,0.0,70.6373370040688,6.14056054838965,16.840117247494096,0.5705847561591795,1.0
3.0,-196.3824132434512,0.0,68.90121546745021,3.1623083095108067,17.655313009348543,1.0,1.0
4.0,-234.35515313509757,0.0,67.9559743658302,2.2006645334429784,17.615520680779408,1.0,1.0
5.0,-238.77654197039587,0.0,67.97615022613704,1.561797929443134,16.413053138234822,1.0,1.0
6.0,-241.02943015920442,0.0,67.98924079524596,0.9759524207404112,16.048053875826803,1.0,1.0
7.0,-241.88276959672825,0.0,67.99861676782747,0.16775712345490573,15.975681788092677,1.0,1.0
8.0,-241.91392268322016,0.0,68.0007484261675,0.00046450985475209966,15.974499351844326,0.0,0.0
