iter,val,proj,gnorm,dnorm,xnorm,step,maxstep
1.0,50.000000000000284,0.0,77.48170972562234,13.795236855176173,15.811388300841896,0.5089840923552167,1.0
2.0,-128.69361832301638,0.0,72.76204269426132,5.937879018758069,16.748784108248135,0.5891883914079162,1.0
3.0,-192.96381555677448,0.0,71.06523152513675,3.1155414727726014,17.395109721820646,1.0,1.0
4.0,-230.27172443995124,0.0,70.18246625917565,2.2072581959897604,17.07635151023418,1.0,1.0
5.0,-234.88740949145577,0.0,70.19987975857491,1.6006902360044446,15.908108369373695,1.0,1.0
6.0,-237.22825069019615,0.0,70.21268301841599,0.9602025276912686,15.507644923773611,1.0,1.0
7.0,-238.04925064783671,0.0,70.22291258438217,0.18078448514366363,15.430808587471391,1.0,1.0
8.0,-238.08246600441336,0.0,70.2248335992756,0.005694443997814134,15.432273369954498,1.2646017275109105,169.83329254124962
9.0,-238.08248650783906,0.0,70.22497551102647,0.002683549188902167,15.431747681494656,0.8301428833138306,114.28975386601213
10.0,-238.08248949694953,0.0,70.22491141087296,0.0008352992730656488,15.431766279119596,0.0,0.0
