iter,val,proj,gnorm,dnorm,xnorm,step,maxstep
1.0,49.999999999999886,0.0,74.56777860446428,13.589591580876828,15.811388300841896,0.5106093749194731,1.0
2.0,-115.09404730200094,0.0,70.05785843790568,5.854751445639853,16.6614994868617,0.5903648431200627,1.0
3.0,-172.4875632120506,0.0,68.49316106674252,3.0952304494022798,17.26359668771954,1.0,1.0
4.0,-205.1795719183334,0.0,67.71384443337125,2.268181122073044,16.92148001054363,1.0,1.0
5.0,-210.06504575093044,0.0,67.73088225289227,1.6824457068766845,15.722837863087022,1.0,1.0
6.0,-212.69231527456043,0.0,67.74564373080969,1.036583228177641,15.294896438611362,1.0,1.0
7.0,-213.65692469649693,0.0,67.75692961575318,0.14702013972545883,15.206918035456997,0.9999995402098436,1.0
8.0,-213.68737487650233,0.0,67.75867813228157,1.7098312082301263e-05,15.206854493148045,0.0,0.0
