iter,val,proj,gnorm,dnorm,xnorm,step,maxstep
1.0,50.00000000000006,0.0,76.5652540125454,13.870767374620298,15.811388300841896,0.5080432294404572,1.0
2.0,-132.16222249447583,0.0,71.6849191358349,6.123880668601419,16.80354764775471,0.5716821546748453,1.0
3.0,-195.6846971364119,0.0,69.96673521226946,3.1684586592524826,17.605726959068896,1.0,1.0
4.0,-233.66679771965792,0.0,69.03295231037534,2.211435937386448,17.575507754908212,1.0,1.0
5.0,-238.15364355337772,0.0,69.05142503054188,1.5981532980033222,16.400946952798687,1.0,1.0
6.0,-240.51621676410437,0.0,69.0644936727868,0.9996773080620187,16.029173817972868,1.0,1.0
7.0,-241.39513404982534,0.0,69.07442506119465,0.1868163236715894,15.959178482371874,0.9999999986223406,1.0
8.0,-241.42614733124907,0.0,69.07660797581013,1.3921896938244314e-08,15.96123618139173,0.0,0.0
