iter,val,proj,gnorm,dnorm,xnorm,step,maxstep
1.0,50.00000000000006,0.0,74.24443340753432,13.25295688413447,15.811388300841896,0.5116990248521509,1.0
2.0,-117.07168323198226,0.0,69.66465270964174,5.642635832077677,16.548520256109004,0.6132992862001581,1.0
3.0,-179.70228408445087,0.0,67.95210704670035,3.074128782972352,16.960129246467087,1.0,1.0
4.0,-214.17234214775533,0.0,67.12791822993609,2.264749188592517,16.348835935613284,1.0,1.0
5.0,-219.14837744452382,0.0,67.1447128452914,1.7604920991873423,15.156202687341263,1.0,1.0
6.0,-222.0404146147106,0.0,67.15702987550485,1.1194071927468627,14.716645709746645,1.0,1.0
7.0,-223.12666673387687,0.0,67.16953914017174,0.17309327806122726,14.623126836343626,0.999999641019632,1.0
8.0,-223.15684124482087,0.0,67.17240054428665,5.4584551521241035e-05,14.619972061564566,0.0,0.0
