iter,val,proj,gnorm,dnorm,xnorm,step,maxstep
1.0,400.0,0.0,73.73866971951556,12.814679145417571,14.142135623730951,1.0,1.0
2.0,-30.22461563671021,0.0,68.63221948639674,5.0870571343005375,10.759107844054729,0.9995762532242707,1.0
3.0,-48.49436509551103,0.0,70.00264089706727,0.020349352472283717,7.686263493086601,1.0,1.0
4.0,-48.4968316173527,0.0,70.00316454609926,8.615780400510493e-06,7.684909299022968,0.0,0.0
