iter,val,proj,gnorm,dnorm,xnorm,step,maxstep
1.0,400.0,0.0,72.69206154735055,12.97984271399311,14.142135623730951,1.0,1.0
2.0,-27.17993654857122,0.0,67.5336326601271,5.273002657688689,11.051312902999355,1.0,1.0
3.0,-45.801515715129554,0.0,69.02429271600685,1.0172547030642626e-06,7.6572643527977435,0.0,0.0
