iter,val,proj,gnorm,dnorm,xnorm,step,maxstep
1.0,399.99999999999994,0.0,72.22059945752181,12.900556242394515,14.142135623730951,1.0,1.0
2.0,-31.94152387741073,0.0,67.0343243123827,4.895674549364739,10.723629143622519,0.9999999493742724,1.0
3.0,-47.8828344751625,0.0,68.34172597814636,2.7743633967424158e-06,7.785864015011667,0.0,0.0
