iter,val,proj,gnorm,dnorm,xnorm,step,maxstep
1.0,400.0000000000001,0.0,66.1715073426743,12.92925257317931,14.142135623730951,1.0,1.0
2.0,-14.121925707144612,0.0,62.13959939656311,4.546873183699606,9.076219675086403,0.9999991068044594,1.0
3.0,-29.372746211018978,0.0,63.406859936001034,4.008791543698958e-06,6.136683300853739,0.0,0.0
