iter,val,proj,gnorm,dnorm,xnorm,step,maxstep
1.0,400.00000000000006,0.0,76.1802515617125,12.88585119481253,14.142135623730951,1.0,1.0
2.0,-41.690633695897844,0.0,70.49148262780449,4.889829281663897,11.530391723271123,1.0,1.0
3.0,-58.891412336665354,0.0,71.76656460762308,1.5846943261864641e-06,8.841664548244049,0.0,0.0
