iter,val,proj,gnorm,dnorm,step,maxstep
1.0,62.056745072675426,0.0,85.5994031679212,15.141504603914296,0.5096862040315873,1.0
2.0,-155.469837740059,0.0,80.41543524260788,6.573031167040777,0.5874717984974251,1.0
3.0,-233.4759359324097,0.0,78.551911027258,3.4777976638974795,1.0,1.0
4.0,-278.77929786672286,0.0,77.583390383869,2.4566779833264913,1.0,1.0
5.0,-284.4596255100346,0.0,77.60418559161992,1.770388943739575,1.0,1.0
6.0,-287.32716304139336,0.0,77.62024433386641,1.005306836864348,1.0,1.0
7.0,-288.1748150262707,0.0,77.63260244376144,0.0923405407279577,1.0,1.0
8.0,-288.182437180561,0.0,77.63361379047515,0.0002553820342320129,0.0,0.0
