iter,val,proj,gnorm,dnorm,step,maxstep
1.0,62.05674507267565,0.0,80.37990029044522,14.763367657273623,0.5108942825575813,1.0
2.0,-133.23930382178133,0.0,75.43891893140918,6.407127062440001,0.6016451749159543,1.0
3.0,-202.31968432470387,0.0,73.70366119058033,3.4402619340028227,1.0,1.0
4.0,-240.6053069456575,0.0,72.8781590879311,2.519698130890598,1.0,1.0
5.0,-246.65889435793426,0.0,72.90019664416816,1.87139334412258,1.0,1.0
6.0,-249.8856639253572,0.0,72.9174965825614,1.086464998887421,1.0,1.0
7.0,-250.92398296813553,0.0,72.92893231965452,0.09028132700566033,1.0,1.0
8.0,-250.93212901712042,0.0,72.92996262070565,0.002725840285711885,1.1091241068614832,17.684813558376803
9.0,-250.93213313763036,0.0,72.92995090788776,0.0004031136859646341,0.0,0.0
