iter,val,proj,gnorm,dnorm,step,maxstep
1.0,62.05674507267565,0.0,83.30843314276483,15.096418585520746,0.5084981690652957,1.0
2.0,-151.472842546898,0.0,78.0583801073826,6.7444170222657425,0.5759117042991436,1.0
3.0,-225.71045486870247,0.0,76.22525747394454,3.4856268549522937,1.0,1.0
4.0,-269.5824984336836,0.0,75.26642067211897,2.5037037024836954,1.0,1.0
5.0,-275.1527957289332,0.0,75.29187089287994,1.7390330983318791,1.0,1.0
6.0,-277.95305983975743,0.0,75.30759127268122,0.994589089196029,1.0,1.0
7.0,-278.84322467834164,0.0,75.31662550866413,0.09302558669658002,0.996549266830125,1.0
8.0,-278.852186873174,0.0,75.31781803188085,0.004146707385196161,0.8734268121716179,1.0
9.0,-278.8522084439602,0.0,75.31773499816386,0.0009339652989403344,0.0,0.0
