iter,val,proj,gnorm,dnorm,step,maxstep
1.0,62.05674507267565,0.0,85.30963749017408,15.380284293777962,0.507972241897676,1.0
2.0,-166.31970156156814,0.0,79.82867343030586,6.8002028160031776,0.5733931873372908,1.0
3.0,-247.01028028414504,0.0,77.87165203382904,3.4926854754680283,1.0,1.0
4.0,-295.7236292850527,0.0,76.79991966241235,2.4358051474449347,1.0,1.0
5.0,-301.09822563210605,0.0,76.82521853098557,1.6833051839312478,1.0,1.0
6.0,-303.69063278526113,0.0,76.83961135838146,0.9899050180556804,1.0,1.0
7.0,-304.5502745129022,0.0,76.84874533082758,0.08880253065028648,0.9991995158863313,1.0
8.0,-304.55759130997757,0.0,76.84974790440258,0.0007975257455973123,0.0,0.0
