iter,val,proj,gnorm,dnorm,step,maxstep
1.0,62.05674507267554,0.0,81.66224045850026,14.950839748809008,0.510267548891222,1.0
2.0,-142.88050209806272,0.0,76.54182232512511,6.53761557100056,0.5897904557810475,1.0
3.0,-214.86519535548166,0.0,74.74375616902658,3.4577335713375716,1.0,1.0
4.0,-256.062954180135,0.0,73.84253848571632,2.5021363279562867,1.0,1.0
5.0,-261.8996604529584,0.0,73.86525725471026,1.8343021176068217,1.0,1.0
6.0,-264.9926349409932,0.0,73.88126978913087,1.0540233896748836,1.0,1.0
7.0,-265.9659098884685,0.0,73.89365366564431,0.08133682649594036,1.0,1.0
8.0,-265.9725082969725,0.0,73.8945894184576,6.681310693773284e-06,0.0,0.0
