iter,val,proj,gnorm,dnorm,step,maxstep
1.0,62.05674507267554,0.0,83.09326512240999,15.125471659654101,0.5093752313664861,1.0
2.0,-155.1335656443161,0.0,77.74748586158371,6.5776472268657855,0.5880581046894383,1.0
3.0,-233.16257758419601,0.0,75.8171811750636,3.457640362367126,1.0,1.0
4.0,-278.7399894806132,0.0,74.81233162848744,2.4655711023283255,1.0,1.0
5.0,-284.4071094402182,0.0,74.83614557077772,1.7697365278237807,1.0,1.0
6.0,-287.2650071113244,0.0,74.85199506509618,1.0073189029075014,1.0,1.0
7.0,-288.1617636154214,0.0,74.86351325041193,0.0865738321917037,0.9999996539440691,1.0
8.0,-288.1683887648303,0.0,74.86442229723627,2.602949261117315e-06,0.0,0.0
