iter,val,proj,gnorm,dnorm,step,maxstep
1.0,62.05674507267554,0.0,80.33409872962736,14.729525776788602,0.5111293268886087,1.0
2.0,-129.79417762485315,0.0,75.47597576725056,6.403311780495653,0.6007564376928514,1.0
3.0,-196.75752455888505,0.0,73.79772927035674,3.4275457076498426,1.0,1.0
4.0,-234.05703529465666,0.0,73.00471477091533,2.5368767004847235,1.0,1.0
5.0,-240.11504101573283,0.0,73.02824480185019,1.8948262669988254,1.0,1.0
6.0,-243.46285715993884,0.0,73.04438103111067,1.113391855959671,1.0,1.0
7.0,-244.6691199889337,0.0,73.05593656697677,0.1027333572295673,0.9999931019832227,1.0
8.0,-244.67983386156243,0.0,73.05711350019061,4.0559741378939145e-05,0.0,0.0
