iter,val,proj,gnorm,dnorm,xnorm,step,maxstep
1.0,3.0,0.0,3083.1281184579407,1.2227037662492084,1.2247448713915885,0.507052487816026,1.0
2.0,-78.97829521888525,0.0,3082.9851871647347,0.6020068120260483,1.3671156840417047,0.5084551352785353,1.0
3.0,-119.22147834532097,0.0,3082.9158419636524,0.29735341719846786,1.5272700128199252,0.5197148673486508,1.0
4.0,-139.3722058087135,0.0,3082.882395415466,0.14619881269229507,1.622187448128375,0.5440814800755123,1.0
5.0,-149.48709096079597,0.0,3082.866298919982,0.07008352813918052,1.6723964564870348,0.5833631236412034,1.0
6.0,-154.42749963190658,0.0,3082.8588147749915,0.0316998042578081,1.6973611943784557,0.6400429134017682,1.0
7.0,-156.6849288554763,0.0,3082.8555987805325,0.012911499583631723,1.7087918448522204,0.7163222773232892,1.0
8.0,-157.59417440908715,0.0,3082.854407911984,0.0043998906297801465,1.7133558040386503,0.8117550832155312,1.0
9.0,-157.88644626214182,0.0,3082.8540728438043,0.0011027435374335755,1.7147927616768082,0.9175622107546753,1.0
10.0,-157.94863435289813,0.0,3082.8540188972165,0.00015591888559905807,1.715085634164798,0.0,0.0
