iter,val,proj,gnorm,dnorm,xnorm,step,maxstep
1.0,2.9999999999997726,0.0,3053.015643184948,1.2223542857944252,1.2247448713915885,0.4644861364359914,1.0
2.0,-71.7646058808582,0.0,3052.870001588366,0.6549876024501923,1.342010645269176,0.4663365939686083,1.0
3.0,-111.67542700785725,0.0,3052.7921694261163,0.3508492370764523,1.4922861262206635,0.4697630502861777,1.0
4.0,-133.04848494821317,0.0,3052.750515337271,0.18732178955987766,1.5912460713680676,0.4748061871558243,1.0
5.0,-144.47924799283783,0.0,3052.7282736208026,0.09938386270292911,1.6485156507591703,0.48151910568654893,1.0
6.0,-150.56073151794885,0.0,3052.7164660293065,0.05173183601145973,1.6801037926001583,0.4839677174884889,1.0
7.0,-153.72801792499877,0.0,3052.7103016990686,0.02676853115959106,1.6968547819883495,0.4855797239592279,1.0
8.0,-155.36737568564854,0.0,3052.707100661932,0.013814806147543343,1.7056018112782854,0.4874382306698696,1.0
9.0,-156.2137862453426,0.0,3052.705442650373,0.007107343061097965,1.71013705499224,0.4895455482290034,1.0
10.0,-156.64946331752776,0.0,3052.704586501807,0.003643313756962823,1.7124759218486298,0.49190423267846695,1.0
11.0,-156.87291855641865,0.0,3052.7041459965694,0.001859913047901413,1.7136763381195301,0.49451708028837177,1.0
12.0,-156.9870557756817,0.0,3052.703920277707,0.0009450835848585324,1.7142895325454686,0.0,0.0
