iter,val,proj,gnorm,dnorm,xnorm,step,maxstep
1.0,2.9999999999995453,0.0,3067.8639353139506,1.2226953831596816,1.2247448713915892,0.4707862486866298,1.0
2.0,-74.46297727810975,0.0,3067.6749742527245,0.6482193036487885,1.3439873380369631,0.47251641693494945,1.0
3.0,-115.32247987348137,0.0,3067.574737911132,0.3424742419313124,1.495826823152663,0.473798199288851,1.0
4.0,-136.85347972212548,0.0,3067.5216273182996,0.18044007594240277,1.594109006722964,0.48075233443270665,1.0
5.0,-148.32683224726452,0.0,3067.4936595215554,0.09547862149527396,1.6504367861070837,0.5076277261948293,1.0
6.0,-154.6109315512242,0.0,3067.4789711429917,0.04998033158115104,1.6819522018822746,0.5668589139841914,1.0
7.0,-158.06421225818485,0.0,3067.471284836805,0.024549467707715662,1.699213352978667,0.6660499799549183,1.0
8.0,-159.82119900903604,0.0,3067.4676241843936,0.010280526501015746,1.7078749451777733,0.8137282341457742,1.0
9.0,-160.53793411932566,0.0,3067.466286659834,0.0029815573776166395,1.71130464111691,0.9870075958526555,1.0
10.0,-160.69986064557293,0.0,3067.4660616282936,0.00031939726803008903,1.7120191346026232,0.0,0.0
