iter,val,proj,gnorm,dnorm,xnorm,step,maxstep
1.0,2.9999999999997726,0.0,3071.6804934719366,1.2190598250877007,1.2247448713915885,0.47750055754604537,1.0
2.0,-79.57348749921152,0.0,3071.644715981275,0.6387237498271602,1.3453477173538102,0.4837196708441628,1.0
3.0,-122.99535793103473,0.0,3071.627416959452,0.33158975743460845,1.4979030038518069,0.4887255544695134,1.0
4.0,-145.5672889106811,0.0,3071.618702655071,0.1712478577040716,1.5951883306119052,0.496066465483167,1.0
5.0,-157.26004457049862,0.0,3071.614326770504,0.0875430698687372,1.6495771021555636,0.5069834051447665,1.0
6.0,-163.27646981514317,0.0,3071.6122864683207,0.04410524161341156,1.6785023906604593,0.5221921192709945,1.0
7.0,-166.3301797074746,0.0,3071.611353761359,0.021734033172098516,1.6933891325201378,0.5431061944689092,1.0
8.0,-167.84733189830467,0.0,3071.6109361790704,0.01036094483357106,1.7008011424962335,0.5701983847353432,1.0
9.0,-168.57499834917417,0.0,3071.610759738773,0.0047075589858406285,1.7043473956192945,0.6040293920124922,1.0
10.0,-168.90628693823305,0.0,3071.610691511281,0.002000718856347242,1.7059530759673427,0.6451077368634845,1.0
11.0,-169.04638477053982,0.0,3071.610668539841,0.0007761623630181058,1.7066267150914458,0.0,0.0
