iter,val,proj,gnorm,dnorm,xnorm,step,maxstep
1.0,3.0,0.0,3081.083116205079,1.2222741100096983,1.2247448713915885,0.46904146666488744,1.0
2.0,-72.98739598283237,0.0,3080.9722655964147,0.6489387729562883,1.3488101784400335,0.4690256032802322,1.0
3.0,-113.04739839832678,0.0,3080.9136849222514,0.3445588991761515,1.5019759241886366,0.4690231149175078,1.0
4.0,-134.23784083128385,0.0,3080.8826647232668,0.1829051916971274,1.6009574402477755,0.4694404693558019,1.0
5.0,-145.47683769679224,0.0,3080.8662170228326,0.09720044740164244,1.6574718648038096,0.4723204029943453,1.0
6.0,-151.46996977953518,0.0,3080.857467991788,0.051589220055204645,1.6884595552012662,0.47732563265521083,1.0
7.0,-154.66412109813473,0.0,3080.8528176836912,0.027237489786029415,1.7051593918564223,0.4845319307236755,1.0
8.0,-156.35831457877248,0.0,3080.8503582673266,0.014225632276606847,1.714044812585154,0.4949625914609014,1.0
9.0,-157.2502739508766,0.0,3080.8490846062773,0.007338360870382061,1.7187022452674585,0.510787467610774,1.0
10.0,-157.71511010860695,0.0,3080.8484385543943,0.0037066733846812068,1.7211069967100088,0.5324275358556091,1.0
11.0,-157.9521375814304,0.0,3080.848118746817,0.001810820731518668,1.722319440016777,0.560461759277002,1.0
12.0,-158.06879793678127,0.0,3080.847966511801,0.0008428304077817859,1.7229083289934437,0.0,0.0
