iter,val,proj,gnorm,dnorm,xnorm,step,maxstep
1.0,2.9999999999995453,0.0,3058.941286503551,1.2199526922912103,1.2247448713915892,0.5006677197624779,1.0
2.0,-79.10388397169504,0.0,3058.8279240902125,0.6130350146589228,1.3535443599558619,0.5250266957984676,1.0
3.0,-121.80716888100164,0.0,3058.778122563583,0.2970321757172349,1.517834494986676,0.5486668272462208,1.0
4.0,-142.93171250563933,0.0,3058.7536326226536,0.14002422781832702,1.616183547573146,0.5863302392941143,1.0
5.0,-153.10362652957087,0.0,3058.741677914191,0.06261154890544629,1.666634442552922,0.6425995167512268,1.0
6.0,-157.71161646021642,0.0,3058.736164958759,0.024112832079783254,1.6900980976420672,0.6908807853647485,1.0
7.0,-159.48160154502034,0.0,3058.7340313469012,0.008338984425778425,1.6992205400879101,0.754081635654619,1.0
8.0,-160.07870145565744,0.0,3058.7333049334447,0.0024176397481296113,1.7023020511676936,0.8307834802784366,1.0
9.0,-160.24046624798393,0.0,3058.7331056748776,0.0005249901924459472,1.7031322314734054,0.0,0.0
