iter,val,proj,gnorm,dnorm,xnorm,step,maxstep
1.0,2.9999999999995453,0.0,3084.3971504311826,1.2182153613654145,1.2247448713915885,0.5142437125422796,1.0
2.0,-76.27909725708605,0.0,3084.215405607329,0.599718086943637,1.3691567549961932,0.5483448683100726,1.0
3.0,-117.0552693542918,0.0,3084.131044461279,0.27755255236879856,1.5364817059906528,0.5772454923193417,1.0
4.0,-136.37537334545118,0.0,3084.0926857808763,0.11962257516232751,1.6311964044921234,0.5948389947716003,1.0
5.0,-144.77827556545412,0.0,3084.0761441738896,0.04966614273378516,1.674932714842346,0.6146536608625465,1.0
6.0,-148.29371807549091,0.0,3084.069341455956,0.020099171743935152,1.6935406706741831,0.654451884083272,1.0
7.0,-149.73566743741776,0.0,3084.0668123382834,0.007590847979790884,1.7011539096315638,0.7133703246966039,1.0
8.0,-150.27872129868842,0.0,3084.0659768084834,0.002509025684914518,1.7039870330625084,0.7921309313066422,1.0
9.0,-150.4515536952715,0.0,3084.0657598319053,0.0006537777736078881,1.7048700698225332,0.0,0.0
