iter,val,proj,gnorm,dnorm,xnorm,step,maxstep
1.0,3.0,0.0,3057.877381892217,1.2215656961457286,1.2247448713915885,0.4759945707292043,1.0
2.0,-75.45350196121217,0.0,3057.762223741481,0.6415402729198205,1.3460295126833242,0.4846238159536915,1.0
3.0,-117.02122624913045,0.0,3057.704130265611,0.33731798825082326,1.4999459603020873,0.5112229704757495,1.0
4.0,-139.53881001514696,0.0,3057.6765007315753,0.17158236688259468,1.6013961550703768,0.5454004433829075,1.0
5.0,-151.2583203437896,0.0,3057.663761612265,0.07962230734006195,1.6586406182389435,0.5611096013621165,1.0
6.0,-156.734027562331,0.0,3057.6580948145124,0.034945466208947874,1.6865068038326054,0.5611096013621166,1.0
7.0,-159.13613965029413,0.0,3057.6556087142817,0.01533722959503177,1.6989636672840873,0.5611096013621174,1.0
8.0,-160.1901872190631,0.0,3057.654517781943,0.006731362810964165,1.7044733456886947,0.5611096013621182,1.0
9.0,-160.65275689980967,0.0,3057.6540390194255,0.002954330507480276,1.706899575488636,0.5611096013621187,1.0
10.0,-160.8557662633882,0.0,3057.6538289023215,0.0012966272941360405,1.707965973578816,0.5611096013621227,1.0
11.0,-160.94486357750384,0.0,3057.653736685323,0.0005690772700081269,1.7084343031696834,0.0,0.0
