iter,val,proj,gnorm,dnorm,xnorm,step,maxstep
1.0,3.0,0.0,3064.854141963366,1.2201355798981244,1.2247448713915885,0.5175309050342289,1.0
2.0,-83.19276184152113,0.0,3064.722160530072,0.5889598527187722,1.3696785885846945,0.5215035184416749,1.0
3.0,-124.82025729965994,0.0,3064.6574917422936,0.28414290826344824,1.5304897716827361,0.530484496577893,1.0
4.0,-145.0170064412289,0.0,3064.625568169729,0.13585786916402423,1.6233828836202675,0.5446712047842944,1.0
5.0,-154.73816715946464,0.0,3064.6099399799195,0.06366916214069616,1.6709261363932955,0.5644421196959496,1.0
6.0,-159.3217220133547,0.0,3064.602442779926,0.02887660971386936,1.6939237153114726,0.5902427470409847,1.0
7.0,-161.40863571621526,0.0,3064.5989665439697,0.012482798898386634,1.7045085296357316,0.6225403236101722,1.0
8.0,-162.3104062888965,0.0,3064.597434455555,0.005046310986508213,1.7090993647143127,0.6617325847855483,1.0
9.0,-162.67219051191478,0.0,3064.596806050837,0.001861556567177869,1.7109409424211377,0.7079815289479765,1.0
10.0,-162.80311947507812,0.0,3064.596572739764,0.0006064037914089603,1.7116057140279703,0.0,0.0
