iter,val,proj,gnorm,dnorm,xnorm,step,maxstep
1.0,3.0,0.0,3071.3535049554293,1.2221677462607168,1.2247448713915885,0.47618946895671627,1.0
2.0,-76.13875974891812,0.0,3071.208091774958,0.6392054384476407,1.3509573164175546,0.47826160633453435,1.0
3.0,-117.4882627318791,0.0,3071.1318706926168,0.33457178295988216,1.5039172741842548,0.48374827570450973,1.0
4.0,-139.2311258115742,0.0,3071.0920908483004,0.1746467094414379,1.6012812047840095,0.4933174374731864,1.0
5.0,-150.6564034269561,0.0,3071.071369364287,0.09021506528234377,1.6561187993869417,0.5072325811548437,1.0
6.0,-156.60279531604033,0.0,3071.0606887347967,0.045720345535908244,1.6855033230591288,0.5258323473897321,1.0
7.0,-159.63886159377375,0.0,3071.055293255529,0.02250924334394599,1.7006860532932382,0.5495218690190233,1.0
8.0,-161.14292213218982,0.0,3071.0526515988154,0.010639801326111867,1.7082319655083071,0.5787495247774139,1.0
9.0,-161.85640999576867,0.0,3071.051414880266,0.0047596190438071555,1.711805315417581,0.6139580778512231,1.0
10.0,-162.17523093147906,0.0,3071.0508705416883,0.0019786771910447628,1.7133940024310252,0.6554930274595155,1.0
11.0,-162.30663160336894,0.0,3071.050650154115,0.0007465674393808295,1.7140437389776628,0.0,0.0
