iter,val,proj,gnorm,dnorm,xnorm,step,maxstep
1.0,80.0,0.0,68.96442220453385,20.716608248424798,28.284271247461902,0.5060088690787006,1.0
2.0,-142.14729630740828,0.0,62.274925408852376,7.129130714643182,29.268654234749242,0.5757374213067171,1.0
3.0,-190.3819942406585,0.0,60.834125241592176,3.4548624266939654,29.285420662622457,1.0,1.0
4.0,-215.01482506541788,0.0,60.254148013335275,2.7454914728602064,27.787335473612696,1.0,1.0
5.0,-222.16517597089785,0.0,60.25478988132333,2.634014881159644,25.760317518964037,1.0,1.0
6.0,-228.87655120325275,0.0,60.257067418378924,2.3756242374832772,23.823647294998086,1.0,1.0
7.0,-234.5792907863373,0.0,60.26301182982161,2.2202256685969775,22.337575304190167,1.0,1.0
8.0,-239.39984493514623,0.0,60.271078661481205,1.987202986487057,21.194091219792586,1.0,1.0
9.0,-243.26061695120893,0.0,60.2780918662478,1.6912389032256456,20.430193376574703,1.0,1.0
10.0,-246.067884953577,0.0,60.28543044578009,1.3543617805078239,20.002899990304474,1.0,1.0
11.0,-247.81925031468072,0.0,60.2919334151119,0.8813964424115772,19.830893163899944,1.0,1.0
12.0,-248.48485711210313,0.0,60.29892812073603,0.15080341753206541,19.80248843752183,0.9999999672538892,1.0
13.0,-248.50798595421173,0.0,60.3011331366027,7.794112746483115e-07,19.799715271692808,0.0,0.0
