iter,val,proj,gnorm,dnorm,xnorm,step,maxstep
1.0,80.0,0.0,66.87950735466882,21.363543363698625,28.284271247461902,0.5065106137718204,1.0
2.0,-144.78963632331352,0.0,59.883597386702576,7.239171824373287,29.41219490542576,0.5753643755289577,1.0
3.0,-189.48544961554558,0.0,58.50677016489712,3.429424618523812,29.492123734218378,1.0,1.0
4.0,-211.48302501181956,0.0,57.995769166478034,2.765100644308325,27.950784012523894,1.0,1.0
5.0,-218.67137000171067,0.0,57.99491094936536,2.6355946179677194,25.919456517633332,1.0,1.0
6.0,-225.39823553733424,0.0,57.99603601020018,2.3556296353790382,23.97978310757481,1.0,1.0
7.0,-231.01924581588827,0.0,58.003190756522045,2.1566868918958466,22.50965207769419,1.0,1.0
8.0,-235.50620918630068,0.0,58.01443431110241,1.8881365356015354,21.384415830325178,1.0,1.0
9.0,-239.00530813561176,0.0,58.02133115566556,1.6049931529970671,20.69667823639544,1.0,1.0
10.0,-241.48273885391984,0.0,58.029129968080476,1.2583923720822043,20.31518055789263,1.0,1.0
11.0,-242.99807028067863,0.0,58.03564567919998,0.7637798572396114,20.15888589039458,1.0,1.0
12.0,-243.4651546585199,0.0,58.04410654325108,0.12683842918654323,20.124437056006787,0.9999991838776883,1.0
13.0,-243.48063606131285,0.0,58.04533938984542,9.750744887288552e-06,20.12618293911847,0.0,0.0
