iter,val,proj,gnorm,dnorm,xnorm,step,maxstep
1.0,80.0,0.0,66.20939750521673,20.366888993598742,28.284271247461902,0.5064752969371914,1.0
2.0,-113.88035453784175,0.0,60.15999819281977,6.656351761707966,29.173443176149075,0.5923105793371557,1.0
3.0,-150.955876482206,0.0,59.05486978955129,3.2484239010002938,28.981608779816117,1.0,1.0
4.0,-169.63298326635368,0.0,58.6701356549096,2.803468021339774,27.082374763586458,1.0,1.0
5.0,-177.06230069131777,0.0,58.67051794775599,2.7123839493157247,24.985988456639774,1.0,1.0
6.0,-184.0468721757233,0.0,58.67375791682045,2.4283078283678594,22.842081396709172,1.0,1.0
7.0,-190.04739763120847,0.0,58.67814352253817,2.2792094428873977,21.262081189469825,1.0,1.0
8.0,-195.12581966712946,0.0,58.68753651318005,2.037934501919207,19.973417369696474,1.0,1.0
9.0,-199.1906340075937,0.0,58.6954114547774,1.7625341095630693,19.12064853155751,1.0,1.0
10.0,-202.22627976187678,0.0,58.70318688494127,1.4497812026351962,18.632970353273837,1.0,1.0
11.0,-204.23532910260934,0.0,58.710927999648845,0.958716568270226,18.41456061080638,1.0,1.0
12.0,-205.0310017586908,0.0,58.7206892958069,0.1493529040045855,18.362892274060926,0.9999999983793272,1.0
13.0,-205.0540734517039,0.0,58.72282638017592,5.429383249163551e-08,18.36251946526141,0.0,0.0
