iter,val,proj,gnorm,dnorm,xnorm,step,maxstep
1.0,80.0,0.0,67.50658425667233,20.29957257081533,28.284271247461902,0.5065754088944928,1.0
2.0,-122.21656991369787,0.0,61.312738882541375,6.805136880501164,29.16778548374845,0.586813679246977,1.0
3.0,-163.57366713652414,0.0,60.083404964898,3.3420900830600666,29.04272991782059,1.0,1.0
4.0,-184.14878192760443,0.0,59.63801696059369,2.798323163966665,27.34175021331187,1.0,1.0
5.0,-191.4412952701744,0.0,59.638134142798464,2.66982223025495,25.24629138687958,1.0,1.0
6.0,-198.27178384186197,0.0,59.640042554867534,2.416723829600334,23.234121946411445,1.0,1.0
7.0,-204.19814674756162,0.0,59.644380574449784,2.2829694654316937,21.696406010826387,1.0,1.0
8.0,-209.29379899160307,0.0,59.65263971463724,2.0511014032282966,20.455830558497144,1.0,1.0
9.0,-213.44341566814506,0.0,59.65926042616131,1.7544273448206684,19.623340860133574,1.0,1.0
10.0,-216.47122270549517,0.0,59.66732187451185,1.399912828859122,19.141902403140286,1.0,1.0
11.0,-218.3176050970078,0.0,59.67628357136624,0.9068114624011242,18.932515604765463,1.0,1.0
12.0,-219.06059232863555,0.0,59.68526437884862,0.16014251509065228,18.88005791684876,0.9999999457126018,1.0
13.0,-219.08540465797668,0.0,59.68767666861351,3.289259973625807e-06,18.87775785945242,0.0,0.0
