iter,val,proj,gnorm,dnorm,xnorm,step,maxstep
1.0,80.00000000000011,0.0,63.103334444403174,20.4065064449925,28.284271247461902,0.5066640302394171,1.0
2.0,-106.34921748985653,0.0,56.99089551028852,6.237136369111298,29.155922258590763,0.6113524386566425,1.0
3.0,-141.5408634389778,0.0,55.89846107083636,3.234336971655456,28.783588903475213,1.0,1.0
4.0,-158.84310705089575,0.0,55.54001553884271,2.81174218342919,26.863690224545376,1.0,1.0
5.0,-166.25725109058692,0.0,55.54030695517046,2.752632930519995,24.803292164085583,1.0,1.0
6.0,-173.38588691837356,0.0,55.54242797371236,2.4762476638034276,22.623651799293413,1.0,1.0
7.0,-179.65266003917168,0.0,55.54500881679907,2.3189719329408978,21.013184444622354,1.0,1.0
8.0,-184.87165903646195,0.0,55.556666409896245,2.0259654133791556,19.635958047805754,1.0,1.0
9.0,-188.83216063085945,0.0,55.56728024083922,1.7361233235635904,18.757328044186703,1.0,1.0
10.0,-191.82437325381682,0.0,55.57432072270094,1.3951139959760288,18.280927054414192,1.0,1.0
11.0,-193.65943850614542,0.0,55.58418597803584,0.8947110920436259,18.06199487566188,1.0,1.0
12.0,-194.37805201454427,0.0,55.59292829749238,0.13773478734299283,18.017430811725582,0.9999161205236767,1.0
13.0,-194.3985322881954,0.0,55.59497870904681,6.510323345848356e-05,18.015414704195045,0.0,0.0
