iter,val,proj,gnorm,dnorm,xnorm,step,maxstep
1.0,80.0,0.0,67.45632424023118,20.732978001129545,28.284271247461902,0.505854129941803,1.0
2.0,-123.90617972567134,0.0,61.19649290085608,6.866924146101312,29.2929459862496,0.5850589615454269,1.0
3.0,-162.72004112457125,0.0,60.05125281783913,3.337483043421236,29.213616784948673,1.0,1.0
4.0,-181.73681388217085,0.0,59.658613638625425,2.824755581710894,27.46284233625821,1.0,1.0
5.0,-189.08876236802644,0.0,59.65967601720073,2.684860454410592,25.36005525707371,1.0,1.0
6.0,-195.94330498631643,0.0,59.66079992744016,2.390593816363495,23.309952559117765,1.0,1.0
7.0,-201.7624668781882,0.0,59.666927183701034,2.250838951688221,21.79167582769342,1.0,1.0
8.0,-206.71873216448103,0.0,59.67407726851249,2.023429889141696,20.565580885047865,1.0,1.0
9.0,-210.7088279516671,0.0,59.6841203089784,1.738083693285737,19.75281927768396,1.0,1.0
10.0,-213.69259573453894,0.0,59.68829385922686,1.3720140193742263,19.291247638116317,1.0,1.0
11.0,-215.43752463413148,0.0,59.700935361979774,0.8618119080846836,19.08495442507601,1.0,1.0
12.0,-216.06989943467664,0.0,59.70638556546767,0.1678055090479404,19.04105520968437,0.9838841397192161,1.0
13.0,-216.09725334429956,0.0,59.70973276780616,0.012579195165224618,19.03778141756214,1.0,1.0
14.0,-216.097552515345,0.0,59.70965336852373,0.00020607458943560164,19.037741532911653,0.0,0.0
