iter,val,proj,gnorm,dnorm,xnorm,step,maxstep
1.0,80.0,0.0,69.05838548651857,20.535440858964897,28.284271247461902,0.5062377035802725,1.0
2.0,-138.89760612505643,0.0,62.484557740304744,7.083631090102518,29.22547585197887,0.576500970504382,1.0
3.0,-186.68092487160027,0.0,61.063219784620294,3.4821987761612947,29.22571219489411,1.0,1.0
4.0,-210.7212317954735,0.0,60.503142829417996,2.735762534912694,27.78812485501412,1.0,1.0
5.0,-217.82181655359443,0.0,60.503837812521745,2.624599217714468,25.76665849182491,1.0,1.0
6.0,-224.4954418331015,0.0,60.505967243178205,2.390611938360677,23.85885818534974,1.0,1.0
7.0,-230.27854875645534,0.0,60.5109039752523,2.223415261434639,22.37725047004683,1.0,1.0
8.0,-235.11433862110368,0.0,60.51942320812175,1.9931114248840622,21.217634020857194,1.0,1.0
9.0,-239.03882669941441,0.0,60.525286276655834,1.7374069952461353,20.466290160860016,1.0,1.0
10.0,-242.00356804245024,0.0,60.53177544007318,1.4002547914229904,20.030121527899013,1.0,1.0
11.0,-243.86229083765727,0.0,60.5396650432197,0.8941926953330058,19.835415790209762,1.0,1.0
12.0,-244.53948215905183,0.0,60.548650215456696,0.14737987749853337,19.792340969047203,1.0,1.0
13.0,-244.55984393610515,0.0,60.55064909060262,3.58254109354735e-06,19.790200727209683,0.0,0.0
