iter,val,proj,gnorm,dnorm,xnorm,step,maxstep
1.0,80.00000000000011,0.0,67.05411780051095,20.508388955278363,28.284271247461902,0.5063958188746658,1.0
2.0,-126.48441648739822,0.0,60.66897662369324,6.661891630486794,29.18247826857978,0.5918111678088365,1.0
3.0,-170.3132478682695,0.0,59.3471524798864,3.3292559360048037,28.990377405998615,1.0,1.0
4.0,-192.61090276396942,0.0,58.836709475674,2.791138258936523,27.28973376730734,1.0,1.0
5.0,-199.89458863565028,0.0,58.83770609768833,2.6852831995849162,25.21506986645258,1.0,1.0
6.0,-206.81735724076566,0.0,58.83791778107573,2.434326546192848,23.191844147163703,1.0,1.0
7.0,-212.84008092306976,0.0,58.843628725510655,2.274218397590175,21.627490554258724,1.0,1.0
8.0,-217.87908679887494,0.0,58.85191889989472,2.0351071342067337,20.37038606558041,1.0,1.0
9.0,-221.91530538679584,0.0,58.861200444279625,1.7369725512979708,19.54583608138364,1.0,1.0
10.0,-224.83534855883005,0.0,58.867325407867696,1.3705947616678869,19.080964184859205,1.0,1.0
11.0,-226.55893855400018,0.0,58.879559219693085,0.823107556084557,18.872979775226344,1.0,1.0
12.0,-227.1180750012453,0.0,58.88834699730796,0.15108351430579814,18.826850397455576,0.9984104996705105,1.0
13.0,-227.13514894322464,0.0,58.89057402689335,0.003939879825596638,18.82778233635717,0.9760656331350551,1.0
14.0,-227.13516533977543,0.0,58.89052570496837,0.0004105151102769944,18.827880164892377,0.0,0.0
