iter,val,proj,gnorm,dnorm,xnorm,step,maxstep
1.0,80.0,0.0,65.87088315791583,20.456475390941208,28.284271247461902,0.5065401602476425,1.0
2.0,-122.79166867861227,0.0,59.489714448561,6.701674344784395,29.17651141882149,0.5912244100252411,1.0
3.0,-164.2557161103275,0.0,58.221060076207806,3.3041122333084236,29.000122768409607,1.0,1.0
4.0,-185.37934914121104,0.0,57.74320342118034,2.7959256452072756,27.20669572872791,1.0,1.0
5.0,-192.7193154345498,0.0,57.7433265628162,2.7030173917936158,25.146398268159956,1.0,1.0
6.0,-199.6580162672633,0.0,57.74581714273198,2.425665762751999,23.059948660663622,1.0,1.0
7.0,-205.67370455200023,0.0,57.74951396175728,2.2525196670080323,21.50406368132994,1.0,1.0
8.0,-210.5737691385396,0.0,57.76121883562119,2.0076011555721087,20.230232137973974,1.0,1.0
9.0,-214.5187088876187,0.0,57.767803015659744,1.7754254761341222,19.435349483982336,1.0,1.0
10.0,-217.61690593628276,0.0,57.774106928141514,1.4498848587035276,18.967711514449203,1.0,1.0
11.0,-219.62089549580037,0.0,57.782588841297255,0.9185205368331397,18.74821620323067,1.0,1.0
12.0,-220.3450560591915,0.0,57.79364047738196,0.1461561173705918,18.691075652167136,1.0,1.0
13.0,-220.36740320637847,0.0,57.79573455522438,0.00014971951872476606,18.691328539543967,0.0,0.0
