iter,val,proj,gnorm,dnorm,xnorm,step,maxstep
1.0,99.99999999999997,0.0,35.570106156718175,6.481850148827251,7.0710678118654755,1.0,1.0
2.0,-1.617367342592587,0.0,33.261823590376146,2.9651667824522603,5.4879777578239475,0.9999999999999994,1.0
3.0,-6.8561484210526284,0.0,34.14976713184305,4.752870083700429e-15,3.3038355700131654,0.0,0.0
