iter,val,proj,gnorm,dnorm,xnorm,step,maxstep
1.0,50.0,0.0,3949.582155298963,15.407582074142216,15.811388300841896,0.4201553217447036,1.0
2.0,-1034.2905141558003,0.0,3947.4000625168615,9.133184243246886,17.001573810839893,0.5154039778351288,1.0
3.0,-1753.4165537768786,0.0,3946.2617815862213,4.835496189106773,19.090970209734405,0.6540606256567718,1.0
4.0,-2177.6540792655214,0.0,3945.90911041891,1.951643145750354,20.64952480445517,0.89890911964592,1.0
5.0,-2374.8516779763377,0.0,3945.838195563339,0.9087506896833688,21.367473094031432,1.0,1.0
6.0,-2397.498983977621,0.0,3945.8522824954675,0.6830484735302735,21.340734584642526,1.0,1.0
7.0,-2397.9070863244633,0.0,3945.863425611054,0.38051522672596977,21.281706745570975,1.0,1.0
8.0,-2398.024125013526,0.0,3945.8777126363293,0.14327118913106657,21.271419326975405,1.0,1.0
9.0,-2398.0435755060607,0.0,3945.886786622433,0.001115409123313264,21.2701940627902,0.8584035310996554,314.9726852100471
10.0,-2398.0435760400323,0.0,3945.8868197932684,3.642125905346031e-05,21.270157387272953,0.0,0.0
