iter,val,proj,gnorm,dnorm,xnorm,step,maxstep
1.0,49.999999999992724,0.0,3953.525282700238,15.482724225976096,15.811388300841896,0.4632878331838944,1.0
2.0,-1171.468832356979,0.0,3950.5783350517386,8.523120497571279,17.28559696353492,0.5651265441011932,1.0
3.0,-1919.6185125216143,0.0,3949.0843632076685,3.9668717197611096,19.552657851982563,0.6526279302776284,1.0
4.0,-2281.198969761812,0.0,3948.583641321934,1.6219177279608827,20.92679161474012,0.9012579169704308,1.0
5.0,-2451.6161242532216,0.0,3948.3742156680387,0.793664373076203,21.564134802505837,1.0,1.0
6.0,-2470.6060899889817,0.0,3948.364306224929,0.5964866952075861,21.55640937894926,1.0,1.0
7.0,-2470.8540055422673,0.0,3948.3405397894962,0.34689675674671094,21.52038988886956,0.7867482303247667,1.0
8.0,-2470.9213890889514,0.0,3948.36774825476,0.13858820571519107,21.51430928801433,1.0,1.0
9.0,-2470.941761569473,0.0,3948.3670489506517,0.053201503187612735,21.51259837978839,0.979395165851952,1.8453496745734277
10.0,-2470.943147609556,0.0,3948.372017073482,0.018281957852386226,21.511907679594234,1.0365392177015162,6.383026560942205
11.0,-2470.9433208307964,0.0,3948.3706552273497,0.007058720276073282,21.51181289833573,0.9819770253304647,12.07910350810097
12.0,-2470.943345294545,0.0,3948.371084507902,0.002582460391030327,21.511710935104205,1.0365237785360166,37.902934027088854
13.0,-2470.943348750836,0.0,3948.3708862472627,0.000997286863466398,21.51169852368996,0.0,0.0
