iter,val,proj,gnorm,dnorm,xnorm,step,maxstep
1.0,49.99999999999636,0.0,3948.2205385517664,15.542070322729424,15.811388300841896,0.45305404835082075,1.0
2.0,-1204.530660402761,0.0,3946.590272463114,8.617421585480217,17.243694769807448,0.5176798700746172,1.0
3.0,-1938.352304986489,0.0,3945.851067190158,4.456361629241956,19.312080695231685,0.6213548026255113,1.0
4.0,-2347.6709140476014,0.0,3945.5189108671307,1.8804863163567942,20.748103835683832,0.7807137666544226,1.0
5.0,-2538.524138567056,0.0,3945.382367374627,0.897068201244589,21.436031199954652,1.0,1.0
6.0,-2592.138632511327,0.0,3945.345232005171,0.6486359623656169,21.55673056982512,1.0,1.0
7.0,-2592.538369311598,0.0,3945.3491359254012,0.38962335765551187,21.507584593465463,1.0,1.0
8.0,-2592.6763432439257,0.0,3945.3320259483116,0.10244595065589605,21.497788451900156,1.0,1.0
9.0,-2592.6880294073235,0.0,3945.3293843179035,0.005305637679350667,21.49725410140284,0.9998902018249697,1.0
10.0,-2592.6882269951493,0.0,3945.328862320888,1.988565806451281e-05,21.49726484260353,0.0,0.0
