iter,val,proj,gnorm,dnorm,xnorm,step,maxstep
1.0,50.0,0.0,3948.238498537797,15.514212619644839,15.811388300841896,0.4633570561736865,1.0
2.0,-1204.6379160754768,0.0,3946.010708395446,8.5414450661507,17.297530733585393,0.5569877726819134,1.0
3.0,-1962.4650586057978,0.0,3944.6064340634293,4.12902025128981,19.53008047355575,0.6681843896783912,1.0
4.0,-2350.6652257918613,0.0,3944.0898156375997,1.542446533671529,20.963160074645213,0.8758209102584029,1.0
5.0,-2516.3781895026295,0.0,3943.8396038360734,0.7159302131115616,21.58036286599592,1.0,1.0
6.0,-2540.1034840990396,0.0,3943.8179592872784,0.5508363562731445,21.605407990458964,1.0,1.0
7.0,-2540.3822402329533,0.0,3943.8062566089225,0.28011294515877627,21.574402727850654,1.0,1.0
8.0,-2540.489521308471,0.0,3943.8011459161607,0.07688186290866342,21.57007056828742,0.9995736058644747,1.0
9.0,-2540.4939403631433,0.0,3943.805376867122,0.0007999074443244627,21.57004334818019,0.0,0.0
