iter,val,proj,gnorm,dnorm,xnorm,step,maxstep
1.0,50.0,0.0,3962.300423288976,15.428574541967864,15.811388300841896,0.4705848654047447,1.0
2.0,-1161.5028746695025,0.0,3960.0718391220516,8.290293775835307,17.304979675485082,0.561670774786273,1.0
3.0,-1876.480716775597,0.0,3959.349315072908,3.9679014011527083,19.486764359953714,0.6790112065394368,1.0
4.0,-2241.569332441759,0.0,3959.1738704976806,1.5234368093790656,20.839581609801908,0.9922939799864448,1.0
5.0,-2409.7619484155184,0.0,3959.0703474143675,0.8532418189965664,21.460656051732705,1.0,1.0
6.0,-2411.719317259518,0.0,3959.094266348684,0.6904046404099585,21.366695732810527,1.0,1.0
7.0,-2412.0996539634834,0.0,3959.0559782399473,0.3867177111145804,21.33042839995657,0.8596138070342509,1.0
8.0,-2412.2061760889374,0.0,3959.082188355709,0.16292376661079483,21.324607010953695,1.0,1.0
9.0,-2412.2405681271885,0.0,3959.07850158801,0.019858865235775132,21.32286176027028,0.9644577698504663,1.0
10.0,-2412.2408841100587,0.0,3959.080965913129,0.0005709922566658876,21.322870060873214,0.0,0.0
