iter,val,proj,gnorm,dnorm,xnorm,step,maxstep
1.0,49.99999999999636,0.0,3939.94832605632,15.537363628316053,15.811388300841896,0.4782096744613873,1.0
2.0,-1246.4610095516618,0.0,3937.9652134503335,8.344271744738032,17.40227036280051,0.5909520351124404,1.0
3.0,-2030.3045768509073,0.0,3936.7445734882,3.644310696200821,19.728070045897855,0.6830247953100944,1.0
4.0,-2387.765818118525,0.0,3936.3065103438116,1.4071834085876445,21.009246160719915,1.0,1.0
5.0,-2551.133382578104,0.0,3936.1184020506835,0.7220423714843557,21.568492037046042,1.0,1.0
6.0,-2551.6026977333495,0.0,3936.135541427881,0.5067789275592158,21.487758582087437,1.0,1.0
7.0,-2551.8206187567594,0.0,3936.1477377922392,0.2137631823452256,21.46236078972555,1.0,1.0
8.0,-2551.8511671467386,0.0,3936.158702536118,0.046589567030567276,21.458937058679044,1.0,1.0
9.0,-2551.852511398898,0.0,3936.16020013128,0.006537135013050135,21.457841675745147,1.162889383165793,121.6448502292023
10.0,-2551.852536246428,0.0,3936.159793173156,0.0017155780820071642,21.457441144330197,1.4467682319111728,397.49495476494144
11.0,-2551.852538375584,0.0,3936.159899836572,0.0006993012240712565,21.457377514647344,0.0,0.0
