iter,val,proj,gnorm,dnorm,xnorm,step,maxstep
1.0,49.99999999999636,0.0,3938.1844331003595,15.533653733748542,15.811388300841896,0.4564341938896542,1.0
2.0,-1188.3352159423812,0.0,3936.6790004477525,8.649494262745266,17.259109708192746,0.5264367956153887,1.0
3.0,-1914.151009990699,0.0,3936.0401919505775,4.338340978206169,19.410805804776714,0.6215214791820196,1.0
4.0,-2304.840377389137,0.0,3935.7866505281027,1.8716207856765683,20.800484809032362,0.7621684204570502,1.0
5.0,-2482.7808539986218,0.0,3935.650918022827,1.0201430324707268,21.431902437533175,0.9007475809650581,1.0
6.0,-2532.66299973469,0.0,3935.671832186688,0.8556673256078152,21.540012769717837,0.5839909684866912,1.0
7.0,-2536.162938202422,0.0,3935.6413273564035,0.5345711921874267,21.52708287847007,1.0,1.0
8.0,-2538.6598107855352,0.0,3935.6693080589143,0.381768288415203,21.50408504744127,0.5398530200337894,1.0
9.0,-2538.7143541113837,0.0,3935.658744817101,0.1636395382148564,21.504647437195352,1.0,1.0
10.0,-2538.7450716157073,0.0,3935.665832170805,0.0755848674182528,21.50166670392523,0.5755440695726199,1.0
11.0,-2538.7485921683983,0.0,3935.662799689809,0.02311191547760127,21.502694049370266,1.0,1.0
12.0,-2538.7497644189607,0.0,3935.6614611427544,0.017305410514255867,21.502601265511217,0.9996226799847576,38.73596109196888
13.0,-2538.7499141010885,0.0,3935.6621414378765,0.00018860163711197043,21.501933109332896,0.0,0.0
