iter,val,proj,gnorm,dnorm,xnorm,step,maxstep
1.0,49.99999999999636,0.0,3938.898775757762,15.581781318745858,15.811388300841896,0.4423653952809687,1.0
2.0,-1124.151253769589,0.0,3935.996325924402,8.781420483838863,17.189284690666657,0.5052373297514907,1.0
3.0,-1821.1400941287066,0.0,3934.73195548387,4.489215845890488,19.229391900735216,0.5704810217010124,1.0
4.0,-2194.85283958738,0.0,3934.152155444639,2.1270252144065607,20.5847848151885,0.6956946353353183,1.0
5.0,-2386.4740484328577,0.0,3933.886216098646,0.9925716512637759,21.303343193844718,1.0,1.0
6.0,-2469.734066772009,0.0,3933.777755800775,0.6521270983218679,21.564621693475026,1.0,1.0
7.0,-2470.121906346347,0.0,3933.8017304662917,0.4173899209079422,21.498380667081324,1.0,1.0
8.0,-2470.263043992072,0.0,3933.8062253048283,0.1493091928059521,21.484866179182596,1.0,1.0
9.0,-2470.279307578512,0.0,3933.8009224805983,0.0043194093634751915,21.482926251708278,0.9999975269620884,8.838179406126162
10.0,-2470.2793169071374,0.0,3933.8008222605995,2.954482765114899e-07,21.482908660925766,0.0,0.0
