iter,val,proj,gnorm,dnorm,xnorm,step,maxstep
1.0,49.999999999992724,0.0,3977.029389088293,15.598948288411803,15.811388300841896,0.43044319669482,1.0
2.0,-1083.3780787949909,0.0,3975.1547346938933,8.992357065866438,17.124353766131907,0.5251480467012205,1.0
3.0,-1817.2931374449254,0.0,3974.1214517440735,4.820711265168994,19.258143106781674,0.6294937796339806,1.0
4.0,-2219.43300165825,0.0,3973.7149511123,2.189313033369649,20.71108268115496,0.5076154347789981,1.0
5.0,-2337.487681172952,0.0,3973.462513898069,1.4332763584544796,21.145188859673496,0.5723532480994822,1.0
6.0,-2402.70720222051,0.0,3973.446384308213,1.0418174319712397,21.3611013704214,0.5203177322361684,1.0
7.0,-2428.1516730221847,0.0,3973.356227499634,0.811275164140371,21.431292533762516,0.8204751968875988,1.0
8.0,-2447.4424231793782,0.0,3973.37875714043,0.7541167801035861,21.464462507396526,0.4725551276349763,1.0
9.0,-2449.5977556375437,0.0,3973.3319057654626,0.4312132729180853,21.46197451776754,1.0,1.0
10.0,-2451.991511857799,0.0,3973.34736309125,0.19745166813298912,21.45737374211992,0.7019864716809117,1.0
11.0,-2452.0131527304147,0.0,3973.33480171223,0.08016859464372737,21.458779307798796,0.9865062751808115,1.0
12.0,-2452.0206019625984,0.0,3973.347788918234,0.06753394700725587,21.46116387204799,0.9327814675187683,1.0
13.0,-2452.0227905419633,0.0,3973.3384302061113,0.06091127576548633,21.463073126117198,1.0,1.0
14.0,-2452.0248545990617,0.0,3973.3473635651767,0.05949389252739053,21.465603417001464,1.1746218011541023,3.6329888293072115
15.0,-2452.026933399651,0.0,3973.337606320559,0.06751745129730417,21.468073305364367,0.9011046992244726,3.422198919090716
16.0,-2452.0289872903923,0.0,3973.3475076507,0.058780989713561896,21.47054113546258,1.1746217995531145,2.5466934781817985
17.0,-2452.031016569843,0.0,3973.337866638813,0.06670840404102893,21.47320401304751,0.9011046992406513,2.4723638201733484
18.0,-2452.0330215327995,0.0,3973.347649499135,0.05807662962443707,21.47581099244077,1.174621799552403,1.4472234210622916
19.0,-2452.0350024707986,0.0,3973.3381239301166,0.06590905143327175,21.478659302926822,0.9011046992408775,1.5110090120340263
20.0,-2452.0369596715173,0.0,3973.347789658235,0.019430469679189797,21.48139958892369,1.0,1.0
21.0,-2452.037946589411,0.0,3973.3454419750287,0.018671085337285964,21.482347019986165,0.9999609343351904,1.9531188133225335
22.0,-2452.0381208873223,0.0,3973.34832939564,1.6965994003792e-05,21.483289306766252,0.0,0.0
