iter,val,proj,gnorm,dnorm,xnorm,step,maxstep
1.0,49.99999999999636,0.0,3956.92521107842,15.44269801151988,15.811388300841896,0.460892706097662,1.0
2.0,-1215.6413109664718,0.0,3955.3521063901176,8.469307270137584,17.246790880372043,0.5332751487706969,1.0
3.0,-1955.3416140430745,0.0,3954.9139112674816,4.281075760862736,19.32345359740003,0.6161305549388447,1.0
4.0,-2340.206250673982,0.0,3954.6732130584332,1.8528763151881087,20.67375630513121,0.7722614831675477,1.0
5.0,-2521.96813751441,0.0,3954.671047564887,0.8947304321116633,21.337556633487967,1.0,1.0
6.0,-2575.5543970464023,0.0,3954.5859035208236,0.6320233631911124,21.46345260653533,1.0,1.0
7.0,-2575.9290679492806,0.0,3954.6217564084177,0.40221208180104917,21.4198155188206,1.0,1.0
8.0,-2576.0591947423272,0.0,3954.5891629391494,0.04524556627006833,21.412477603354045,0.9999963293679931,1.0
9.0,-2576.0603291189473,0.0,3954.590534660401,1.0845218547184597e-05,21.412347763881698,0.0,0.0
