iter,val,proj,gnorm,dnorm,xnorm,step,maxstep
1.0,50.0,0.0,3956.4059336579708,15.522304186658562,15.811388300841896,0.45725317652504444,1.0
2.0,-1195.1059904160247,0.0,3954.4675249383085,8.495380602983756,17.257475081291812,0.5129160779381007,1.0
3.0,-1903.5647605080376,0.0,3953.33344929958,4.305943979120292,19.287200329647845,0.561175487590042,1.0
4.0,-2266.7763503735187,0.0,3952.7347735938424,2.0733021129129394,20.59903822374768,0.6989861120818462,1.0
5.0,-2461.4198330334075,0.0,3952.4959407344636,0.9824431550049717,21.31909422005465,1.0,1.0
6.0,-2544.7609425805713,0.0,3952.3937578315745,0.6657467419040294,21.576841257786523,1.0,1.0
7.0,-2545.1745070135075,0.0,3952.388501319986,0.45143333822812304,21.523035306864987,1.0,1.0
8.0,-2545.3516205513115,0.0,3952.3770247796565,0.13776812960915924,21.513093444872112,0.9978234282566332,1.0
9.0,-2545.362712029273,0.0,3952.3937404630183,0.007659264163126246,21.512634918810935,0.9594830485110912,1.0
10.0,-2545.362743537815,0.0,3952.393582568943,0.0021087892173073854,21.512574012913515,1.0,1.0
11.0,-2545.36274602505,0.0,3952.3936336398533,0.0006175947427838203,21.512651031792505,0.0,0.0
