iter,val,proj,gnorm,dnorm,xnorm,step,maxstep
1.0,50.000000000007276,0.0,3948.609293751662,15.509192405519657,15.811388300841896,0.4722714450064875,1.0
2.0,-1200.9859439912434,0.0,3946.5369983378073,8.312634109207373,17.35086450608113,0.5300693593269251,1.0
3.0,-1893.1309679562582,0.0,3945.6499833189537,4.044562262649227,19.42920776268122,0.6004450068741339,1.0
4.0,-2247.872493506791,0.0,3945.2521292193287,1.8549188383909458,20.704857355851647,0.8034806250290067,1.0
5.0,-2434.087277050432,0.0,3945.0736242276535,0.9183133400657809,21.373297516872324,1.0,1.0
6.0,-2479.788158895797,0.0,3945.013060642872,0.6760138488884052,21.455378812155352,1.0,1.0
7.0,-2480.211032083349,0.0,3945.02422883837,0.4107891115440059,21.400669212024162,1.0,1.0
8.0,-2480.3749882906777,0.0,3945.0222775058696,0.1105626421847866,21.39028842497336,1.0,1.0
9.0,-2480.389343582494,0.0,3945.0186423316313,0.006041047088745679,21.389765434247934,1.1839675794175817,24.97685881090802
10.0,-2480.38936518658,0.0,3945.0179758212116,0.0019390920086008497,21.389450460848554,0.9228066558743637,149.23574464746216
11.0,-2480.3893669214667,0.0,3945.0182170411863,0.0006330977881344976,21.389515456781666,0.0,0.0
