iter,val,proj,gnorm,dnorm,xnorm,step,maxstep
1.0,10.000000000000114,0.0,281.916825947663,6.904417288985496,7.0710678118654755,0.32330410287080424,1.0
2.0,-196.20353826816518,0.0,279.2881832731459,4.647919754019766,7.387946195715427,0.32364042533171233,1.0
3.0,-327.15717725424656,0.0,277.6043912724037,3.1419933599041308,7.942563718227414,0.3260112033714327,1.0
4.0,-412.3931866162659,0.0,276.5031955462115,2.132647008681874,8.44038668945153,0.33311829271979404,1.0
5.0,-469.2447217594463,0.0,275.7675470160714,1.4528282380641728,8.824364760050994,0.34879558979456227,1.0
6.0,-508.0647809320643,0.0,275.26529748830836,0.9946223829174368,9.106671504469231,0.3855163353132695,1.0
7.0,-535.5724213028647,0.0,274.90944776322294,0.6856867866164496,9.313675606995007,0.4856137058411779,1.0
8.0,-556.6316514934103,0.0,274.63758055966775,0.47109745872144587,9.471902657791937,0.8472173945657773,1.0
9.0,-575.388970224585,0.0,274.3973358945673,0.2979310421589277,9.606161225032073,1.0,1.0
10.0,-578.8202394815503,0.0,274.35613566402975,0.15495481560659738,9.615689508386449,1.0298863353169545,1.5937130404503275
11.0,-578.8326037793122,0.0,274.3571973008809,0.010450419438619222,9.612678973323689,1.0972430325247937,20.195261441144083
12.0,-578.8326636949631,0.0,274.3571425650659,0.0009666520832035207,9.612375342923828,0.0,0.0
