iter,val,proj,gnorm,dnorm,xnorm,step,maxstep
1.0,1.0,0.0,1769.9142422366117,0.7024281695186584,0.7071067811865476,0.4529514333758235,1.0
2.0,-24.153647468863028,0.0,1769.8534801678545,0.3850840839291811,0.7695261379822304,0.4653657016654371,1.0
3.0,-38.194301168175,0.0,1769.8183497237944,0.21079805697578016,0.85481136503036,0.5124423757916307,1.0
4.0,-46.42991354900403,0.0,1769.7986480218367,0.1085786447682306,0.9143352294797977,0.5693640687942988,1.0
5.0,-50.882264261581895,0.0,1769.7894561608045,0.052783245261145056,0.9486257364197129,0.6672724196740274,1.0
6.0,-53.12694936113337,0.0,1769.7857529584405,0.021977584503379253,0.9662173238343151,0.8153206324395166,1.0
7.0,-54.03904079221991,0.0,1769.784823273889,0.006346692472856985,0.9732652035977426,0.9902025094364317,1.0
8.0,-54.243567012537596,0.0,1769.7848988335206,0.0006651817751656467,0.9747175814647392,0.0,0.0
