iter,val,proj,gnorm,dnorm,xnorm,step,maxstep
1.0,0.9999999999998863,0.0,1756.4128798844536,0.7071067811865476,0.7071067811865476,0.4823973137537219,1.0
2.0,-27.425551151326317,0.0,1756.3821643637887,0.36600036940511615,0.7850818964658421,0.4823973137537216,1.0
3.0,-42.043960176422615,0.0,1756.3663805750855,0.18944277437121843,0.8763424125032984,0.4823973137537219,1.0
4.0,-49.58510790252183,0.0,1756.3582415600576,0.09805608890449018,0.9332431332558807,0.4823973137537218,1.0
5.0,-53.4816265881949,0.0,1756.3540370134574,0.05075409501976797,0.9647791709185823,0.48239731375372175,1.0
6.0,-55.49665341948912,0.0,1756.3518629336318,0.026270455920230737,0.9815997666066053,0.48239731375372147,1.0
7.0,-56.53914866196203,0.0,1756.3507382147666,0.013597658553225877,0.9904316751677724,0.48239731375372186,1.0
8.0,-57.078616242935595,0.0,1756.3501562155154,0.007038184593809352,0.9950356978195939,0.48239731375372163,1.0
9.0,-57.35781108056915,0.0,1756.349855013538,0.0036429832520529374,0.9974273482336563,0.4823973137537218,1.0
10.0,-57.50231369315759,0.0,1756.3496991219442,0.001885617917212797,0.998667556859115,0.48239731375372175,1.0
11.0,-57.57710611914763,0.0,1756.34961843508,0.0009760008991834709,0.9993101014546193,0.0,0.0
