iter,val,proj,gnorm,dnorm,xnorm,step,maxstep
1.0,600.0,0.0,4336.138933419685,17.01934035683575,17.320508075688775,0.4846078114223584,1.0
2.0,-992.4239279789981,0.0,4333.9063718472125,9.045565865037945,18.309893558521317,0.6178851198729275,1.0
3.0,-1974.0520720035274,0.0,4332.862840459333,3.9026996214069403,20.507840697153824,0.8156131708231472,1.0
4.0,-2452.9900679128477,0.0,4332.458479422711,1.230354236420424,21.91572760792111,1.0,1.0
5.0,-2560.081881995273,0.0,4332.441496029094,0.2544309130751441,22.17776118141542,1.0,1.0
6.0,-2560.132552036219,0.0,4332.452102978321,0.09825160230582933,22.15085639774735,1.0,1.0
7.0,-2560.138558613253,0.0,4332.467944451691,0.04221759948323976,22.15014721428685,3.6780136400734236,7.019172030400864
8.0,-2560.141836322251,0.0,4332.473652673556,0.022866421490788345,22.150974000012877,0.6547507580968148,16.938157010791326
9.0,-2560.142007498118,0.0,4332.472485071752,0.006652034859607849,22.15026501133937,1.8567677397432918,49.561265410651544
10.0,-2560.1420485788694,0.0,4332.472742307608,0.0068799071252957375,22.14969332190892,0.7055294158424402,44.91092450812306
11.0,-2560.142065276297,0.0,4332.472471316647,0.0029492725479279705,22.1495664621959,1.7274790800289248,94.92732495768921
12.0,-2560.1420727892255,0.0,4332.472614581884,0.0032103791070179476,22.149375925480694,0.7108169588758068,217.13709727926678
13.0,-2560.142076452292,0.0,4332.472506444337,0.0014534208604023943,22.149301417508443,1.7224924006186098,183.77418562815274
14.0,-2560.1420782716486,0.0,4332.472576866034,0.001601890982402607,22.14922199686097,0.7115344474660676,464.05858521180716
15.0,-2560.142079184505,0.0,4332.4725307642175,0.0007318527600782504,22.14918733733372,0.0,0.0
