iter,val,proj,gnorm,dnorm,xnorm,step,maxstep
1.0,600.0,0.0,4323.827815544,17.037759278771937,17.320508075688775,0.4903312716727472,1.0
2.0,-986.6672735056345,0.0,4322.167487163757,8.907432255206784,18.4955710305851,0.5887098153760667,1.0
3.0,-1895.2457138368627,0.0,4321.438685734407,4.231038139608933,20.604352379293267,0.8346561041427345,1.0
4.0,-2407.7968875925944,0.0,4321.262833132769,1.4240990764709258,22.09220202456411,1.0,1.0
5.0,-2508.4631427930726,0.0,4321.257115518944,0.2699347438314284,22.308244108025406,1.0,1.0
6.0,-2508.507858561752,0.0,4321.27615390642,0.13054126520921291,22.287560440355282,1.408855042032053,2.873090126531627
7.0,-2508.5198627265127,0.0,4321.2528385672595,0.16547253177409452,22.294237469861827,0.8087765517164619,1.0
8.0,-2508.5309364871064,0.0,4321.274725185914,0.1261105324610915,22.298817034749497,1.3620364418090836,1.582681898507431
9.0,-2508.54176730986,0.0,4321.253423140485,0.04486860779532219,22.306634444579217,0.5498119507352455,1.0
10.0,-2508.544933226309,0.0,4321.258189253681,0.020679932807892917,22.307043407489047,1.0,1.0
11.0,-2508.5472807558617,0.0,4321.25903404536,0.01715805505288411,22.308298322101688,0.999798037283896,1.6471585231252066
12.0,-2508.5474279255577,0.0,4321.25652783637,0.00010834611764205,22.309055422183462,0.0,0.0
