iter,val,proj,gnorm,dnorm,xnorm,step,maxstep
1.0,600.0,0.0,4337.322818910993,17.051015436140712,17.320508075688775,0.44885307397511137,1.0
2.0,-935.4209732488234,0.0,4334.663834314701,9.557321701194168,18.297043515766894,0.5227793966579468,1.0
3.0,-1858.7821266877218,0.0,4333.212545098957,4.960660950126203,20.266982203573612,0.6895826962949447,1.0
4.0,-2419.3147860999525,0.0,4332.493449462345,2.178759587390867,21.798103292128772,1.0,1.0
5.0,-2667.658620844588,0.0,4332.290732334287,0.5975107295613177,22.47864645562404,1.0,1.0
6.0,-2667.8650383879285,0.0,4332.302067982043,0.24085443794055708,22.437686311496247,1.0,1.0
7.0,-2667.9070163737706,0.0,4332.324350390309,0.03207353931238647,22.436672906710047,1.0,1.0
8.0,-2667.9110528270867,0.0,4332.322927634153,0.027528339138804505,22.43792521304303,1.0001796094343147,2.986822317044033
9.0,-2667.911431799941,0.0,4332.325353902879,0.0012340752140184593,22.43742636835206,1.0373835657488202,33.78928382819063
10.0,-2667.9114325899063,0.0,4332.325356431061,0.0004892713065257271,22.43748318517462,0.0,0.0
