iter,val,proj,gnorm,dnorm,xnorm,step,maxstep
1.0,600.0,0.0,4329.506820530948,17.017682663255673,17.320508075688775,0.4804486072882245,1.0
2.0,-915.6214095670075,0.0,4326.536930322106,9.115006811878578,18.33270501325604,0.6039564396875202,1.0
3.0,-1840.6417841649054,0.0,4325.212753643994,4.268333816977916,20.490494682676964,0.8758853713428484,1.0
4.0,-2354.0558961441493,0.0,4324.810651934618,1.324704866588027,22.06302269697385,1.0,1.0
5.0,-2426.360308369578,0.0,4324.8840737561,0.22050760653026188,22.214910544991575,1.0,1.0
6.0,-2426.412565613933,0.0,4324.905306005836,0.024985292954613828,22.20198650922112,1.0,1.0
7.0,-2426.412981190515,0.0,4324.905786661023,0.0100307412775676,22.20096181668648,1.330058895489207,85.63811935734402
8.0,-2426.413048102848,0.0,4324.904877227485,0.0028957822321379807,22.20016968976037,0.9062079468222127,8.74883894291372
9.0,-2426.4130519024075,0.0,4324.905030136808,0.0007701399958877077,22.200161710868265,0.0,0.0
