iter,val,proj,gnorm,dnorm,xnorm,step,maxstep
1.0,600.0,0.0,4325.718580621028,16.988965612913994,17.320508075688775,0.5028642300440493,1.0
2.0,-1049.298112693621,0.0,4323.374164017137,8.803956086205945,18.39586714510386,0.6318384169482624,1.0
3.0,-2016.4775283611307,0.0,4322.436791536737,3.846751615982778,20.682814941124413,0.9371459644468704,1.0
4.0,-2528.37242119079,0.0,4322.235421563697,1.3290417825515983,22.275211831548926,1.0,1.0
5.0,-2563.1204197332772,0.0,4322.389381515237,0.10287664166742137,22.270928355513696,0.9600704454043792,1.0
6.0,-2563.125684855153,0.0,4322.391352574803,0.015708864334642907,22.266724712255602,1.0,1.0
7.0,-2563.125818438475,0.0,4322.392868447801,0.004268366647609054,22.26603605014546,1.0538026275111576,63.64238830560351
8.0,-2563.1258280380716,0.0,4322.392718212177,0.0012724977492215455,22.266171269566133,0.9686434331897463,23.93194757615006
9.0,-2563.125828822358,0.0,4322.392805705825,0.00035366695724098,22.266148817973168,0.0,0.0
