iter,val,proj,gnorm,dnorm,xnorm,step,maxstep
1.0,600.0,0.0,4337.260386672674,17.011496906504142,17.320508075688775,0.48642773123759175,1.0
2.0,-985.6708056350253,0.0,4335.115744903856,9.079868916822072,18.37217822606933,0.6363252738772875,1.0
3.0,-1985.5005054982976,0.0,4334.090602495508,3.9554257112663613,20.656312297278138,0.9195447995047854,1.0
4.0,-2494.459939286462,0.0,4333.857224418312,1.1503513575875095,22.200530311380316,1.0,1.0
5.0,-2539.007180224249,0.0,4333.872794769532,0.18438484231894617,22.30731629198489,1.0,1.0
6.0,-2539.039583264148,0.0,4333.887657965484,0.1033952826073167,22.303410410855598,1.0,1.0
7.0,-2539.050540340162,0.0,4333.880252703285,0.07913183060702537,22.30858572629152,0.9998335160256118,4.075822638026537
8.0,-2539.053670742218,0.0,4333.8854922862665,0.00028439466569674137,22.307850305729588,0.0,0.0
