iter,val,proj,gnorm,dnorm,xnorm,step,maxstep
1.0,600.0,0.0,4345.95865984825,17.03423108115878,17.320508075688775,0.49752754133741917,1.0
2.0,-1057.313000626018,0.0,4343.805402774613,8.921901174549868,18.45139992394773,0.6588451356079755,1.0
3.0,-2093.832511864777,0.0,4342.863560214969,3.6078072971920974,20.83267536806817,0.9459093230568112,1.0
4.0,-2586.2553720818323,0.0,4342.386737881105,0.9772261371523734,22.331513639531178,1.0,1.0
5.0,-2614.548199034318,0.0,4342.418435970819,0.07438039387852,22.358375945367392,0.8716191305399643,1.5965131757707978
6.0,-2614.5506101258943,0.0,4342.416424579355,0.009244126654050167,22.354587854318048,0.9035803262354865,7.170797863897343
7.0,-2614.550648733144,0.0,4342.417230185762,0.0014160615385866594,22.354103824790517,0.9739094411032412,48.676308116337616
8.0,-2614.5506497095703,0.0,4342.417202491572,0.00034853562409891217,22.354080867184788,0.0,0.0
