iter,val,proj,gnorm,dnorm,xnorm,step,maxstep
1.0,600.0,0.0,4340.650736358548,16.986732343868322,17.320508075688775,0.4507091443163473,1.0
2.0,-834.3991209955711,0.0,4337.462274150882,9.686788825539795,18.03884995233698,0.6059084672845003,1.0
3.0,-1825.5291847672488,0.0,4335.959388568965,4.536041816997661,20.12628050577666,0.9090579538106135,1.0
4.0,-2391.051934903091,0.0,4335.199538591981,1.1779544802771402,21.85257937462902,1.0,1.0
5.0,-2447.4800273428737,0.0,4335.179034094896,0.15263428661609,21.99093924940313,1.3220838827603767,1.690955826240945
6.0,-2447.495427786027,0.0,4335.191171017663,0.06028203459558583,21.978359685208286,1.0,1.0
7.0,-2447.4982477370395,0.0,4335.191066433446,0.018655363007184712,21.9853822737494,0.9998438148933191,11.842945687198888
8.0,-2447.498421721135,0.0,4335.192423244956,5.5154599808832594e-05,21.986018907282467,0.0,0.0
