iter,val,proj,gnorm,dnorm,xnorm,step,maxstep
1.0,15.0,0.0,3071.6542726273738,6.023245470674426,6.123724356957945,0.4773730190092598,1.0
2.0,-362.5554820183788,0.0,3070.9268721979574,3.1776783055671154,6.71352066405376,0.5157863114938761,1.0
3.0,-568.4865205073929,0.0,3070.5099857038017,1.6480315458302977,7.480695958423148,0.5991589297249232,1.0
4.0,-682.2056786896392,0.0,3070.258662094438,0.8078440310954685,7.9994991124393335,0.894862906122658,1.0
5.0,-749.665267929744,0.0,3070.1248140428156,0.255535434705465,8.323827318204666,1.0,1.0
6.0,-757.5901441971237,0.0,3070.1187283111913,0.023753310996181543,8.353756049162147,1.0,1.0
7.0,-757.5904327838671,0.0,3070.120529990065,0.0,8.352244635802347,0.0,0.0
