iter,val,proj,gnorm,dnorm,xnorm,step,maxstep
1.0,15.0,0.0,3058.232296090341,6.061507602985633,6.123724356957945,0.5325805449291532,1.0
2.0,-408.6206847030171,0.0,3057.586886083975,2.867076387522733,6.887953211285733,0.5536766194931426,1.0
3.0,-607.6044144374537,0.0,3057.3050518028463,1.3034067944163445,7.72009893249071,0.587030622663386,1.0
4.0,-700.2237912278615,0.0,3057.1719391907254,0.6090743227980483,8.183772370654667,0.7646704770819261,1.0
5.0,-749.6904601368788,0.0,3057.083995241418,0.22471104332211236,8.440808867207894,1.0,1.0
6.0,-764.8732232699167,0.0,3057.052229823469,0.03988618150365257,8.515438329252579,1.0018436382091356,5.093753765005954
7.0,-764.8740201901746,0.0,3057.0484588605304,0.00022387631608100083,8.512874220254236,0.0,0.0
