iter,val,proj,gnorm,dnorm,xnorm,step,maxstep
1.0,14.999999999998181,0.0,3058.906551056766,6.071985046094894,6.123724356957945,0.48101358010023,1.0
2.0,-396.0842913822653,0.0,3058.2958071710977,3.145239718814507,6.758299560399135,0.48811653806010197,1.0
3.0,-605.5215306129248,0.0,3057.983918363912,1.6336443626544328,7.513659509738599,0.5138770711876262,1.0
4.0,-716.4392336730853,0.0,3057.8245749293765,0.8431487399121714,7.991722285021815,0.5876226187291003,1.0
5.0,-777.5439062455753,0.0,3057.74696123225,0.3942074839185916,8.263936590777782,0.7104057818915696,1.0
6.0,-807.865691334724,0.0,3057.7172138663827,0.1535739214082232,8.393939278061138,0.9210794398726303,1.0
7.0,-819.2258866675693,0.0,3057.7150605556567,0.03388567153587978,8.435818771142015,1.0,1.0
8.0,-820.19858420116,0.0,3057.7185402921095,0.002437941924131809,8.436220051767268,1.1249407640863467,16.332165119138672
9.0,-820.1985875442606,0.0,3057.718883942813,0.0004672906216804306,8.435929227437367,0.0,0.0
