iter,val,proj,gnorm,dnorm,xnorm,step,maxstep
1.0,14.999999999996362,0.0,3060.1620706246918,6.060734357320076,6.123724356957945,0.44999248158349314,1.0
2.0,-360.8217960315269,0.0,3059.7801251121145,3.356829214954476,6.674372024494493,0.48101634246609604,1.0
3.0,-574.4307960600308,0.0,3059.5473260491353,1.787202966988968,7.432378217712271,0.509247313214768,1.0
4.0,-689.5631931117514,0.0,3059.417952773897,0.9246896598479318,7.9452176256250056,0.56468924076337,1.0
5.0,-751.5655545399459,0.0,3059.3422716934324,0.45173912019041507,8.245197941603601,0.7076553869955362,1.0
6.0,-785.207681508713,0.0,3059.297135676966,0.16954944099703095,8.410408402213127,0.9606100538793129,1.0
7.0,-798.5248736084704,0.0,3059.289098473994,0.03866401671550155,8.4707084329083,1.0,1.0
8.0,-799.0709862087151,0.0,3059.292723995558,0.0013978588126753709,8.47007854128818,1.0000000000000002,112.53688505890312
9.0,-799.0709871857161,0.0,3059.292886200123,1.4210854715202004e-14,8.469951861624226,0.0,0.0
