iter,val,proj,gnorm,dnorm,xnorm,step,maxstep
1.0,15.000000000001819,0.0,3062.41164651325,6.033179066808304,6.123724356957945,0.4467725907180392,1.0
2.0,-335.55221458118285,0.0,3061.78989073414,3.3648085093435363,6.649562984237202,0.47776202780248334,1.0
3.0,-535.6229082753198,0.0,3061.4944936818656,1.8538146325982559,7.383626780576441,0.5487507749284521,1.0
4.0,-653.2467729153286,0.0,3061.2901118120526,0.9089452169347723,7.922407823015571,0.6383159854237792,1.0
5.0,-714.2878243914056,0.0,3061.1813413671825,0.3907726221880687,8.230171024486419,0.8172994548980861,1.0
6.0,-742.3992733229079,0.0,3061.134822116879,0.09895010691338942,8.374717567975987,0.9779068250410977,1.0
7.0,-748.5294632896639,0.0,3061.1250540894403,0.01072142052424143,8.404615747636589,1.0,1.0
8.0,-748.6678907593159,0.0,3061.124982405539,0.0002047299090565001,8.404652127341656,0.0,0.0
