iter,val,proj,gnorm,dnorm,xnorm,step,maxstep
1.0,15.0,0.0,3071.6804934719366,6.043293566461485,6.123724356957945,0.47273046367649435,1.0
2.0,-386.7747528981399,0.0,3071.50760996004,3.2127800409680467,6.716914386951348,0.4986043319245555,1.0
3.0,-603.0298225977585,0.0,3071.414169152258,1.6563879237063366,7.480661680282576,0.5284298549027618,1.0
4.0,-715.9094875738483,0.0,3071.365422553544,0.8461217398157225,7.974791608789464,0.6107627576864736,1.0
5.0,-776.8640359095916,0.0,3071.341131287628,0.38614061435809094,8.263268384101115,0.7848555271562003,1.0
6.0,-807.2082756877426,0.0,3071.329725232487,0.10448613371370584,8.411298669803884,0.9241111804983871,1.0
7.0,-814.877737695926,0.0,3071.326167019694,0.017688837691649164,8.447117187765306,1.0,1.0
8.0,-815.50719111748,0.0,3071.325491142807,0.0009551855377126252,8.44917978851071,0.0,0.0
