iter,val,proj,gnorm,dnorm,xnorm,step,maxstep
1.0,14.999999999998181,0.0,3065.5912361063406,6.065153507263164,6.123724356957945,0.4482903739932003,1.0
2.0,-353.8912347167934,0.0,3065.0985998761794,3.393578235856761,6.671030372643196,0.5029908801642549,1.0
3.0,-574.6248690899556,0.0,3064.890009868053,1.7315316271302088,7.461945775669006,0.5422979556819346,1.0
4.0,-690.6194323177915,0.0,3064.799944655898,0.8647348610309219,7.983053214545801,0.6440172749523071,1.0
5.0,-753.0436435079355,0.0,3064.759583601328,0.37788438497122234,8.28266498851758,0.8378929228287768,1.0
6.0,-781.8133025084007,0.0,3064.747692218246,0.10056078325951663,8.423067694774273,1.0,1.0
7.0,-787.3680042349024,0.0,3064.7491125862034,0.009455375427474455,8.448194587260673,1.0000000000000002,19.78175140608684
8.0,-787.3680489369563,0.0,3064.7496980045507,0.0,8.447609920305704,0.0,0.0
