iter,val,proj,gnorm,dnorm,xnorm,step,maxstep
1.0,14.999999999998181,0.0,3081.083116205079,6.088544489449019,6.123724356957945,0.46802297141800103,1.0
2.0,-357.13661865754875,0.0,3080.5386040834283,3.2416160916461325,6.737093386836983,0.4768931733662312,1.0
3.0,-551.6960334879477,0.0,3080.2644541116274,1.7143623054391202,7.4943094590535475,0.4927159102808678,1.0
4.0,-654.7986727877142,0.0,3080.1216647336864,0.897184743050564,7.984223999197214,0.53144865997772,1.0
5.0,-710.6234915584591,0.0,3080.0472230177597,0.45368778124310954,8.262966363497231,0.6083245203855608,1.0
6.0,-740.3994386700906,0.0,3080.006700685922,0.20971225846838432,8.410069576843961,0.7441321593710136,1.0
7.0,-754.625300362517,0.0,3079.9872686657836,0.07438057242739433,8.476678571640432,0.9394647695186966,1.0
8.0,-759.2145105982963,0.0,3079.98204352535,0.013633437537293337,8.494877106306099,1.0,1.0
9.0,-759.5100967836934,0.0,3079.9820729995,0.0007728638395495917,8.494838037039772,0.0,0.0
