iter,val,proj,gnorm,dnorm,xnorm,step,maxstep
1.0,15.000000000003638,0.0,3078.71608642304,6.0613088108097575,6.123724356957945,0.48158411958227443,1.0
2.0,-364.2137747345514,0.0,3078.3352795596807,3.1630257310675134,6.7550643363510074,0.5109283115599896,1.0
3.0,-565.5446068467918,0.0,3078.185861438239,1.599708371033037,7.541711472063527,0.5544455884363643,1.0
4.0,-670.4095620303451,0.0,3078.121728245058,0.7909722205352118,8.035264674303606,0.6891734938646309,1.0
5.0,-727.9418578287459,0.0,3078.1018784251764,0.34502913663426205,8.315135014464843,1.0,1.0
6.0,-753.7787163203775,0.0,3078.1101864910593,0.06040013001517118,8.435887621667913,1.0,1.0
7.0,-753.780878521553,0.0,3078.116832971752,0.002448732554827324,8.430352879817013,1.1161662270709949,19.893773229410396
8.0,-753.7808818679714,0.0,3078.1168320916076,1.746234320891482e-05,8.43029801533909,0.0,0.0
