iter,val,proj,gnorm,dnorm,xnorm,step,maxstep
1.0,14.999999999994543,0.0,3069.2909616079087,6.061104536303594,6.123724356957945,0.48454758873598675,1.0
2.0,-337.6370880135437,0.0,3068.6423276279897,3.183854862463871,6.75735345565767,0.516350748205532,1.0
3.0,-524.2375770909675,0.0,3068.404745663201,1.5766661289687227,7.53886196962671,0.5423516678005984,1.0
4.0,-617.157054694715,0.0,3068.229027508178,0.81023826526601,8.0060557262336,0.6348601661251847,1.0
5.0,-666.466793359954,0.0,3068.1880763815207,0.36989535026435355,8.265500354747669,0.7885368439995348,1.0
6.0,-688.7309529613085,0.0,3068.1351557547073,0.16558765657307709,8.377986175631733,1.0,1.0
7.0,-694.6945663874194,0.0,3068.14499557402,0.09241537775586359,8.403839167973988,1.0,1.0
8.0,-694.7008774384976,0.0,3068.1327431085533,0.004445935215780405,8.401666149904433,0.9999999197093845,1.0
9.0,-694.7012541613076,0.0,3068.1333579364855,5.171267026721704e-09,8.401677279596674,0.0,0.0
