iter,val,proj,gnorm,dnorm,xnorm,step,maxstep
1.0,15.0,0.0,3071.895124649928,6.06576227175942,6.123724356957945,0.5127749269183197,1.0
2.0,-385.0146877442494,0.0,3070.8487456360135,3.0373570732024984,6.837911947830525,0.5914576312236846,1.0
3.0,-602.3945262438992,0.0,3070.4298812676034,1.3296477724276738,7.711591491386864,0.647506507733638,1.0
4.0,-697.9966006817467,0.0,3070.215949613908,0.6162738443265345,8.178974003147507,0.7655807673564883,1.0
5.0,-737.5900757962372,0.0,3070.182603331796,0.27255589671060443,8.373769600508005,0.620241704010149,1.0
6.0,-745.1093305463419,0.0,3070.1556652929225,0.13558958230421536,8.406019446727601,1.0,1.0
7.0,-749.7113709283276,0.0,3070.1599703652532,0.01523894070347877,8.425020098572876,1.0,1.0
8.0,-749.7114946791444,0.0,3070.16219447168,0.0006253994611247132,8.424074547842302,0.0,0.0
