iter,val,proj,gnorm,dnorm,xnorm,step,maxstep
1.0,14.999999999996362,0.0,3084.3971504311826,6.030573163354494,6.123724356957945,0.5136767141354723,1.0
2.0,-373.4108112463855,0.0,3083.494159482401,3.000018639295702,6.806538905012365,0.5732587770305902,1.0
3.0,-577.016685106204,0.0,3083.1526066144024,1.3439561829842406,7.652354774654549,0.6578402105105945,1.0
4.0,-674.9762462269136,0.0,3082.9774510690745,0.5654481940586096,8.12669514044142,0.9074347953476968,1.0
5.0,-720.8643271843448,0.0,3082.9000464351743,0.14599584679513433,8.349754848610573,1.0,1.0
6.0,-725.5367162535586,0.0,3082.892503856095,0.011156752040519706,8.362464431308105,1.0005232126057686,3.4161895558244786
7.0,-725.5367785226772,0.0,3082.8924504471233,5.089675514565833e-05,8.361353372046903,0.0,0.0
