iter,val,proj,gnorm,dnorm,xnorm,step,maxstep
1.0,15.0,0.0,3064.9269038448538,6.090846619761045,6.123724356957945,0.5064099305522617,1.0
2.0,-377.75668448330543,0.0,3064.4968136698044,3.0261327354486656,6.837931992323676,0.5735823363577007,1.0
3.0,-589.797826253578,0.0,3064.2925722485224,1.42090815559892,7.681994771788664,0.6993886001684474,1.0
4.0,-698.1966112097998,0.0,3064.213306750518,0.5766542722639739,8.186785078815971,1.0,1.0
5.0,-744.4594801128478,0.0,3064.1887297908443,0.17293169611917356,8.409451283992148,1.0,1.0
6.0,-744.4848402727348,0.0,3064.193502990005,0.009787641476238954,8.397462401598744,0.9999999999999999,1.417080611954443
7.0,-744.4848881717007,0.0,3064.192657747547,4.336808689942018e-19,8.39805023192343,0.0,0.0
