iter,val,proj,gnorm,dnorm,xnorm,step,maxstep
1.0,15.000000000005457,0.0,3045.648904285916,6.0429819086131715,6.123724356957945,0.41428671971362185,1.0
2.0,-323.5875432802404,0.0,3044.9618413453427,3.56356576580655,6.579818417434797,0.45166884572443167,1.0
3.0,-532.362952340718,0.0,3044.538482067622,2.0235139680914647,7.278658412172078,0.5031026974679252,1.0
4.0,-657.2273354167191,0.0,3044.275257746029,1.1054529883468998,7.807181470754387,0.612468391729066,1.0
5.0,-731.8607873430337,0.0,3044.120412851265,0.5306993466884751,8.150743061512395,0.894217823904924,1.0
6.0,-773.8180548769215,0.0,3044.0438735048615,0.18017210794986846,8.350563342984726,1.0,1.0
7.0,-778.7782181359235,0.0,3044.044236112391,0.014971819886309318,8.367061659331178,0.9999994907403413,2.689035928354007
8.0,-778.7783302135649,0.0,3044.0456490945403,1.4604931364723157e-07,8.366366794793482,0.0,0.0
