iter,val,proj,gnorm,dnorm,xnorm,step,maxstep
1.0,14.999999999996362,0.0,3071.8632834027617,6.031959898923585,6.123724356957945,0.5069467514757102,1.0
2.0,-408.8588978907592,0.0,3071.148210265371,3.0077339163482537,6.792833784981306,0.5348288270038553,1.0
3.0,-622.30987500234,0.0,3070.8716697248497,1.4453199774550995,7.591614998353035,0.5791532819877468,1.0
4.0,-728.0684620730517,0.0,3070.733336661862,0.6790553966339433,8.064694685757807,0.7018047160188123,1.0
5.0,-781.5799408934745,0.0,3070.664226602139,0.25882753334354214,8.314673316090982,0.8957002101438709,1.0
6.0,-801.8706408801118,0.0,3070.6418516944805,0.056071963129479284,8.405499776252714,1.0,1.0
7.0,-804.2304054771121,0.0,3070.6410193134716,0.004041726400496447,8.412005505275225,0.9999817039385082,26.813955866680757
8.0,-804.2304136447219,0.0,3070.6412275113894,3.1780183605055616e-07,8.411500700370116,0.0,0.0
