iter,val,proj,gnorm,dnorm,xnorm,step,maxstep
1.0,15.0,0.0,3064.696580348534,6.070638477904261,6.123724356957945,0.44680189811599563,1.0
2.0,-364.8511840811152,0.0,3064.6234412312438,3.39833248409348,6.6721259972033815,0.4890099839747458,1.0
3.0,-587.3615025604231,0.0,3064.558523443961,1.7667466341486406,7.458277056042883,0.508956534799716,1.0
4.0,-703.4467790537492,0.0,3064.5165975246127,0.8918686072823556,7.978787705271745,0.5379560185813357,1.0
5.0,-763.0877938886406,0.0,3064.4947210175465,0.4337350227874879,8.26829319230042,0.5884216458243314,1.0
6.0,-793.0741413507149,0.0,3064.4815794907618,0.19758776913498416,8.415975311151232,0.6728018423231531,1.0
7.0,-807.149657336613,0.0,3064.473802881114,0.07936404588597079,8.483891045641458,0.8239759231049639,1.0
8.0,-812.7832677671722,0.0,3064.4701634393555,0.022536334202630365,8.509000173141624,1.0,1.0
9.0,-813.9861711419326,0.0,3064.4691291476624,0.002275243914515915,8.513218704381822,1.0,19.72925050489751
10.0,-813.9861737303163,0.0,3064.469074173245,0.0,8.512963846486421,0.0,0.0
