iter,val,proj,gnorm,dnorm,xnorm,step,maxstep
1.0,15.000000000001819,0.0,3069.9922880121376,6.037609223555599,6.123724356957945,0.49777098158253064,1.0
2.0,-393.63612692079187,0.0,3069.217855812037,3.046683097907816,6.775224921753828,0.5144303463364935,1.0
3.0,-598.7206916905507,0.0,3068.830566004815,1.5422253581488574,7.544811629056565,0.5706803695728087,1.0
4.0,-707.3150829226543,0.0,3068.6034548086645,0.7538310776841073,8.03388027860071,0.7298958971509549,1.0
5.0,-766.4362714644631,0.0,3068.4955480993563,0.30642253649185597,8.311331530533078,1.0,1.0
6.0,-788.2340643047191,0.0,3068.4710642411555,0.05439289769212731,8.40555853714182,1.0,1.0
7.0,-788.2356131004344,0.0,3068.4732805598087,2.05822044821691e-12,8.40033911130509,0.0,0.0
