iter,val,proj,gnorm,dnorm,xnorm,step,maxstep
1.0,120.0,0.0,82.87723773151225,26.057962748666476,34.64101615137755,0.5054146763316795,1.0
2.0,-210.3883531992808,0.0,74.58056105091528,8.8930722438401,36.01777502236129,0.5722446167829716,1.0
3.0,-274.176919787525,0.0,73.00892506133633,4.1645405595995975,36.12395293636766,1.0,1.0
4.0,-305.6679661882107,0.0,72.43903482302166,3.4148919119303196,34.142411786706205,1.0,1.0
5.0,-316.59591754610165,0.0,72.43983539607808,3.235831467373612,31.60075415548201,1.0,1.0
6.0,-326.6955151992112,0.0,72.44300548937136,2.8750409599802955,29.174452269840533,1.0,1.0
7.0,-335.0689678029827,0.0,72.45163557434708,2.6582107038248,27.362382486343616,1.0,1.0
8.0,-341.9267130834792,0.0,72.46354095755113,2.3657974575504563,25.981881299122218,1.0,1.0
9.0,-347.37979858925445,0.0,72.4721361888432,2.0452419108648763,25.099054268712962,1.0,1.0
10.0,-351.48607042058563,0.0,72.48010664325523,1.6312139329334308,24.600532193265447,1.0,1.0
11.0,-353.99720943000136,0.0,72.4894891561866,1.0153542615978566,24.38160833050429,1.0,1.0
12.0,-354.84064217720703,0.0,72.4995959632325,0.16843537932453423,24.33707718159214,1.0,1.0
13.0,-354.8671445559313,0.0,72.50154633047224,0.00021552292805846756,24.336994862378422,0.0,0.0
