iter,val,proj,gnorm,dnorm,xnorm,step,maxstep
1.0,120.00000000000023,0.0,80.44290559150384,25.404999759649712,34.64101615137755,0.505900922403184,1.0
2.0,-186.4613768220213,0.0,72.52582064112198,8.441718881165446,35.84387417045768,0.5835874508808793,1.0
3.0,-245.38491255234703,0.0,71.04939562353029,4.119428622931873,35.74470987346557,1.0,1.0
4.0,-273.8017424853298,0.0,70.55181519700268,3.4596416311023024,33.70428695685368,1.0,1.0
5.0,-284.8144798218233,0.0,70.55222811087938,3.2699007361347556,31.090010967622373,1.0,1.0
6.0,-295.08610995165157,0.0,70.55393212498203,2.9297096454616764,28.638239264194222,1.0,1.0
7.0,-303.82586279723137,0.0,70.56069668184891,2.7284791464465767,26.760947833919616,1.0,1.0
8.0,-311.0465338306647,0.0,70.57378515363303,2.4497644908046534,25.27649285220762,1.0,1.0
9.0,-316.9263011498875,0.0,70.58182514483018,2.1391498412441035,24.325059937800365,1.0,1.0
10.0,-321.38958236382825,0.0,70.59077471507491,1.7297724844294464,23.766097187219938,1.0,1.0
11.0,-324.252474131285,0.0,70.60090749253835,1.0940959440423403,23.51218195018851,1.0,1.0
12.0,-325.24366725510157,0.0,70.61404793259922,0.1828237923225346,23.448371693232193,1.0,1.0
13.0,-325.27497650855264,0.0,70.61667876643497,0.00016707425007301096,23.446879673292013,0.0,0.0
