iter,val,proj,gnorm,dnorm,xnorm,step,maxstep
1.0,120.0,0.0,82.55398604553143,25.32235474881644,34.64101615137755,0.5060449878764077,1.0
2.0,-182.9755749559722,0.0,74.95789521852723,8.151826926513339,35.81028818459337,0.592915289432638,1.0
3.0,-242.77154416577457,0.0,73.51389645184395,4.027200056359372,35.58386320583712,1.0,1.0
4.0,-272.98195706059323,0.0,72.98897781125402,3.423051333063612,33.34776802555986,1.0,1.0
5.0,-283.99384860568864,0.0,72.98860953078214,3.3125899317289575,30.831064403394404,1.0,1.0
6.0,-294.40362336979433,0.0,72.99247328848602,2.963583047947523,28.26508846504719,1.0,1.0
7.0,-303.400376518451,0.0,72.99645978040641,2.7810759720585705,26.36745874740697,1.0,1.0
8.0,-310.918074423186,0.0,73.00955095989686,2.468114610882447,24.803219907624293,1.0,1.0
9.0,-316.8633251554315,0.0,73.01859215011432,2.09976390381449,23.7956000509582,1.0,1.0
10.0,-321.1270297325468,0.0,73.02936832336022,1.6880028553664144,23.22731416065245,1.0,1.0
11.0,-323.89602105866345,0.0,73.03775748254668,1.0894492254930281,22.983960879568816,1.0,1.0
12.0,-324.90082109878847,0.0,73.05070316416388,0.2024794402795556,22.919913870139393,0.9999673450850399,1.0
13.0,-324.93785739514374,0.0,73.05359675492576,0.0007562744032720321,22.917417655766275,0.0,0.0
