iter,val,proj,gnorm,dnorm,xnorm,step,maxstep
1.0,120.00000000000023,0.0,81.83178928756966,25.494856538677972,34.64101615137755,0.5061608833596045,1.0
2.0,-188.24743392463347,0.0,74.02769502712052,8.308828894654498,35.843678760059404,0.5871198191026734,1.0
3.0,-248.86951354101802,0.0,72.53952441679505,4.049187863103332,35.68185693745371,1.0,1.0
4.0,-279.3227647087567,0.0,71.99956147751462,3.4285369813459243,33.52623536200583,1.0,1.0
5.0,-290.33806414716855,0.0,71.99978044471672,3.2803746865411343,30.956233003139918,1.0,1.0
6.0,-300.686026104054,0.0,72.0020985092834,2.9562049037758733,28.459275631777075,1.0,1.0
7.0,-309.5760391899678,0.0,72.00830403424082,2.73431146502934,26.553459354583975,1.0,1.0
8.0,-316.8723867661883,0.0,72.02070442008011,2.427497613356198,25.037910326048408,1.0,1.0
9.0,-322.6189310301464,0.0,72.03005108664833,2.1220269970464085,24.074833618627967,1.0,1.0
10.0,-327.0673708022929,0.0,72.03804736646883,1.711733372362709,23.522645063998294,1.0,1.0
11.0,-329.80305813791705,0.0,72.04951459729511,1.0776034903512417,23.264415459991742,1.0,1.0
12.0,-330.8160416528216,0.0,72.06111060326495,0.1988290047375071,23.20071431956041,0.9999994565968281,1.0
13.0,-330.85232070261503,0.0,72.06397102015801,3.3079331298188786e-05,23.199946762055145,0.0,0.0
