iter,val,proj,gnorm,dnorm,xnorm,step,maxstep
1.0,120.0,0.0,83.99325184803122,25.62878962992851,34.64101615137755,0.5057361928030679,1.0
2.0,-206.5253132317,0.0,75.91342733992646,8.592322558577582,35.86722711391288,0.5805266041648407,1.0
3.0,-274.8923529721244,0.0,74.24884034474053,4.2106401661185755,35.81834375921324,1.0,1.0
4.0,-308.8670615170703,0.0,73.61964525643029,3.4089348235289396,33.95601717358701,1.0,1.0
5.0,-319.6854814698153,0.0,73.61822495425835,3.2462592469745877,31.417036651759723,1.0,1.0
6.0,-329.84764448612293,0.0,73.62283004796926,2.9300027057302733,29.03957177085807,1.0,1.0
7.0,-338.55684416273846,0.0,73.62714131374123,2.718818435117821,27.19908814762189,1.0,1.0
8.0,-345.7582712664833,0.0,73.64167171596651,2.411561740252456,25.75701367904406,1.0,1.0
9.0,-351.4254814677319,0.0,73.64748789070194,2.035856917963479,24.831355219583287,1.0,1.0
10.0,-355.4176700826546,0.0,73.66044727883057,1.578689955968807,24.306432522362222,1.0,1.0
11.0,-357.72268200818667,0.0,73.66659154061269,0.9781280850906419,24.10117563016122,1.0,1.0
12.0,-358.489387646033,0.0,73.67808642383979,0.17153253702459853,24.057255354538942,0.9863411531743311,1.0
13.0,-358.52021770758705,0.0,73.67902142388529,0.005775665649291947,24.05956074562563,1.0,1.0
14.0,-358.52045805763873,0.0,73.67911594644005,8.000660626867161e-05,24.05923613361031,0.0,0.0
