iter,val,proj,gnorm,dnorm,xnorm,step,maxstep
1.0,120.0,0.0,83.6561289805224,25.280286186086517,34.64101615137755,0.5061205095077672,1.0
2.0,-202.49673007316574,0.0,75.66182337517846,8.587635811879368,35.8163091497538,0.579532000669506,1.0
3.0,-270.53741613749844,0.0,74.00137570642678,4.197900100681104,35.78082171444911,1.0,1.0
4.0,-304.467995870653,0.0,73.37062759877374,3.4325386312637023,33.90282530996108,1.0,1.0
5.0,-315.3308396135353,0.0,73.37076480264354,3.23815425068234,31.324589152543066,1.0,1.0
6.0,-325.51325831162023,0.0,73.37110786596972,2.9367890248263606,28.962600194571575,1.0,1.0
7.0,-334.2600449815501,0.0,73.37796250732525,2.7272580566153204,27.099746815888107,1.0,1.0
8.0,-341.5262866192005,0.0,73.3892196414764,2.419458644295022,25.64186659723732,1.0,1.0
9.0,-347.2509037781193,0.0,73.39807881739577,2.085446437327775,24.7069902098053,1.0,1.0
10.0,-351.54368334058046,0.0,73.40570373719483,1.6832932852089864,24.18368419806549,1.0,1.0
11.0,-354.2437022159107,0.0,73.41519578712455,1.074617977215952,23.949217952682943,1.0,1.0
12.0,-355.2205473625872,0.0,73.42584749021,0.20429073907628742,23.899109638212988,0.999999761476403,1.0
13.0,-355.2520370155108,0.0,73.42871073647699,1.0083381025398539e-05,23.898847696701157,0.0,0.0
