iter,val,proj,gnorm,dnorm,xnorm,step,maxstep
1.0,100.00000000000001,0.0,36.179792066856876,6.531162938258925,7.0710678118654755,1.0,1.0
2.0,-7.460812054347834,0.0,33.674180815730956,2.5318256036606823,5.380706493534582,0.9999999999999999,1.0
3.0,-11.486121272727274,0.0,34.32052335637592,3.4275607450141766e-16,3.9347122801130867,0.0,0.0
