iter,val,proj,gnorm,dnorm,xnorm,step,maxstep
1.0,100.0,0.0,37.880967331914846,6.435067676411802,7.0710678118654755,1.0,1.0
2.0,-9.208790727832088,0.0,35.067508357080186,2.8300810166925454,5.8160206327006785,0.9999999999999991,1.0
3.0,-14.067186108436758,0.0,35.82254526684801,1.4515839746132654e-14,4.151437687710155,0.0,0.0
