iter,val,proj,gnorm,dnorm,xnorm,step,maxstep
1.0,100.00000000000003,0.0,35.121670603782505,6.477147801651931,7.0710678118654755,1.0,1.0
2.0,-5.933462933333338,0.0,32.906653579828166,2.031361482521678,4.8673354882887985,0.9999999999999998,1.0
3.0,-9.331233945945954,0.0,33.46155033403797,1.9740032719060074e-15,3.5608801371783567,0.0,0.0
