iter,val,proj,gnorm,dnorm,xnorm,step,maxstep
1.0,100.0,0.0,40.79667084459221,6.484263823544916,7.0710678118654755,1.0,1.0
2.0,-10.96893866666668,0.0,37.92036300813412,2.631296996226945,6.138431721539305,1.0,1.0
3.0,-15.66463488235296,0.0,38.5787039791111,2.589462819655575e-15,4.717565336683992,0.0,0.0
