iter,val,proj,gnorm,dnorm,xnorm,step,maxstep
1.0,99.99999999999999,0.0,36.854496821980895,6.399744968385644,7.0710678118654755,1.0,1.0
2.0,-6.937984958284915,0.0,34.263460337886904,2.7481721022395265,5.4850757893664825,0.9999999959122806,1.0
3.0,-12.199106271707944,0.0,35.052496505285056,5.08641470425821e-08,3.6590474328534865,0.0,0.0
