iter,val,proj,gnorm,dnorm,xnorm,step,maxstep
1.0,100.0,0.0,37.41467973939908,6.448970542949455,7.0710678118654755,1.0,1.0
2.0,-9.9921686170213,0.0,34.781260544433245,2.2886064534039905,5.396999540721973,1.0,1.0
3.0,-13.717969378378385,0.0,35.344913995603136,0.0,4.109142982916761,0.0,0.0
