iter,val,proj,gnorm,dnorm,xnorm,step,maxstep
1.0,4.9999999999990905,0.0,3951.187745945262,1.5774552744395465,1.5811388300841898,0.4465974333361644,1.0
2.0,-113.6747939141892,0.0,3951.0804708212,0.8755028060977293,1.7218960320670997,0.46049162636565705,1.0
3.0,-180.90566482188387,0.0,3951.024945894557,0.48154814485767544,1.9135876541437242,0.4945073051336088,1.0
4.0,-219.7016975116294,0.0,3950.996926286775,0.2508688218167209,2.0505557134666126,0.5282908579840774,1.0
5.0,-240.6066405546503,0.0,3950.985102846155,0.12528330736230503,2.1313753050310043,0.5797793161939573,1.0
6.0,-251.41628214592583,0.0,3950.9818561463394,0.05915589814472581,2.174836966237358,0.6728332807064094,1.0
7.0,-256.6846906539672,0.0,3950.9823145772425,0.02359273658374688,2.196310489599665,0.804564581203877,1.0
8.0,-258.74521413447883,0.0,3950.9835578981824,0.00620244743038391,2.2046800975912393,0.9354772863305388,1.0
9.0,-259.2133791954225,0.0,3950.9840735357216,0.0008689856473196911,2.2064862615467824,0.0,0.0
