iter,val,proj,gnorm,dnorm,xnorm,step,maxstep
1.0,4.9999999999990905,0.0,3948.685890069252,1.5770311770327607,1.5811388300841898,0.4623459802448523,1.0
2.0,-127.53162025971051,0.0,3948.527914618279,0.8530609621169204,1.7344994393052886,0.47864530758087337,1.0
3.0,-200.81285829783064,0.0,3948.443983215629,0.44868390629379756,1.9344292912407515,0.4983691528764306,1.0
4.0,-240.45027316680807,0.0,3948.397070549865,0.23417586981649133,2.066290694468304,0.5416578117929809,1.0
5.0,-262.0202117590934,0.0,3948.371245817994,0.11784946569226405,2.143029443837883,0.6210357900171606,1.0
6.0,-273.34429369093505,0.0,3948.3575980752867,0.053123431628692284,2.184421579999861,0.7458441896876414,1.0
7.0,-278.4955259229305,0.0,3948.3512693183106,0.016381584134204055,2.2034078580723047,0.8532791168633103,1.0
8.0,-279.9929533551658,0.0,3948.34913733964,0.003525650883585433,2.2088624821648857,0.9755289840672821,1.0
9.0,-280.24411329484064,0.0,3948.348682629345,0.00031408648726400084,2.2097314569465776,0.0,0.0
