iter,val,proj,gnorm,dnorm,xnorm,step,maxstep
1.0,4.9999999999990905,0.0,3950.5749744719437,1.577488351779499,1.58113883008419,0.47041913676239955,1.0
2.0,-123.81677024326109,0.0,3950.343936424079,0.8379066786897723,1.736288200229933,0.4790130424566523,1.0
3.0,-192.80140069181607,0.0,3950.2217813822836,0.43930233255857415,1.9338950812001794,0.4885906986503616,1.0
4.0,-229.32476101229577,0.0,3950.1586294527006,0.22895528486618114,2.061691497193436,0.5103872095938871,1.0
5.0,-248.79860026065307,0.0,3950.1260440461024,0.11779739517236804,2.1348513171273327,0.5543318715255766,1.0
6.0,-259.14371284910794,0.0,3950.1091535543787,0.057532653260345186,2.174822869737089,0.6230182758354488,1.0
7.0,-264.3227343990129,0.0,3950.1009518765204,0.02453868926124663,2.195080597788849,0.7061997614004432,1.0
8.0,-266.5352065523184,0.0,3950.0975693782193,0.00860001766622053,2.2037743581136873,0.805539486844317,1.0
9.0,-267.2765787456801,0.0,3950.096487377432,0.0022435472939500776,2.2066799222344025,0.9213792190761682,1.0
10.0,-267.4414705507984,0.0,3950.0962664600042,0.00032294917709206795,2.2073175305767956,0.0,0.0
