iter,val,proj,gnorm,dnorm,xnorm,step,maxstep
1.0,5.0,0.0,3960.1512730298573,1.579060691254984,1.58113883008419,0.4964713825621559,1.0
2.0,-133.03321844476204,0.0,3959.8633832341025,0.7999582981584813,1.758027565802438,0.5109538261680521,1.0
3.0,-204.08668462944524,0.0,3959.7176840453394,0.390841082843238,1.968518665035218,0.5118553827928427,1.0
4.0,-238.77726634843293,0.0,3959.6472221979543,0.19113242516141385,2.0926444906458013,0.514153187872518,1.0
5.0,-255.7588057548137,0.0,3959.6131007741037,0.09326828571955062,2.1574568084461236,0.5191078163643438,1.0
6.0,-264.08190167264956,0.0,3959.5966766223632,0.045333055309773114,2.1900605828011654,0.5301142164144795,1.0
7.0,-268.16764081536303,0.0,3959.5888448325436,0.02178206296544626,2.2062410310747134,0.5472658483790087,1.0
8.0,-270.1492000048629,0.0,3959.585163974782,0.01021198095278084,2.2141215034114263,0.5710889731937395,1.0
9.0,-271.08528345173227,0.0,3959.583484763308,0.004599807648549341,2.2178477936479717,0.6021920802435425,1.0
10.0,-271.508627432504,0.0,3959.582755067732,0.0019528943128542535,2.2195316307353488,0.6411805469248194,1.0
11.0,-271.68793681812804,0.0,3959.5824603233596,0.000762392688092979,2.2202434202669257,0.0,0.0
