iter,val,proj,gnorm,dnorm,xnorm,step,maxstep
1.0,4.999999999999545,0.0,3954.311338029417,1.5766221276302501,1.58113883008419,0.4748783111623978,1.0
2.0,-126.91040550015487,0.0,3954.0612469092675,0.827533223270587,1.7396544428795635,0.4780836246751357,1.0
3.0,-196.1722149742077,0.0,3953.9307897127023,0.43470606164023357,1.9366397657891838,0.48484743446540346,1.0
4.0,-232.70096323371217,0.0,3953.8625844252374,0.2270157208013562,2.0634696446936545,0.49535271186881036,1.0
5.0,-251.89013141607438,0.0,3953.8271174431648,0.11701429613237155,2.1353391913544284,0.5098440609130565,1.0
6.0,-261.8472380174221,0.0,3953.80892130555,0.05815750436138225,2.1739560166957155,0.5187799943505178,1.0
7.0,-266.8107226728275,0.0,3953.799884056408,0.02844313132615378,2.193541002237579,0.5287077046530255,1.0
8.0,-269.24432265201904,0.0,3953.795466680402,0.013675504679002028,2.2032213573209485,0.5405884247388643,1.0
9.0,-270.4168812322928,0.0,3953.7933452824905,0.00643511578197282,2.207902136075857,0.5545100560619001,1.0
10.0,-270.9694061604587,0.0,3953.792349143709,0.002948826007832201,2.2101105417615448,0.5705651064490556,1.0
11.0,-271.22266962079675,0.0,3953.791894240497,0.0013085146116765323,2.211122866541169,0.5888459375279939,1.0
12.0,-271.33491288006826,0.0,3953.7916934397144,0.0005586721975544596,2.2115712435844976,0.0,0.0
