iter,val,proj,gnorm,dnorm,xnorm,step,maxstep
1.0,5.0,0.0,3949.4785506557696,1.57698663067679,1.58113883008419,0.4424233044805674,1.0
2.0,-117.88276021054526,0.0,3949.3177388520626,0.8815965468250179,1.7196670663276268,0.4506678153419316,1.0
3.0,-187.19180913551054,0.0,3949.232399424348,0.48881867430653814,1.9110935174656856,0.4654680620911942,1.0
4.0,-226.36291703622965,0.0,3949.1872043984313,0.2658240145620815,2.0459329273960307,0.487162595708499,1.0
5.0,-248.22965966533866,0.0,3949.162361617451,0.14191910968512378,2.1274136511009565,0.5242672390830961,1.0
6.0,-260.28365107513036,0.0,3949.14870488921,0.07249821738297618,2.173942139404461,0.5793555254415705,1.0
7.0,-266.61664737325464,0.0,3949.141496200647,0.032995631785977565,2.198812444794652,0.6350829250475543,1.0
8.0,-269.5358414271409,0.0,3949.137974576295,0.013590782819754166,2.210287749827069,0.7113605987890725,1.0
9.0,-270.7288601413502,0.0,3949.136432765214,0.00470627753792431,2.214938199542025,0.8081482092098834,1.0
10.0,-271.12003758525134,0.0,3949.1358796033546,0.0012031670835518087,2.2164344523862476,0.9167191649951278,1.0
11.0,-271.2051657793586,0.0,3949.135741514665,0.00017336684157507256,2.21674770094976,0.0,0.0
