iter,val,proj,gnorm,dnorm,xnorm,step,maxstep
1.0,4.9999999999990905,0.0,3959.018778663471,1.5784247685588313,1.5811388300841898,0.45560745874884817,1.0
2.0,-121.55825826305863,0.0,3958.744981889309,0.8596468970941422,1.729546881027413,0.4592431706374072,1.0
3.0,-190.52544430715488,0.0,3958.597054727281,0.46647596012743986,1.9222764907243255,0.46661493066689463,1.0
4.0,-228.27539859450098,0.0,3958.5181950534316,0.25246772728166167,2.0521445587578384,0.48239387228944236,1.0
5.0,-249.04888426066918,0.0,3958.476552779481,0.13429840494644724,2.129326634382962,0.5043320417516217,1.0
6.0,-260.2778105240309,0.0,3958.454941546165,0.06960342309287826,2.172563453957267,0.5359392366494959,1.0
7.0,-266.18888592869644,0.0,3958.444086048246,0.034451310119147455,2.195738653643528,0.5786581831313731,1.0
8.0,-269.1496867194628,0.0,3958.4389461679493,0.015857874113296082,2.207455303347713,0.6340238920460475,1.0
9.0,-270.5163333920623,0.0,3958.436737359985,0.0065374472488108695,2.2128862923563775,0.7031220428381657,1.0
10.0,-271.0709588481777,0.0,3958.4359248166875,0.0022810307763970485,2.2150919478738476,0.7853443302735548,1.0
11.0,-271.25486323024643,0.0,3958.4356934162274,0.0006148803649293522,2.2158216804969633,0.0,0.0
