iter,val,proj,gnorm,dnorm,xnorm,step,maxstep
1.0,5.0,0.0,3958.107628780703,1.5751519856121123,1.58113883008419,0.4538294530246446,1.0
2.0,-119.55373880350089,0.0,3957.932464104793,0.8653868719021223,1.7265770716065691,0.46467857603536245,1.0
3.0,-188.7236201410692,0.0,3957.83835208573,0.46815293526040364,1.9194868196005082,0.4786125437584905,1.0
4.0,-226.71545555855982,0.0,3957.7866980152153,0.248671058795173,2.050909484637003,0.5044544023626732,1.0
5.0,-247.55005908683188,0.0,3957.7574273025916,0.12932319357142533,2.1285548638536103,0.5556723870244014,1.0
6.0,-258.9102675556246,0.0,3957.7405244583256,0.06495108869416041,2.1719788090719474,0.6695533682794367,1.0
7.0,-264.9889252938251,0.0,3957.73016688088,0.0280116168536271,2.195184396320457,0.8591916320783987,1.0
8.0,-267.56576163561704,0.0,3957.7248748637285,0.00767243604904822,2.2048389678167535,1.0,1.0
9.0,-267.9880133487236,0.0,3957.7235631525364,0.0006951096808732225,2.20627743297927,0.0,0.0
