iter,val,proj,gnorm,dnorm,xnorm,step,maxstep
1.0,4.999999999999545,0.0,3948.7757284702816,1.5775664803741234,1.5811388300841898,0.45441301612063834,1.0
2.0,-121.12024595971343,0.0,3948.6196352597676,0.8641154565488364,1.723131940880968,0.4711242164300031,1.0
3.0,-191.97083391648175,0.0,3948.536135697436,0.46314556522842054,1.917068713031507,0.49629302838302264,1.0
4.0,-231.29569553851252,0.0,3948.49175030503,0.24330147193881924,2.0499889575576806,0.5391359565746106,1.0
5.0,-252.77065757112086,0.0,3948.468970245552,0.12294006323887845,2.1286137533662575,0.6180285945229047,1.0
6.0,-264.10388366528286,0.0,3948.4577148437425,0.055799469341853696,2.17150758112702,0.7426198379062343,1.0
7.0,-269.30267149656083,0.0,3948.4530391722137,0.01741904298161543,2.1915182386806973,0.8524149015884765,1.0
8.0,-270.83815047952385,0.0,3948.451654807549,0.003495958773331069,2.197443324087443,0.9571893381144364,1.0
9.0,-271.0925947272881,0.0,3948.4514245459864,0.0003490958397438469,2.198402586275015,0.0,0.0
