iter,val,proj,gnorm,dnorm,xnorm,step,maxstep
1.0,4.9999999999990905,0.0,3953.0067187878644,1.5786962975822805,1.5811388300841898,0.4552248724261261,1.0
2.0,-126.31027043035783,0.0,3952.733800401822,0.8612410633077585,1.7308138427632953,0.4574582604139919,1.0
3.0,-197.7166038194432,0.0,3952.58538298003,0.46745940838966116,1.9243480387815635,0.4585444003104307,1.0
4.0,-236.40727220216831,0.0,3952.5044776263326,0.2531158096152421,2.0536224838059884,0.45921653788828953,1.0
5.0,-257.34540192470376,0.0,3952.46032579121,0.13702225494785772,2.1293501065988356,0.4605936561182345,1.0
6.0,-268.69006536599954,0.0,3952.436152717386,0.07411465769779067,2.1718032863686987,0.46287196708384504,1.0
7.0,-274.83611229299004,0.0,3952.4229179207573,0.0399922770891653,2.195163179773324,0.46607712394238576,1.0
8.0,-278.15912945229957,0.0,3952.4156875573476,0.021491063937489077,2.2078804414100732,0.47022857965638715,1.0
9.0,-279.9488600755817,0.0,3952.4117530103877,0.011480844391364393,2.214746499682467,0.4753499990316537,1.0
10.0,-280.9072459087347,0.0,3952.409624212068,0.006085743866140094,2.218423440698345,0.48146920645728913,1.0
11.0,-281.41651046551124,0.0,3952.4084811784646,0.003194652833030776,2.220374821561355,0.48861806621233844,1.0
12.0,-281.68449360501154,0.0,3952.4078733205806,0.0016572826110677222,2.2213995892046627,0.496832271599313,1.0
13.0,-281.82383720481675,0.0,3952.4075538430657,0.0008477357831566719,2.221931108790046,0.0,0.0
