iter,val,proj,gnorm,dnorm,step,maxstep
1.0,7490.156566866259,0.0,4344.699030391699,17.21604023877224,1.0,1.0
2.0,-44.674551269431504,0.0,4343.8987141892885,2.093052180991225,0.9573918413351026,1.0
3.0,-47.24625289013352,0.0,4344.071089053809,0.17987921994394687,1.0,1.0
4.0,-47.28045449488536,0.0,4344.083635075098,0.007917518924819768,1.0,35.3978119746271
5.0,-47.28048583844907,0.0,4344.083849806933,0.0,0.0,0.0
