iter,val,proj,gnorm,dnorm,step,maxstep
1.0,7490.156566866244,0.0,4355.325257298307,17.245005597994805,1.0,1.0
2.0,-54.32773127317205,0.0,4354.466656974611,1.7906836742724332,0.9999999999999999,1.0
3.0,-56.03846792691547,0.0,4354.693519981738,2.6766507790745728e-16,0.0,0.0
