iter,val,proj,gnorm,dnorm,step,maxstep
1.0,7490.156566866259,0.0,4352.186136518585,17.222673974221113,1.0,1.0
2.0,-59.94268742797885,0.0,4352.037460816292,1.9545649385604973,1.0,1.0
3.0,-62.26113124289668,0.0,4352.17766102741,8.24020622067608e-06,0.0,0.0
