iter,val,proj,gnorm,dnorm,step,maxstep
1.0,7490.156566866266,0.0,4346.198811185766,17.218800669618965,1.0,1.0
2.0,-61.95173659380225,0.0,4345.806408117029,1.7234142531912846,0.9527901801332695,1.0
3.0,-64.08764315258713,0.0,4346.036534405908,0.08136207644908071,0.9527901801334514,1.0
4.0,-64.11852489485454,0.0,4346.047452298004,0.0038410889731397536,0.9527901801336929,1.0
5.0,-64.11982690512787,0.0,4346.0479678493375,0.0001813371185143316,0.0,0.0
