iter,val,proj,gnorm,dnorm,step,maxstep
1.0,7490.156566866266,0.0,4353.724833587507,17.22798551144979,1.0,1.0
2.0,-45.16224914052236,0.0,4352.706731955901,1.9761963779191802,0.9652797180560142,1.0
3.0,-47.63931306459608,0.0,4352.936481382328,0.13357253559562068,1.0,1.0
4.0,-47.66753478467626,0.0,4352.946052159382,0.004745397852252878,1.0,73.01117054704797
5.0,-47.667546044071514,0.0,4352.946095925929,0.0,0.0,0.0
