iter,val,proj,gnorm,dnorm,step,maxstep
1.0,7490.156566866259,0.0,4352.554365208614,17.247079885110654,1.0,1.0
2.0,-61.51306667367089,0.0,4352.110294832225,1.8019065710486017,0.9999447889307364,1.0
3.0,-63.46810458522987,0.0,4352.304413052035,0.0002718583054634685,0.0,0.0
