iter,val,proj,gnorm,dnorm,step,maxstep
1.0,7490.1565668662515,0.0,4355.500380570821,17.234702876372054,1.0,1.0
2.0,-67.80893202974676,0.0,4354.859176686729,1.7103180932665631,0.9716385138377983,1.0
3.0,-70.17680033504121,0.0,4355.063326290532,0.10789479267604107,1.0,1.0
4.0,-70.20858244849614,0.0,4355.069790476725,0.002937041756175132,0.9999999999998264,21.013113224740454
5.0,-70.20858676159332,0.0,4355.069804454182,1.4162879101788807e-14,0.0,0.0
