iter,val,proj,gnorm,dnorm,step,maxstep
1.0,7490.156566866259,0.0,4345.401764057332,17.19671905173888,1.0,1.0
2.0,-53.76866037829541,0.0,4344.679090224798,2.2381916637020094,0.967989323050989,1.0
3.0,-57.029252789076736,0.0,4344.882123430435,0.1165132286654409,1.0,1.0
4.0,-57.06084954754215,0.0,4344.894075916042,0.003679007702281606,0.9999912654730269,40.35325992837303
5.0,-57.06085631502992,0.0,4344.894245262144,5.582600098014825e-07,0.0,0.0
