iter,val,proj,gnorm,dnorm,step,maxstep
1.0,7490.156566866259,0.0,4362.580875516071,17.2618508449276,1.0,1.0
2.0,-57.401850261851905,0.0,4362.038528647172,1.744341277459628,0.9999999999650264,1.0
3.0,-59.69316455060061,0.0,4362.169663941853,4.706364976338932e-10,0.0,0.0
