iter,val,proj,gnorm,dnorm,step,maxstep
1.0,12483.594278110431,0.0,4010.4617502349884,15.811388300841896,1.0,1.0
2.0,0.0,0.0,4010.4617502349884,0.0,0.0,0.0
