iter,val,proj,gnorm,dnorm,step,maxstep
1.0,12483.594278110435,0.0,4026.5107707316374,15.811388300841896,1.0,1.0
2.0,0.0,0.0,4026.5107707316374,0.0,0.0,0.0
