iter,val,proj,gnorm,dnorm,step,maxstep
1.0,12483.594278110439,0.0,4017.7377323274704,15.811388300841896,1.0,1.0
2.0,0.0,0.0,4017.7377323274704,0.0,0.0,0.0
