iter,val,proj,gnorm,dnorm,xnorm,step,maxstep
1.0,19.99999999999818,0.0,2493.9497308582627,9.869960027148032,10.0,0.4881017205336573,1.0
2.0,-474.68501956375076,0.0,2493.2165706126657,5.0622150510867545,11.068741282453946,0.5006446916956974,1.0
3.0,-715.7519950158785,0.0,2492.8998028610763,2.5428224670134543,12.332896022308114,0.5157709068087933,1.0
4.0,-834.8569761998424,0.0,2492.73254468936,1.2862214667430478,13.093538972088982,0.5643319472056352,1.0
5.0,-896.6661926444085,0.0,2492.6408036545085,0.6581390241158125,13.51044902214777,0.7710287999152446,1.0
6.0,-933.0780565129226,0.0,2492.5804532046013,0.3440931673965828,13.752838057626597,1.0,1.0
7.0,-943.8958978674273,0.0,2492.550581720922,0.20210901756967914,13.80891092640176,1.0,1.0
8.0,-943.9330502569137,0.0,2492.546239029942,0.06998573805913597,13.801849732768577,0.9999999999990712,1.094821939933142
9.0,-943.9354992586977,0.0,2492.548778988874,6.20922785478795e-13,13.79928160416522,0.0,0.0
