iter,val,proj,gnorm,dnorm,xnorm,step,maxstep
1.0,20.0,0.0,2492.671761133423,9.821888794931452,10.0,0.5282691443702986,1.0
2.0,-529.743417024174,0.0,2492.1177108145876,4.655825603403152,11.220512716925516,0.5514508451459496,1.0
3.0,-782.3347904921375,0.0,2491.892063956127,2.1174185279888147,12.531499297571884,0.5847952238291705,1.0
4.0,-898.4229042875468,0.0,2491.786492936574,0.9866777376358954,13.227202437959342,0.7349275896418437,1.0
5.0,-958.0651512235927,0.0,2491.731980927148,0.4529355944254074,13.579804263446997,1.0,1.0
6.0,-979.495738970807,0.0,2491.7041339779635,0.25098675915115576,13.677297904091857,1.0668815847380837,1.0668815847380837
7.0,-979.5498410061009,0.0,2491.701769714205,0.1340390730209243,13.657856493591852,1.0,1.0
8.0,-979.5625155370271,0.0,2491.7016615679527,3.2824102778687505e-06,13.658085388204677,0.0,0.0
