iter,val,proj,gnorm,dnorm,xnorm,step,maxstep
1.0,19.99999999999818,0.0,2511.679238423569,9.804046288974957,10.0,0.5283829464554234,1.0
2.0,-519.0101820027885,0.0,2511.0137431577073,4.552392171977493,11.203983702506525,0.5427333050916544,1.0
3.0,-762.3178669997269,0.0,2510.732160740366,2.1427258599508927,12.434851525251423,0.5853342975520952,1.0
4.0,-878.32144645476,0.0,2510.6041747127433,1.03504279756005,13.118119407070115,0.8051202523840703,1.0
5.0,-943.4565004763117,0.0,2510.5342069975254,0.5534718056155798,13.49055375981006,1.0,1.0
6.0,-959.2993819820658,0.0,2510.519320226783,0.3994796956601248,13.527638663439495,1.0,1.0
7.0,-959.4498137303835,0.0,2510.5255619802115,0.2190461961433531,13.500258816245784,1.0,1.0
8.0,-959.4844539114965,0.0,2510.5286483404143,0.0002796008197951502,13.495357947129277,0.0,0.0
