iter,val,proj,gnorm,dnorm,xnorm,step,maxstep
1.0,19.99999999999818,0.0,2499.8432595664876,9.777183548591953,10.0,0.45080848778868027,1.0
2.0,-491.728950904022,0.0,2498.8336089709906,5.400437387041681,10.874477603585031,0.5191078855321332,1.0
3.0,-795.4150621839144,0.0,2498.2298997571997,2.743844471165843,12.112847397702017,0.6090973867534241,1.0
4.0,-960.7268034059562,0.0,2497.914332865067,1.2664675648627182,12.923283096394234,0.8497578742544929,1.0
5.0,-1049.25862446286,0.0,2497.7643710546936,0.6270048146257438,13.341637229568452,1.0,1.0
6.0,-1065.0778547977952,0.0,2497.7318284729417,0.4423502788910117,13.345514902878163,1.0,1.0
7.0,-1065.2433997718108,0.0,2497.7232556453873,0.2218634957023021,13.301779945634769,1.0,1.0
8.0,-1065.2898212758828,0.0,2497.7285802637675,0.05366836678091191,13.296688179116588,0.9998001616727145,1.0
9.0,-1065.2926760628725,0.0,2497.7249719146416,0.00029137330150898454,13.296246296062952,0.0,0.0
