iter,val,proj,gnorm,dnorm,xnorm,step,maxstep
1.0,400.0,0.0,67.02467139795912,32.66928439182833,141.4213562373095,0.5037767282773241,1.64968347770566
2.0,131.1640470074026,0.0,58.59239361034736,2.8390890678458964,140.95334409322115,44.603342879570555,44.603342879570555
3.0,-108.14142582932618,0.0,62.475443197783406,15.061123695906568,14.86784917846311,0.7174211470327776,1.0
4.0,-212.50975563255918,0.0,58.822367391618585,3.9480828308269347,22.284469845819768,1.0,1.0
5.0,-222.43426392849983,0.0,58.622027849880666,2.284629898481291,22.937637221833942,1.0,1.0
6.0,-226.5041195862635,0.0,58.63338255780002,2.043806320766788,21.98617803501322,1.0,1.0
7.0,-229.17408226405067,0.0,58.649299372253644,0.8310720141609204,21.514474841457492,1.0,1.0
8.0,-230.12754001531425,0.0,58.646790110955735,0.4710047291389344,21.47643942443637,1.0,1.0
9.0,-230.28805326634023,0.0,58.65554965294427,4.280177140810395e-05,21.46104408395938,0.0,0.0
