iter,val,proj,gnorm,dnorm,xnorm,step,maxstep
1.0,10.0,0.0,1782.6670504645558,6.927769097383853,7.0710678118654755,0.5008831867724055,1.0
2.0,-260.02278292765277,0.0,1782.5022141939999,3.3920197234819764,7.829854820077121,0.5109600086079734,1.0
3.0,-388.48090882290217,0.0,1782.4349996957174,1.6873265836416114,8.653407060399918,0.5507775804019821,1.0
4.0,-453.93022122061575,0.0,1782.4023082641538,0.8577345026311269,9.132278553515382,0.704183270462119,1.0
5.0,-490.8940386041395,0.0,1782.3843655829808,0.43142315218322613,9.396841127078075,1.0,1.0
6.0,-506.34790528059057,0.0,1782.3770417718824,0.2597300012534095,9.477555047771004,1.0,1.0
7.0,-506.4120234398315,0.0,1782.3772185736223,0.14677172344713568,9.456625733532682,1.0,1.0
8.0,-506.4236309632006,0.0,1782.3789543519788,0.0041186354073630745,9.452343099670372,1.0,17.843780184795207
9.0,-506.4236394447853,0.0,1782.3790330311156,0.0,9.452247377690641,0.0,0.0
