iter,val,proj,gnorm,dnorm,xnorm,step,maxstep
1.0,9.99999999999909,0.0,1773.1592132761232,6.875822962508901,7.0710678118654755,0.4745963824996798,1.0
2.0,-247.56362434302355,0.0,1772.7630617369248,3.5415315725372203,7.727942765779362,0.481364868824078,1.0
3.0,-375.8319935402387,0.0,1772.5698010620254,1.8747813321085582,8.511903576386505,0.5073800256465287,1.0
4.0,-443.4683964132046,0.0,1772.4711725048649,1.0083880539229404,9.014400221815732,0.6138768814169943,1.0
5.0,-483.0082706318053,0.0,1772.4139307069993,0.5664512834835617,9.314112495083055,1.0,1.0
6.0,-507.68304661062666,0.0,1772.3790848115207,0.34865918074976093,9.476065525201799,1.0,1.0
7.0,-507.7971552202989,0.0,1772.3814925825284,0.18646478878489786,9.437873512186997,1.0,1.0
8.0,-507.8211007541704,0.0,1772.383167748582,0.02660576918538885,9.430840751197287,0.9999712537888734,2.8570575604200954
9.0,-507.8214546774516,0.0,1772.3831404301043,1.5244957966801129e-05,9.430463591439976,0.0,0.0
