iter,val,proj,gnorm,dnorm,xnorm,step,maxstep
1.0,9.99999999999909,0.0,1768.885112163591,6.974733104212662,7.0710678118654755,0.4615822719376227,1.0
2.0,-231.2263922330476,0.0,1767.897952641348,3.786869506135831,7.7491522345427795,0.5300014397341494,1.0
3.0,-370.17857794644533,0.0,1767.5645270269706,1.8625987006546623,8.67948917332895,0.5957087173376392,1.0
4.0,-440.742794227187,0.0,1767.4788142596922,0.8387629530479481,9.257726914699253,0.7381470293930966,1.0
5.0,-475.39151289343863,0.0,1767.44319816632,0.41218274012894546,9.553808001374298,1.0,1.0
6.0,-487.6482027826278,0.0,1767.4405180074507,0.30768879689344375,9.636487827838753,1.0,1.0
7.0,-487.7414604900787,0.0,1767.4475667127574,0.18175120445740006,9.617308236012963,1.0,1.0
8.0,-487.7793252549345,0.0,1767.4519319378976,0.037468632274908695,9.610951093247447,1.0000000000000002,1.3123246395645156
9.0,-487.780027204145,0.0,1767.450732987968,4.9065389333867974e-18,9.60989486561532,0.0,0.0
