iter,val,proj,gnorm,dnorm,xnorm,step,maxstep
1.0,9.99999999999909,0.0,1783.350855753853,6.929566624255805,7.0710678118654755,0.5149395457443762,1.0
2.0,-244.88644825827396,0.0,1783.2525370185242,3.3543782505720454,7.88783123868333,0.5193607156786251,1.0
3.0,-360.6261005659735,0.0,1783.2144638928667,1.6286025633317458,8.77621049896318,0.5553926401905012,1.0
4.0,-417.92240303065137,0.0,1783.1861815143805,0.8138575637933115,9.286526400099216,0.7015592191224506,1.0
5.0,-449.52887096852555,0.0,1783.1570274685705,0.40169207503703835,9.566489998028672,1.0,1.0
6.0,-462.9082888118937,0.0,1783.1423157257984,0.2361972222115398,9.659082703179713,1.0,1.0
7.0,-462.95900094712215,0.0,1783.1399595219605,0.12080697084758049,9.637606080137303,1.0,1.0
8.0,-462.97043590901376,0.0,1783.1426387870838,0.022344389576305072,9.636449293951824,1.0,1.0854598858501179
9.0,-462.9706855448885,0.0,1783.1429624440318,0.0,9.636640041822378,0.0,0.0
