iter,val,proj,gnorm,dnorm,xnorm,step,maxstep
1.0,10.0,0.0,1773.5704294777809,6.991583797681322,7.0710678118654755,0.45811435136766254,1.0
2.0,-252.1843965498838,0.0,1773.0022471146403,3.8070874133228436,7.744933006238639,0.4720798833530936,1.0
3.0,-389.0624512536406,0.0,1772.749403258566,2.0023093575475603,8.612725630733294,0.48108070861814345,1.0
4.0,-459.90765659408225,0.0,1772.6195410065857,1.064726604875754,9.164358134424209,0.5232815545813525,1.0
5.0,-499.08171486187985,0.0,1772.5411242713515,0.5711215064268235,9.481900121314858,0.6559211941175087,1.0
6.0,-522.2381621383238,0.0,1772.488414129064,0.2890649359105402,9.664970208377987,1.0,1.0
7.0,-534.3267981437602,0.0,1772.4569052676031,0.1288908525324361,9.751434356984074,1.0,1.0
8.0,-534.3432968260722,0.0,1772.4574556005634,0.05419495617433648,9.745930496919875,1.0,2.5673740955231765
9.0,-534.3447653727071,0.0,1772.4592325664096,0.0,9.74727339981316,0.0,0.0
