iter,val,proj,gnorm,dnorm,xnorm,step,maxstep
1.0,10.0,0.0,1778.5780504346724,6.944793982152778,7.0710678118654755,0.5185719576712685,1.0
2.0,-261.6220466607183,0.0,1778.1607806599438,3.3225045382298717,7.90151188178403,0.5289822659883969,1.0
3.0,-386.0154434467968,0.0,1777.981096288176,1.5907721942903996,8.788931597509908,0.5556679501323555,1.0
4.0,-445.4572262326801,0.0,1777.8970451669054,0.7735471776840604,9.292027273352566,0.687019378501328,1.0
5.0,-477.574096111106,0.0,1777.851712854396,0.39715398063383944,9.559055149501045,1.0,1.0
6.0,-492.1381132370352,0.0,1777.8310551239276,0.25363782668561463,9.654017007715856,1.0,1.0
7.0,-492.20364615531616,0.0,1777.8338398751953,0.15767163863195846,9.634052020969863,1.0,1.0
8.0,-492.2303501195556,0.0,1777.8352496700568,0.0065227849017088215,9.631459360205705,0.9999878437675623,1.0
9.0,-492.23056498771166,0.0,1777.8352153212422,5.371065905319945e-07,9.631457198899648,0.0,0.0
