iter,val,proj,gnorm,dnorm,xnorm,step,maxstep
1.0,9.99999999999909,0.0,1777.4228831023863,6.824500921205111,7.0710678118654755,0.5284515577920698,1.0
2.0,-262.81244554559817,0.0,1777.1355815033924,3.195139705969088,7.87990488633731,0.5383517886585416,1.0
3.0,-385.26490064272366,0.0,1777.006399608765,1.5272788842818672,8.727204827572557,0.577322638092564,1.0
4.0,-443.91549955429946,0.0,1776.9446847742256,0.7622293853557743,9.211966520830961,0.8048963017286257,1.0
5.0,-477.94014348066594,0.0,1776.9090277110904,0.4348828060877482,9.496526615877574,1.0,1.0
6.0,-486.2543110429724,0.0,1776.9002163412679,0.36664945274251304,9.535409199936705,1.0,1.0
7.0,-486.3823341299794,0.0,1776.900111966467,0.19589644959802752,9.514759475000087,1.0,1.0
8.0,-486.4267856232518,0.0,1776.9000630969592,0.028552978706152685,9.511273587869683,0.992199945809477,1.0
9.0,-486.42739149428417,0.0,1776.9000315943151,0.0002222716987419965,9.511121700450902,0.0,0.0
