iter,val,proj,gnorm,dnorm,xnorm,step,maxstep
1.0,10.00000000000091,0.0,1768.850781738245,6.966143761077575,7.0710678118654755,0.4600508038871611,1.0
2.0,-252.3031089512233,0.0,1768.3402728534004,3.723721599867706,7.7365540849795025,0.49954154638167053,1.0
3.0,-396.31606527180975,0.0,1768.0955628880963,1.9800298702519443,8.59272605765933,0.5634053304727196,1.0
4.0,-474.76656415779144,0.0,1767.9079204424468,0.9348403016076622,9.173838281194856,0.6623345935898564,1.0
5.0,-514.2360180261603,0.0,1767.8104607597415,0.45478795466694216,9.486354862130481,1.0,1.0
6.0,-534.2113176074736,0.0,1767.7570435417754,0.2646107853675551,9.629005672050681,1.0,1.0
7.0,-534.2761761042775,0.0,1767.7583980501058,0.1617316076485954,9.608437426948678,1.0,1.0
8.0,-534.3032965965485,0.0,1767.7714646887666,0.02711944766452507,9.604976432296668,1.0000046503175262,5.1154514274606
9.0,-534.3036643304831,0.0,1767.7756291377711,4.3673741121310593e-07,9.604245639470522,0.0,0.0
