iter,val,proj,gnorm,dnorm,xnorm,step,maxstep
1.0,9.999999999998181,0.0,1760.9860958718555,6.87230710469028,7.0710678118654755,0.5019601048968382,1.0
2.0,-276.5469123067742,0.0,1760.7063493206947,3.3949402478715305,7.811424047859703,0.5413116605721936,1.0
3.0,-421.2699090285796,0.0,1760.651637285388,1.6126298168321174,8.647958608056955,0.6010789956667499,1.0
4.0,-492.7232639270069,0.0,1760.61426687153,0.7881336031993944,9.12320202392627,0.8977457131425057,1.0
5.0,-534.6872266162327,0.0,1760.5895883251478,0.41857086433096113,9.393538106841545,1.0,1.0
6.0,-539.5741880735886,0.0,1760.5815898109934,0.2616234595639232,9.372665901497797,1.0,1.0
7.0,-539.6325766052914,0.0,1760.5799212911784,0.11904013068416926,9.3518578078761,1.0045814989154003,1.209244257569107
8.0,-539.6396943428545,0.0,1760.5800777405875,0.003100347744218623,9.349420058279996,1.1432692478487971,89.91684262259548
9.0,-539.6396998374985,0.0,1760.5800741920216,0.00019817426622775966,9.34922818360021,0.0,0.0
