iter,val,proj,gnorm,dnorm,step,maxstep
1.0,124.11349014535085,0.0,82.87809220048364,15.059703540767869,0.5387383463780016,1.0
2.0,-92.72715556199319,0.0,77.72814797704774,7.165435560788718,0.9264168205055611,1.0
3.0,-203.22510685758766,0.0,75.49131658509529,4.478601869115292,1.0,1.0
4.0,-224.86356788766818,0.0,75.5134172379765,0.8720918731165187,0.9999878861537084,1.0
5.0,-225.4715261771662,0.0,75.56912752010396,0.00019850141523772405,0.0,0.0
