iter,val,proj,gnorm,dnorm,step,maxstep
1.0,124.1134901453512,0.0,80.86382589756106,14.932239733414235,0.5418674080503552,1.0
2.0,-92.60727670931448,0.0,75.59448250732635,7.133624383662386,0.9559863748358921,1.0
3.0,-206.337694909165,0.0,73.24322128224968,4.467025038836048,1.0,1.0
4.0,-225.4706446931507,0.0,73.32103131401409,0.7807685625457658,0.9999939321214115,1.0
5.0,-225.99187828282732,0.0,73.3622200411846,0.00012130238582626307,0.0,0.0
