iter,val,proj,gnorm,dnorm,step,maxstep
1.0,124.11349014535074,0.0,84.64901578159942,15.26188725653637,0.5342403152097712,1.0
2.0,-113.11334275823907,0.0,79.07038817748604,7.271402950824569,0.8454740220721197,1.0
3.0,-228.54988469409665,0.0,76.63667268491473,4.252149417538155,1.0,1.0
4.0,-258.00242590098645,0.0,76.42260633319974,1.0525176948709498,0.9997394779051693,1.0
5.0,-258.91619770366566,0.0,76.49994840011294,0.014960515090591276,0.932892139214438,1.0
6.0,-258.91638970305945,0.0,76.49970449740813,0.0018934806729380786,1.0,1.0
7.0,-258.9163979240423,0.0,76.49973222000584,0.0002901359811002541,0.0,0.0
