iter,val,proj,gnorm,dnorm,step,maxstep
1.0,124.11349014535074,0.0,85.82405384735951,15.15688467439625,0.5371889269806598,1.0
2.0,-108.86319141761862,0.0,80.4567893833082,7.2532706876692625,0.8894474412341472,1.0
3.0,-227.07204364203295,0.0,78.05275478122398,4.328446893450763,1.0,1.0
4.0,-252.4048947083621,0.0,77.9589162320756,0.9606093564284133,0.9999879033384645,1.0
5.0,-253.18497775946008,0.0,78.0257858413195,0.0008152880715898897,0.0,0.0
