iter,val,proj,gnorm,dnorm,step,maxstep
1.0,124.11349014535085,0.0,85.53504921840559,15.364365497454447,0.5311181366587991,1.0
2.0,-117.86986719084143,0.0,79.89309652603629,7.285613367204533,0.8202786854793775,1.0
3.0,-233.68725584465835,0.0,77.44752191179855,4.318457265482409,1.0,1.0
4.0,-266.90410781817616,0.0,77.15844195690302,1.1747701850562486,0.9998643137847003,1.0
5.0,-268.0018330905451,0.0,77.24345253104377,0.013029420109554843,0.9111806936383274,1.0
6.0,-268.00196105704083,0.0,77.24346880325605,0.0001805807708382588,0.0,0.0
