iter,val,proj,gnorm,dnorm,step,maxstep
1.0,124.11349014535108,0.0,81.89769174275956,15.009605345317246,0.540073606630111,1.0
2.0,-96.66015783666853,0.0,76.58427042807236,7.202859245280302,0.9188684633931845,1.0
3.0,-208.92754708067133,0.0,74.25219903168069,4.394499549500785,1.0,1.0
4.0,-231.12534035977546,0.0,74.24475822361389,0.8746567417487213,1.0,1.0
5.0,-231.76682551809608,0.0,74.30096744520063,4.099407673400031e-05,0.0,0.0
