iter,val,proj,gnorm,dnorm,step,maxstep
1.0,124.11349014535097,0.0,83.32467284540196,15.11817886592666,0.5367278765720126,1.0
2.0,-108.41063807535136,0.0,77.79251009772642,7.200316694479384,0.8965889840146551,1.0
3.0,-227.7058487751923,0.0,75.28588153229764,4.377188241081705,1.0,1.0
4.0,-252.6978424338672,0.0,75.2066313631709,0.9189614949727646,0.999892416166024,1.0
5.0,-253.40552244354566,0.0,75.26915312388098,0.001769429518900467,0.9687344230174804,1.0
6.0,-253.40555371534248,0.0,75.26913795529745,1.623278053331952e-05,0.0,0.0
