iter,val,proj,gnorm,dnorm,step,maxstep
1.0,124.11349014535097,0.0,80.57343119659028,14.814846648056466,0.5439844274449585,1.0
2.0,-84.16871019754683,0.0,75.51716102306504,7.114968583150271,0.9857032616889361,1.0
3.0,-194.5881720843608,0.0,73.2922224134841,4.564160657639627,1.0,1.0
4.0,-211.6876367357426,0.0,73.44139541343,0.6776794494263307,0.9999211566516315,1.0
5.0,-212.10844737934715,0.0,73.47215279775472,0.0004859408847789985,0.0,0.0
