iter,val,proj,gnorm,dnorm,step,maxstep
1.0,124.11349014535108,0.0,83.30335416292351,15.141276029174763,0.5365454441953728,1.0
2.0,-96.84023941745903,0.0,78.07048764044364,7.222855635119167,0.8951922989097169,1.0
3.0,-206.9063240520718,0.0,75.81594632338164,4.415387791126505,1.0,1.0
4.0,-231.02426409115319,0.0,75.76534814496227,0.913737542418336,0.9999958384080971,1.0
5.0,-231.73163394057323,0.0,75.83043146167805,0.0003633152101903011,0.0,0.0
