iter,val,proj,gnorm,dnorm,step,maxstep
1.0,124.11349014535097,0.0,87.66912586992223,15.263008373750205,0.5336450978072305,1.0
2.0,-121.93804697269775,0.0,82.08555604605876,7.253220211474108,0.8484135823837142,1.0
3.0,-244.66693393101036,0.0,79.57015074220277,4.216885916576458,1.0,1.0
4.0,-274.8003117810623,0.0,79.33381016412217,1.0651469728460186,1.0,1.0
5.0,-275.72448899101346,0.0,79.40118060618231,0.0007046978460117468,0.0,0.0
