iter,val,proj,gnorm,dnorm,step,maxstep
1.0,124.11349014535108,0.0,83.3492631688683,14.95850403430827,0.5399018523768886,1.0
2.0,-100.94557955065136,0.0,78.03772965127504,7.162625238116639,0.9422266529571767,1.0
3.0,-220.39326592882384,0.0,75.59772288287776,4.4407842709754,1.0,1.0
4.0,-240.8300223854023,0.0,75.62987917261854,0.7771737837029304,0.9995675944048612,1.0
5.0,-241.35934853165466,0.0,75.67422287673409,0.008038007724604798,0.8822262570420077,1.0
6.0,-241.35946382305227,0.0,75.67417742928548,0.001175954355217235,1.0,1.0
7.0,-241.35947618977383,0.0,75.67418328606018,0.00025285630553328165,0.0,0.0
