iter,val,proj,gnorm,dnorm,xnorm,step,maxstep
1.0,20.00000000000182,0.0,2500.208233819735,9.812399400758206,10.0,0.45464188472861855,1.0
2.0,-446.82091837332155,0.0,2499.3760550156876,5.287793498457005,10.89859728765252,0.49214743181888937,1.0
3.0,-703.053128317586,0.0,2498.9184295715963,2.8048720964128186,12.070450346823838,0.553140198960107,1.0
4.0,-843.5837017180056,0.0,2498.711651441701,1.3679905985347092,12.858810661661856,0.6754998809157035,1.0
5.0,-918.6106232682978,0.0,2498.5984247585397,0.706537551820517,13.291422910499579,1.0,1.0
6.0,-954.429556473624,0.0,2498.5504116799007,0.479559173318064,13.453659129261476,1.0,1.0
7.0,-954.6439094159123,0.0,2498.568696732515,0.3309887117766495,13.411699677770283,1.0,1.0
8.0,-954.7393592667504,0.0,2498.6027873543835,0.11104186286286379,13.40501813529337,1.0,1.0
9.0,-954.7554917605466,0.0,2498.613676084654,3.8819138942316405e-06,13.409505164402763,0.0,0.0
