iter,val,proj,gnorm,dnorm,xnorm,step,maxstep
1.0,19.999999999996362,0.0,2506.115951113196,9.840580350009853,10.0,0.5017757992570773,1.0
2.0,-542.6002098681474,0.0,2504.9526331517964,4.807151250395745,11.098819083868678,0.5344085401932951,1.0
3.0,-822.4540109345289,0.0,2504.4242333304883,2.318204730938756,12.305499059360526,0.5875994133326858,1.0
4.0,-961.1825397134417,0.0,2504.177606825164,1.1345408159481425,13.000641556648656,0.8456387591620267,1.0
5.0,-1042.281304103797,0.0,2504.0490505439284,0.5719906477282058,13.385603994437412,1.0,1.0
6.0,-1057.191502013744,0.0,2504.037242107161,0.34745548134973275,13.380901214790395,1.0,1.0
7.0,-1057.3036016555325,0.0,2504.037074221052,0.18058974412257692,13.352805958161625,1.0,1.0
8.0,-1057.3322623376043,0.0,2504.023841942895,0.0,13.350585953502884,0.0,0.0
