iter,val,proj,gnorm,dnorm,xnorm,step,maxstep
1.0,19.99999999999818,0.0,2500.665671191973,9.804386489463917,10.0,0.4940230577672124,1.0
2.0,-508.63570797183274,0.0,2500.1233678492217,4.9860658802507904,11.057810241137823,0.5286970565657787,1.0
3.0,-776.0876917246787,0.0,2499.8365022237876,2.4127459346402644,12.330580866994952,0.5755074332159058,1.0
4.0,-908.4608819166515,0.0,2499.657324558418,1.1386010484156082,13.075674001606881,0.7258456108791577,1.0
5.0,-978.1024729785586,0.0,2499.56566862201,0.5584043818085916,13.46402153750119,1.0,1.0
6.0,-1004.3159790487207,0.0,2499.5312702121837,0.3404025950396422,13.567331827277759,1.0,1.0
7.0,-1004.4238986128057,0.0,2499.5319457085902,0.19451638678360397,13.536677524187972,1.0,1.0
8.0,-1004.4564343139573,0.0,2499.5274813404108,0.032181982733236546,13.532496364378993,0.9999930954727357,3.1697885888545603
9.0,-1004.45695215042,0.0,2499.524816514773,3.5502918015595702e-06,13.532190997948225,0.0,0.0
