iter,val,proj,gnorm,dnorm,xnorm,step,maxstep
1.0,19.999999999994543,0.0,2512.927591315755,9.72593988721168,10.0,0.5065149218287297,1.0
2.0,-477.3086751043793,0.0,2512.2130003594452,4.872471208613753,11.081218698239356,0.5452839374917426,1.0
3.0,-723.1117251295891,0.0,2511.886368382462,2.2835167727586994,12.376643856453306,0.600492277811574,1.0
4.0,-841.6048656666862,0.0,2511.7162398019477,1.044235151081734,13.118201962844095,0.7851279768399639,1.0
5.0,-902.404016700988,0.0,2511.6414602589734,0.5327130711086262,13.497997112092003,1.0,1.0
6.0,-919.0777156207168,0.0,2511.6177514427377,0.40625230644388277,13.566621702294814,1.0,1.0
7.0,-919.247837531937,0.0,2511.6142274948934,0.22454911693869836,13.54395566264029,1.0,1.0
8.0,-919.2944305111832,0.0,2511.6179015623998,3.517945208086213e-08,13.537955205609025,0.0,0.0
