iter,val,proj,gnorm,dnorm,xnorm,step,maxstep
1.0,19.99999999999818,0.0,2491.468033129464,9.772063925292343,10.0,0.4691531742490254,1.0
2.0,-500.22645395375366,0.0,2490.6716084938375,5.246992273978854,10.95250474329006,0.5026482248641936,1.0
3.0,-777.1560844947126,0.0,2490.3789256131245,2.6338153136649094,12.194361074677282,0.5401160998548589,1.0
4.0,-919.6854159608283,0.0,2490.217974614813,1.3968401600722304,12.972833353776274,0.7483633086089716,1.0
5.0,-1008.92578381766,0.0,2490.1126622808906,0.6265622046411417,13.450185186523933,1.0,1.0
6.0,-1038.8135374923695,0.0,2490.098521844301,0.43885833070791214,13.569793650840749,1.0,1.0
7.0,-1038.9916698638208,0.0,2490.1018510912654,0.28117837769807436,13.53143347529903,1.0,1.0
8.0,-1039.0643512172355,0.0,2490.1181849540408,0.08691912367711604,13.524375877206252,0.997033611299556,2.01764597573324
9.0,-1039.068117478846,0.0,2490.105559571131,0.0027814322117623792,13.522865709990139,0.75863991328657,52.20152761604927
10.0,-1039.068120413418,0.0,2490.1053896622357,0.00022259379282127262,13.522872627562496,0.0,0.0
