iter,val,proj,gnorm,dnorm,xnorm,step,maxstep
1.0,19.999999999999943,0.0,47.36578207949912,8.381570502000207,10.0,0.5124418315959085,1.0
2.0,-46.1064636369517,0.0,44.528385174024145,3.5574148286682292,10.453567490421337,0.6122695245796239,1.0
3.0,-70.68819439722924,0.0,43.477077476337556,1.9182586218502964,10.718410911183902,1.0,1.0
4.0,-84.29875928877063,0.0,42.970332914364484,1.4813111660790734,10.304545012568125,1.0,1.0
5.0,-86.44243453227196,0.0,42.980131502239146,1.1431707906472746,9.499719569448555,1.0,1.0
6.0,-87.64756405192792,0.0,42.99098641913231,0.7162411493403621,9.176891812103712,1.0,1.0
7.0,-88.09706361869124,0.0,42.99939257424025,0.10992590531228906,9.108290043080968,0.999999653106043,1.0
8.0,-88.10731501587233,0.0,43.001079404943866,4.649006821884297e-06,9.107857163573119,0.0,0.0
