iter,val,proj,gnorm,dnorm,xnorm,step,maxstep
1.0,19.99999999999997,0.0,48.39401320413507,8.90131677792406,10.0,0.507398916654025,1.0
2.0,-56.91882202437964,0.0,45.133413194534825,3.8457582297517083,10.671117949672354,0.5771926736793287,1.0
3.0,-84.5880354723486,0.0,43.94473235433461,2.0017692435032655,11.147320731125593,1.0,1.0
4.0,-101.28430046752096,0.0,43.286264257747234,1.3390872103271838,11.049581133867843,1.0,1.0
5.0,-102.96539969899584,0.0,43.2976427734514,0.9586872910942986,10.368093088483398,1.0,1.0
6.0,-103.78980875820993,0.0,43.30615480428544,0.5408755311108426,10.139177396371373,1.0,1.0
7.0,-104.05864908472087,0.0,43.31098815326426,0.12666766877415114,10.105750576314438,0.9999813543232106,1.0
8.0,-104.07116398482066,0.0,43.31201779382389,7.434156538511215e-05,10.11066326344107,0.0,0.0
