iter,val,proj,gnorm,dnorm,xnorm,step,maxstep
1.0,20.0,0.0,50.61468820414682,8.685808799415286,10.0,0.509542388291526,1.0
2.0,-52.63859845693486,0.0,47.690291153921166,3.7778242354855527,10.578719348129741,0.5809130557014547,1.0
3.0,-78.62678063014437,0.0,46.639103830838515,1.9895441811693437,11.01885606856044,1.0,1.0
4.0,-93.94220575474165,0.0,46.07760020037272,1.3816180659394273,10.950817938579446,1.0,1.0
5.0,-95.77492471954471,0.0,46.08595098508684,1.0377228267567276,10.290878746881997,1.0,1.0
6.0,-96.76137043294847,0.0,46.094246887903125,0.6074936611244484,10.037031696476717,1.0,1.0
7.0,-97.06316705796445,0.0,46.101274320149436,0.10426776058102918,9.984284442019117,0.9999972522087961,1.0
8.0,-97.07179099351396,0.0,46.10225164301887,6.569192241109974e-06,9.986552938497537,0.0,0.0
