iter,val,proj,gnorm,dnorm,xnorm,step,maxstep
1.0,20.00000000000003,0.0,48.00028889498062,8.548807281939979,10.0,0.510411547499605,1.0
2.0,-46.480237241057694,0.0,45.18200922591947,3.669852445432288,10.527746843357072,0.5956338343981554,1.0
3.0,-70.09060856613277,0.0,44.18508681340024,1.9613940141802222,10.879605175759755,1.0,1.0
4.0,-83.46395766617303,0.0,43.69041446593421,1.4377356454910561,10.628938459728355,1.0,1.0
5.0,-85.41109477599147,0.0,43.701417877652354,1.0812243810785689,9.857899726812178,1.0,1.0
6.0,-86.51477924396008,0.0,43.709184185234854,0.6830932862006474,9.59458664816287,1.0,1.0
7.0,-86.92323921532889,0.0,43.71740208676682,0.1125430906320595,9.526552693324954,0.999999987654785,1.0
8.0,-86.93618478924972,0.0,43.718964800566134,7.154218341060696e-07,9.525080653846976,0.0,0.0
