iter,val,proj,gnorm,dnorm,xnorm,step,maxstep
1.0,20.0,0.0,47.292072781830996,8.893934577377252,10.0,0.5078732727354726,1.0
2.0,-47.3609603540782,0.0,44.380651109807566,3.7939340642026367,10.658381567362222,0.5818621718252126,1.0
3.0,-69.92460975519245,0.0,43.40789508379737,1.9775938926976524,11.099226146754505,1.0,1.0
4.0,-83.02926668837017,0.0,42.91443403998845,1.4166076942887291,10.873198762839058,1.0,1.0
5.0,-84.8907083583194,0.0,42.928776955840185,0.9689025063244452,10.033304958849454,1.0,1.0
6.0,-85.72153819860611,0.0,42.93947354328239,0.5768694159719983,9.778173750863981,1.0,1.0
7.0,-86.0220352461287,0.0,42.944915396282646,0.09931524040225109,9.732787742355383,0.999999999949944,1.0
8.0,-86.03267660368081,0.0,42.94605427295112,2.0825552961587776e-09,9.732250210966058,0.0,0.0
