iter,val,proj,gnorm,dnorm,xnorm,step,maxstep
1.0,20.0,0.0,46.95933968873072,8.586907287230582,10.0,0.5103383696696159,1.0
2.0,-42.84657397683256,0.0,44.242475999632795,3.6289492577597087,10.531209723392474,0.6010033278511915,1.0
3.0,-64.53963658004363,0.0,43.315888193942996,1.9484589086468573,10.849300890480276,1.0,1.0
4.0,-76.70080595580717,0.0,42.87405871745599,1.451221322045272,10.466369547230125,1.0,1.0
5.0,-78.71665066943439,0.0,42.88520127444294,1.0705176915160666,9.66411834522394,1.0,1.0
6.0,-79.77127992827076,0.0,42.89543749288172,0.6439455102904983,9.36971598638821,1.0,1.0
7.0,-80.15321700940054,0.0,42.902416433600614,0.13110857506972637,9.314482223256231,0.9999822179563181,1.0
8.0,-80.16712013740778,0.0,42.90424731695857,0.000128591894319694,9.316991758564534,0.0,0.0
