iter,val,proj,gnorm,dnorm,xnorm,step,maxstep
1.0,20.00000000000003,0.0,45.979816180596025,8.762124958756132,10.0,0.5087463793441757,1.0
2.0,-47.79715293171611,0.0,42.96346683493396,3.7900443313519014,10.611780115815753,0.5846704541271683,1.0
3.0,-70.95925427482186,0.0,41.93208079908031,1.9720554214701298,11.043743178560298,1.0,1.0
4.0,-84.3984479269578,0.0,41.40741227161476,1.3746371852612347,10.787100664803846,1.0,1.0
5.0,-86.19147740169716,0.0,41.42065728449358,0.9741519889395346,10.024628461556999,1.0,1.0
6.0,-87.04282689827534,0.0,41.43003353151532,0.5927343997387831,9.787894731979542,1.0,1.0
7.0,-87.35418253142848,0.0,41.434709634699765,0.08592613788719675,9.757077461449748,0.9999999997230228,1.0
8.0,-87.36184091032122,0.0,41.43523773639742,9.357730088142247e-10,9.760503181353235,0.0,0.0
