iter,val,proj,gnorm,dnorm,xnorm,step,maxstep
1.0,30.00000000000091,0.0,458.28284526438233,12.060239787574558,12.24744871391589,0.1636629568113574,1.0
2.0,-301.56066507053765,0.0,454.23529236551184,10.031355612735386,12.388055230297923,0.16332983760452863,1.0
3.0,-560.0870432631455,0.0,451.1391798787488,8.364010049465302,12.729198216421286,0.1633944183506686,1.0
4.0,-763.8623572635602,0.0,448.7453103288653,6.976974257385349,13.155790886729758,0.16399059846322128,1.0
5.0,-926.1690745420965,0.0,446.8709228244968,5.812457871357225,13.598118041045257,0.16584458832958268,1.0
6.0,-1057.2252542168803,0.0,445.36874037304995,4.85882425372145,14.018616942812182,0.1692040111435377,1.0
7.0,-1164.4088635584053,0.0,444.1440022305581,4.068831775267575,14.402503234627368,0.17375894032110728,1.0
8.0,-1252.7461215272838,0.0,443.13526226093126,3.3997071947772746,14.74519395508436,0.1794753910353941,1.0
9.0,-1325.901799755687,0.0,442.296749563746,2.8321788480512233,15.045543513221286,0.18761559030413288,1.0
10.0,-1387.038958866813,0.0,441.5867048925422,2.3561473145924365,15.304867982182676,0.19976839803760027,1.0
11.0,-1438.750882581718,0.0,440.9731898973188,1.9667945419103188,15.527993277038581,0.2294535587842239,1.0
12.0,-1485.380932993967,0.0,440.3729304160635,1.6519424633773783,15.728065040105827,0.2836849111522507,1.0
13.0,-1529.074363627937,0.0,439.753470313077,1.3518835247178522,15.913248607478527,0.3712297257349258,1.0
14.0,-1569.4249075010507,0.0,439.13421842412924,1.042072414377858,16.080753518580117,0.5546277311946911,1.0
15.0,-1606.8376479305107,0.0,438.538858262408,0.7428281913702777,16.22362946162251,1.0,1.0
16.0,-1636.6542150014118,0.0,438.11362364151245,0.4041546947370696,16.302118609431826,1.0,1.0
17.0,-1636.787438748745,0.0,438.14788338000716,0.1486717468110444,16.26382171703151,1.0,1.0
18.0,-1636.7991165269345,0.0,438.18093920341676,0.04730821770852787,16.269200707596568,0.808880634281737,1.0
19.0,-1636.8001206688662,0.0,438.1757049210436,0.016551729583730284,16.265374684185172,0.9578402106976834,1.0
20.0,-1636.8002768186357,0.0,438.17786090948215,0.007605425068672835,16.2660263055671,0.8609707608161399,1.0
21.0,-1636.8003028099768,0.0,438.1768483453165,0.003451029797316807,16.26543962795529,1.0,1.0
22.0,-1636.8003089766885,0.0,438.1771990579247,0.0018577320453113716,16.265611934027444,0.8811202720144203,101.42558380909873
23.0,-1636.8003104971367,0.0,438.17696417602895,0.0008945981515065789,16.2654694112983,0.0,0.0
