iter,val,proj,gnorm,dnorm,xnorm,step,maxstep
1.0,30.0,0.0,57.43466798026606,10.544554930825159,12.24744871391589,0.5097218847446661,1.0
2.0,-70.88299279093005,0.0,53.852452128665796,4.567229633587563,12.935125765040109,0.5889206941142293,1.0
3.0,-106.17690806264588,0.0,52.59918652904379,2.403810556187005,13.417663773970213,1.0,1.0
4.0,-126.63880477466185,0.0,51.96231831671131,1.7609253559976814,13.075244811863556,1.0,1.0
5.0,-129.51506855682916,0.0,51.97789106392236,1.2956400159380472,12.090733946895012,1.0,1.0
6.0,-131.10510999571017,0.0,51.9880734668808,0.81276717809212,11.765219549709915,1.0,1.0
7.0,-131.68976468251614,0.0,51.99618737309107,0.1285847852975986,11.70527214763977,0.9999579113219708,1.0
8.0,-131.7100919402689,0.0,51.99771034673255,0.000400336435712974,11.70694304597837,0.0,0.0
