iter,val,proj,gnorm,dnorm,xnorm,step,maxstep
1.0,30.0,0.0,59.28260729761639,10.716494377338835,12.24744871391589,0.5091500798455846,1.0
2.0,-75.35348871597392,0.0,55.65533196755267,4.625211369676166,12.981350664334261,0.5813938976781561,1.0
3.0,-112.13228051390752,0.0,54.38450720377827,2.424910439068809,13.515606688657865,1.0,1.0
4.0,-133.7130728282715,0.0,53.71831503760316,1.7263456965095938,13.344903853831367,1.0,1.0
5.0,-136.50098649884796,0.0,53.73233717543692,1.2380980886615212,12.421329191625777,1.0,1.0
6.0,-137.91982180960224,0.0,53.743292699098824,0.7370112606509712,12.112689445106673,1.0,1.0
7.0,-138.39993352648338,0.0,53.75145067380224,0.13397908012773538,12.04972220178428,0.9999999942545797,1.0
8.0,-138.41816234699144,0.0,53.75283942062454,4.848287384241337e-08,12.051106384258233,0.0,0.0
