iter,val,proj,gnorm,dnorm,xnorm,step,maxstep
1.0,30.0,0.0,61.90713312699434,10.768689803598411,12.24744871391589,0.5080406845286405,1.0
2.0,-78.64609645824606,0.0,58.320727250203014,4.6812993414367785,13.014982673008099,0.5791623777375497,1.0
3.0,-117.02775989275506,0.0,57.050392138358866,2.4447757604818023,13.583010483646579,1.0,1.0
4.0,-139.59109150938315,0.0,56.37630481933763,1.6782027805723785,13.504089686918558,1.0,1.0
5.0,-142.28817785194613,0.0,56.388076365369585,1.2407937950644867,12.658321338337135,1.0,1.0
6.0,-143.69524231404506,0.0,56.399672776903586,0.769174109431169,12.35349144064756,1.0,1.0
7.0,-144.2154918320809,0.0,56.40699516681227,0.1443971429069775,12.291075391443627,1.0,1.0
8.0,-144.23214877196398,0.0,56.40889038045638,4.3223769183506964e-05,12.288779721162756,0.0,0.0
