iter,val,proj,gnorm,dnorm,xnorm,step,maxstep
1.0,30.0,0.0,58.52465082341799,10.408416369335939,12.24744871391589,0.5108989468485831,1.0
2.0,-66.23909361001563,0.0,55.1838403551172,4.410671661976947,12.868535505061182,0.6054455345710269,1.0
3.0,-100.52740115115614,0.0,54.00585047658208,2.3770162256360257,13.232756487167226,1.0,1.0
4.0,-119.63559019116207,0.0,53.44214662931912,1.774415057387033,12.759829657727881,1.0,1.0
5.0,-122.66210314132465,0.0,53.45572002785942,1.3412837640104802,11.790925498775895,1.0,1.0
6.0,-124.32831250752724,0.0,53.46704027755556,0.8208963393550363,11.436685740622043,1.0,1.0
7.0,-124.92034580419137,0.0,53.476042970684254,0.14170245351821387,11.368360983253982,1.0,1.0
8.0,-124.94030824176748,0.0,53.4780782908692,0.0001040209720842175,11.36749535331006,0.0,0.0
