iter,val,proj,gnorm,dnorm,xnorm,step,maxstep
1.0,30.000000000000057,0.0,58.90920400075696,10.697331151753238,12.24744871391589,0.5092122148484228,1.0
2.0,-74.87360732777262,0.0,55.27731509397074,4.593123479505438,12.969678321926821,0.5862694592527041,1.0
3.0,-111.88398868008449,0.0,53.99245781217312,2.4022630237428833,13.473393662037124,1.0,1.0
4.0,-133.51788387944433,0.0,53.325034884728524,1.7361135790651112,13.199220355921646,1.0,1.0
5.0,-136.35869062047078,0.0,53.33927940515266,1.248844988459683,12.238961511468556,1.0,1.0
6.0,-137.80616730122404,0.0,53.35078441207893,0.7838479748410979,11.919065341356491,1.0,1.0
7.0,-138.36884673326077,0.0,53.35889249597534,0.12887114986339163,11.84725350066339,1.0,1.0
8.0,-138.38680732479713,0.0,53.36042381419511,0.0002154312508174063,11.846965601134448,0.0,0.0
