iter,val,proj,gnorm,dnorm,xnorm,step,maxstep
1.0,30.000000000000057,0.0,58.4487681991862,10.65420718330772,12.24744871391589,0.5096531380723859,1.0
2.0,-69.26470121162106,0.0,54.98983594743653,4.594425672220154,12.951141005887187,0.5848920758369989,1.0
3.0,-103.10308624979461,0.0,53.813944796380085,2.411205568407393,13.460988581798015,1.0,1.0
4.0,-122.45328241688361,0.0,53.22621732013,1.7616104834513067,13.254402833003528,1.0,1.0
5.0,-125.35074829728683,0.0,53.24052993669275,1.270571553209484,12.293835520922942,1.0,1.0
6.0,-126.82572912222179,0.0,53.252454485922755,0.7475559596343735,11.967429321174176,1.0,1.0
7.0,-127.2982864808624,0.0,53.26148622246091,0.12693402943434012,11.898619040692427,1.0,1.0
8.0,-127.31251411973174,0.0,53.26283142790327,6.5426368619879035e-06,11.899545197453577,0.0,0.0
