iter,val,proj,gnorm,dnorm,xnorm,step,maxstep
1.0,30.000000000000057,0.0,58.276898064353084,10.665475094693894,12.24744871391589,0.509418628669393,1.0
2.0,-72.55417706618351,0.0,54.68594946877975,4.5791245344277565,12.964902977363428,0.5869991710249927,1.0
3.0,-108.33675682571109,0.0,53.43264362888799,2.4128901062786303,13.457459017142295,1.0,1.0
4.0,-129.08195397794736,0.0,52.79154816804389,1.734238674319803,13.185083413992194,1.0,1.0
5.0,-131.8868464756561,0.0,52.80636846620142,1.2547126003633364,12.246372338847829,1.0,1.0
6.0,-133.37527903912203,0.0,52.81648061397421,0.7379602423835087,11.937741434350462,1.0,1.0
7.0,-133.80491336676278,0.0,52.82662110221179,0.11217972897331902,11.867173221319879,1.0,1.0
8.0,-133.81642000954974,0.0,52.82776691593878,8.947193042038722e-06,11.869025184126034,0.0,0.0
