iter,val,proj,gnorm,dnorm,xnorm,step,maxstep
1.0,29.999999999999943,0.0,58.248190856046335,10.763191752357653,12.24744871391589,0.5085724069602883,1.0
2.0,-75.53711605517307,0.0,54.54289933614623,4.697472489273835,13.014593390898554,0.5768227853759011,1.0
3.0,-111.84981017758022,0.0,53.26134704186193,2.4496737204983248,13.592175184006946,1.0,1.0
4.0,-133.1436478508645,0.0,52.58809390548605,1.6618681621628695,13.493563327625454,1.0,1.0
5.0,-135.72499824929974,0.0,52.60232253086852,1.2162090939393617,12.639766090864805,1.0,1.0
6.0,-137.1171869161438,0.0,52.61114977638663,0.7817437959763697,12.369962662626937,1.0,1.0
7.0,-137.6637027755882,0.0,52.619080785371295,0.11830395276849093,12.305932012611535,0.9999999999152731,1.0
8.0,-137.68222195130258,0.0,52.62042360634084,2.444383628428461e-09,12.30569688831347,0.0,0.0
