iter,val,proj,gnorm,dnorm,xnorm,step,maxstep
1.0,30.000000000000114,0.0,57.77245610152125,10.60739310702809,12.24744871391589,0.5098236584471643,1.0
2.0,-68.87096544491084,0.0,54.285269878462245,4.597738203874196,12.940199050874362,0.5844465017857143,1.0
3.0,-102.50464795677891,0.0,53.10192097890172,2.4209768688899276,13.451889916640114,1.0,1.0
4.0,-121.8386551163739,0.0,52.508226463353175,1.7527682331743055,13.22315361219755,1.0,1.0
5.0,-124.71558565496588,0.0,52.52189050886252,1.2636668549003136,12.292987935865115,1.0,1.0
6.0,-126.18740810548593,0.0,52.53397462071497,0.7562593023146876,11.965490633035225,1.0,1.0
7.0,-126.6810062488016,0.0,52.542332114636515,0.13177602258111373,11.904060649414765,1.0,1.0
8.0,-126.6992886418991,0.0,52.543992446021726,2.2767380848125484e-08,11.902998624509678,0.0,0.0
