iter,val,proj,gnorm,dnorm,xnorm,step,maxstep
1.0,30.000000000000227,0.0,57.36971441450445,10.573053212749445,12.24744871391589,0.5096351284027357,1.0
2.0,-70.0233959542683,0.0,53.81237332675681,4.679303043324272,12.95128165066252,0.5754041752152453,1.0
3.0,-103.7036036417253,0.0,52.611700466652756,2.436139582742923,13.531920931587344,1.0,1.0
4.0,-123.15811976989283,0.0,51.99983105587814,1.7340373977774772,13.4599907249237,1.0,1.0
5.0,-125.91460525663973,0.0,52.01426901210953,1.2936528285426612,12.550536727522713,1.0,1.0
6.0,-127.49202290648526,0.0,52.02320678853038,0.8416462741844026,12.256540759856087,1.0,1.0
7.0,-128.13346184971743,0.0,52.03160560518513,0.1405989666011635,12.190275838529484,0.9999999239900911,1.0
8.0,-128.15436215857437,0.0,52.03340636885432,4.071472644923539e-06,12.190442634835295,0.0,0.0
