iter,val,proj,gnorm,dnorm,xnorm,step,maxstep
1.0,20.0,0.0,68.96442220453385,6.516842769317057,7.0710678118654755,0.5193858443059309,1.0
2.0,-63.47880541891442,0.0,66.52745335646658,3.1668555328484493,7.536952514195993,0.6396825087220648,1.0
3.0,-103.78139666764176,0.0,65.35238677954119,1.6619540762688718,8.10089822081439,1.0,1.0
4.0,-124.94091275053364,0.0,64.77339072639346,0.6629302439366954,8.273043295243475,1.0,1.0
5.0,-125.31308369063294,0.0,64.78886832085804,1.6669089667452895e-05,8.094475061423234,0.0,0.0
