iter,val,proj,gnorm,dnorm,xnorm,step,maxstep
1.0,20.0,0.0,68.81599816906966,6.6725427003680755,7.0710678118654755,0.5125701298239824,1.0
2.0,-63.9885977405533,0.0,66.35104729157099,3.2278208648140514,7.635228054421308,0.6014299278750559,1.0
3.0,-102.78594801778013,0.0,65.20880235786734,1.6519308869114797,8.261792019422552,1.0,1.0
4.0,-126.08994352033949,0.0,64.55173026639244,0.6836615978584333,8.572461311083638,1.0,1.0
5.0,-126.41570722320532,0.0,64.5687346192983,6.095228270564877e-05,8.357240939729719,0.0,0.0
