iter,val,proj,gnorm,dnorm,xnorm,step,maxstep
1.0,20.00000000000003,0.0,69.1284193657254,6.516931960809333,7.0710678118654755,0.5181986590847156,1.0
2.0,-60.97761847453259,0.0,66.76975583661509,3.163820467998171,7.546280063289372,0.6378128339424314,1.0
3.0,-99.8767153546784,0.0,65.64103186102979,1.6756011831505928,8.104083619502386,1.0,1.0
4.0,-120.4580327682963,0.0,65.08390094755906,0.6784075371987109,8.252664412473877,1.0,1.0
5.0,-120.84651411609715,0.0,65.09969504419689,0.0008299604289160031,8.06677996130486,0.0,0.0
