iter,val,proj,gnorm,dnorm,xnorm,step,maxstep
1.0,20.0,0.0,67.34080786569166,6.6892014682968375,7.0710678118654755,0.5127157368637159,1.0
2.0,-61.13668253411555,0.0,64.90370015925704,3.2369823392363397,7.65275050938165,0.5880462876629112,1.0
3.0,-97.33942097463904,0.0,63.811087122838615,1.6442514591391582,8.303956706441214,1.0,1.0
4.0,-120.02043244175692,0.0,63.154059029838365,0.7158200831720398,8.671069030845231,1.0,1.0
5.0,-120.34966363749095,0.0,63.17140342295915,0.00020524700620810804,8.44311762519996,0.0,0.0
