iter,val,proj,gnorm,dnorm,xnorm,step,maxstep
1.0,20.00000000000003,0.0,64.65544775193656,6.568340529318719,7.0710678118654755,0.5163840315641569,1.0
2.0,-55.94103820299165,0.0,62.274901929902015,3.192157908036793,7.562777195291218,0.631891775671761,1.0
3.0,-91.6836542864946,0.0,61.16511630349445,1.6591759184807635,8.140406635630667,1.0,1.0
4.0,-110.73398279377099,0.0,60.6127571265663,0.6905184585274001,8.360265448878312,1.0,1.0
5.0,-111.07004668265859,0.0,60.628598573111894,0.0030275830422912026,8.17560614902962,1.0000415705708245,21.269353250363544
6.0,-111.07005126597855,0.0,60.62857319814009,2.480124192175792e-06,8.175765448846112,0.0,0.0
