iter,val,proj,gnorm,dnorm,xnorm,step,maxstep
1.0,20.0,0.0,66.40931678615433,6.525810562240745,7.0710678118654755,0.5195122873872071,1.0
2.0,-57.58146964951831,0.0,64.05886241996951,3.1503700049178915,7.541085833919008,0.6416237350864591,1.0
3.0,-94.47117227031791,0.0,62.94695271035631,1.6692602367463112,8.09274576219338,1.0,1.0
4.0,-113.70242970244024,0.0,62.411872407025314,0.7174153071825857,8.200070733892257,1.0,1.0
5.0,-114.08212383345153,0.0,62.430932487586816,0.0011322594173243411,7.993072654114422,1.0043177232905722,27.869488175973988
6.0,-114.08212447722497,0.0,62.43093914282852,6.494715299228716e-06,7.993030530196463,0.0,0.0
