iter,val,proj,gnorm,dnorm,xnorm,step,maxstep
1.0,20.0,0.0,68.65937871845767,6.604096178552404,7.0710678118654755,0.5157797007575095,1.0
2.0,-64.43792118919677,0.0,66.17552323870032,3.2291646715632636,7.5996899356233465,0.6048178985749156,1.0
3.0,-103.31893053963762,0.0,65.02613788014625,1.6814909513410965,8.240664217341465,1.0,1.0
4.0,-126.39320398055067,0.0,64.37303532411612,0.6758609184323567,8.604710375807926,1.0,1.0
5.0,-126.76950095319602,0.0,64.38749048051606,0.0003454003622950928,8.436585295680826,0.0,0.0
