iter,val,proj,gnorm,dnorm,xnorm,step,maxstep
1.0,20.000000000000057,0.0,67.6370109925313,6.538104392113105,7.0710678118654755,0.518763588912268,1.0
2.0,-60.78093610512073,0.0,65.22953294251924,3.1920006218704646,7.551434445493138,0.6268317625006781,1.0
3.0,-98.69703720029926,0.0,64.10029097397243,1.6713756259222503,8.14989245859187,1.0,1.0
4.0,-119.46956343647274,0.0,63.51838431516007,0.6848597327233468,8.393456752794068,1.0,1.0
5.0,-119.85083461405638,0.0,63.53443773985959,1.7396348478714471e-06,8.220380614206652,0.0,0.0
