iter,val,proj,gnorm,dnorm,xnorm,step,maxstep
1.0,20.0,0.0,69.66009000858669,6.679881185407626,7.0710678118654755,0.5113429162015678,1.0
2.0,-66.94409627416053,0.0,67.13309590610808,3.2459555114660303,7.642037337094817,0.5958669121719609,1.0
3.0,-107.22994306217646,0.0,65.95832357723937,1.676184043714722,8.285621051454699,1.0,1.0
4.0,-132.02242384446816,0.0,65.26222101138372,0.6859883565388024,8.643303536655997,1.0,1.0
5.0,-132.37851249467792,0.0,65.27688706893031,4.3772710980242e-05,8.44492191923389,0.0,0.0
