iter,val,proj,gnorm,dnorm,xnorm,step,maxstep
1.0,20.00000000000003,0.0,67.90376780417563,6.6290829764084345,7.0710678118654755,0.5143530339053831,1.0
2.0,-60.83272156556788,0.0,65.50162471945316,3.22418909126787,7.608627513531647,0.6087989885161365,1.0
3.0,-98.12215278048171,0.0,64.39213643987961,1.6665370088748033,8.231939606902417,1.0,1.0
4.0,-119.81989587704426,0.0,63.777978501631516,0.668031209794432,8.547358580770249,1.0,1.0
5.0,-120.17121914028553,0.0,63.79436007773245,0.002063901763213584,8.351154322372782,0.973645027848476,87.27537788456009
6.0,-120.17122121399872,0.0,63.79434517346681,2.163430148213755e-06,8.35125725161199,0.0,0.0
