iter,val,proj,gnorm,dnorm,xnorm,step,maxstep
1.0,20.0,0.0,65.87088315791583,6.587498133286336,7.0710678118654755,0.5172930344892952,1.0
2.0,-58.344360383127935,0.0,63.47410653234765,3.175964629295948,7.575741990737294,0.6280794774675194,1.0
3.0,-95.05517804861768,0.0,62.35365431284699,1.6585372624213477,8.152797875435896,1.0,1.0
4.0,-115.05357172872243,0.0,61.782423745204056,0.7096730304959754,8.341156112173367,1.0,1.0
5.0,-115.39755591495984,0.0,61.801496401255555,0.0004393448166227309,8.137304627606373,0.0,0.0
