iter,val,proj,gnorm,dnorm,xnorm,step,maxstep
1.0,20.00000000000003,0.0,66.21401765490447,6.551425403419324,7.0710678118654755,0.518060793248127,1.0
2.0,-59.80500495887654,0.0,63.78636327339918,3.171738398167514,7.549592575096335,0.6346869517616329,1.0
3.0,-97.77336667078117,0.0,62.63337372682248,1.6386887799632026,8.11392383787531,1.0,1.0
4.0,-117.93374530268254,0.0,62.05858486165288,0.6873327461597202,8.30269095030616,1.0,1.0
5.0,-118.25851805934946,0.0,62.07648952789247,0.00024174789411200633,8.113455354866492,0.0,0.0
