iter,val,proj,gnorm,dnorm,xnorm,step,maxstep
1.0,20.0,0.0,65.44569214244127,6.5413056381587324,7.0710678118654755,0.517621975538333,1.0
2.0,-55.90377053929362,0.0,63.10203103812902,3.1868943439479565,7.5516866656395125,0.6302548115125738,1.0
3.0,-91.36547517091174,0.0,62.01045845184202,1.6729339786694388,8.133682627019713,1.0,1.0
4.0,-110.46308316829456,0.0,61.463188708083365,0.6981983314751671,8.33210311126016,1.0,1.0
5.0,-110.83603510548019,0.0,61.480678859767345,0.0003318342062131638,8.136724823430871,0.0,0.0
