iter,val,proj,gnorm,dnorm,xnorm,step,maxstep
1.0,20.000000000000057,0.0,64.41918850779479,6.59246178144927,7.0710678118654755,0.516211427479451,1.0
2.0,-57.516457022835255,0.0,61.99201140372792,3.2045009732103487,7.585777279064486,0.6175406343651604,1.0
3.0,-93.2352330679702,0.0,60.87326705245556,1.6646100848085843,8.193047127183895,1.0,1.0
4.0,-113.34051534055791,0.0,60.28019810452398,0.7085309799868902,8.457091039855163,1.0,1.0
5.0,-113.70549485577615,0.0,60.29904037679239,0.0007625854474319526,8.245889627979373,0.0,0.0
