iter,val,proj,gnorm,dnorm,step,maxstep
1.0,124.11349014535108,0.0,59.31797934502265,10.737258457471956,0.6306937216101055,1.0
2.0,-14.986362327589887,0.0,55.2101205781271,5.217178345253776,1.0,1.0
3.0,-82.86028001650573,0.0,54.0787482388807,2.274757109276679,1.0,1.0
4.0,-85.74562493946823,0.0,54.438710827562836,0.007871859282955732,0.999999995413934,44.22553318465115
5.0,-85.7456559225524,0.0,54.438755614294,3.4939442043126415e-09,0.0,0.0
