iter,val,proj,gnorm,dnorm,step,maxstep
1.0,124.11349014535105,0.0,59.001340574401645,10.73448869550216,0.6822163069136794,1.0
2.0,-21.956462111891796,0.0,54.818037297934985,5.125492175045133,1.0,1.0
3.0,-83.67011506170029,0.0,53.937102201570276,1.7276114488240628,0.9999999523181781,1.0
4.0,-85.35229689811713,0.0,54.19230435512273,1.1621313836027028e-06,0.0,0.0
