iter,val,proj,gnorm,dnorm,step,maxstep
1.0,124.11349014535116,0.0,58.239924326669026,10.76139203617034,0.6595657087977644,1.0
2.0,-17.333798455128687,0.0,54.077024481605804,5.155815697489324,1.0,1.0
3.0,-81.6782631517307,0.0,53.120871845855746,2.1133797585989016,1.0,1.0
4.0,-84.10729977417697,0.0,53.46091504926916,0.0004074353037027343,0.0,0.0
