iter,val,proj,gnorm,dnorm,step,maxstep
1.0,124.11349014535102,0.0,59.319737706575665,10.88665336462281,0.6428277975137238,1.0
2.0,-21.088832506441065,0.0,55.02085730702947,5.203951607063705,1.0,1.0
3.0,-88.48526650452943,0.0,53.87505343932182,2.0992930940411885,0.9999996102616826,1.0
4.0,-90.93969335441278,0.0,54.191268111975724,9.796880364569148e-06,0.0,0.0
