iter,val,proj,gnorm,dnorm,step,maxstep
1.0,124.11349014535097,0.0,59.01811568981795,10.61588902351382,0.6858471298976158,1.0
2.0,-25.106342484363466,0.0,54.73957536862661,5.225438754354517,1.0,1.0
3.0,-88.46224299771922,0.0,53.80898704988591,1.6306452936731164,1.0,1.0
4.0,-90.0355551931815,0.0,54.04758717403254,0.010855541410738988,0.9999999893811481,69.12851045407804
5.0,-90.03561411457044,0.0,54.04800023202086,1.4447349173789134e-08,0.0,0.0
