iter,val,proj,gnorm,dnorm,step,maxstep
1.0,124.11349014535102,0.0,59.13647177145365,10.732939454991804,0.6524227601784244,1.0
2.0,-18.96882828397554,0.0,54.94465941786379,5.194848814806849,1.0,1.0
3.0,-85.42800176370396,0.0,53.90208665224345,2.1205249397079537,1.0,1.0
4.0,-87.92204575139432,0.0,54.23681571793361,1.1159872185923413e-05,0.0,0.0
