iter,val,proj,gnorm,dnorm,step,maxstep
1.0,124.11349014535105,0.0,59.317820033915055,10.79754975808213,0.6650563291448948,1.0
2.0,-21.243377678921377,0.0,55.107220073489025,5.162752216199765,1.0,1.0
3.0,-85.38140528942832,0.0,54.12433709906025,1.968457731661409,0.9999999246185994,1.0
4.0,-87.49657169466809,0.0,54.42615133670984,3.0044831651521864e-06,0.0,0.0
