iter,val,proj,gnorm,dnorm,step,maxstep
1.0,124.11349014535108,0.0,57.09231697502156,10.727146082957264,0.662922273481786,1.0
2.0,-13.592360902449542,0.0,52.998540795870035,5.196289949571919,1.0,1.0
3.0,-75.25357611140424,0.0,52.115060884825375,2.0246156667922905,1.0,1.0
4.0,-77.52256515706074,0.0,52.44148500548379,4.4792947435632766e-11,0.0,0.0
