iter,val,proj,gnorm,dnorm,step,maxstep
1.0,124.11349014535102,0.0,56.65862814767875,10.599477237152671,0.710444933184162,1.0
2.0,-16.92002128998766,0.0,52.613467848191625,5.142564535480485,1.0,1.0
3.0,-74.04793395050802,0.0,51.976883473612205,1.7058461370901785,0.999999011461639,1.0
4.0,-75.62603636770825,0.0,52.253973812458455,2.701085019511074e-05,0.0,0.0
