iter,val,proj,gnorm,dnorm,step,maxstep
1.0,124.11349014535108,0.0,59.165230816559266,10.854868110450607,0.6382694067499617,1.0
2.0,-20.241852827241416,0.0,54.87065523276523,5.1057045453389325,1.0,1.0
3.0,-88.52811563668533,0.0,53.69548000814777,2.1908148950499062,0.999991099474917,1.0
4.0,-91.16732842583943,0.0,54.03525954900212,0.00010646645471668798,0.0,0.0
