iter,val,proj,gnorm,dnorm,step,maxstep
1.0,3120.8985695276097,0.0,3953.803762615327,15.536811700892285,1.0,1.0
2.0,-604.4880587492826,0.0,3950.168632098825,4.136217945554706,0.8310905134851888,1.0
3.0,-616.8009500569005,0.0,3950.990890111233,1.037122787281066,0.699777280466049,1.0
4.0,-618.1040978641158,0.0,3950.9628260976056,0.36121068044491816,1.0,1.0
5.0,-618.6133512304696,0.0,3950.984912396815,0.011119068003853434,1.0,1.0
6.0,-618.6142794723783,0.0,3950.9844993285665,0.0007560358137210969,0.0,0.0
