iter,val,proj,gnorm,dnorm,step,maxstep
1.0,3120.8985695276097,0.0,3951.9502430285124,15.574395125667081,1.0,1.0
2.0,-688.9733365004176,0.0,3949.0908053036856,3.640187871740124,0.8773446338940207,1.0
3.0,-696.9450107304165,0.0,3949.4994422619393,0.7623555371903986,0.6902066924924533,1.0
4.0,-697.3719495431487,0.0,3949.4961795644044,0.2856427279182985,1.0,1.0
5.0,-697.5318487173263,0.0,3949.5130955303634,0.12945911466290339,1.0,1.0
6.0,-697.5495485100728,0.0,3949.513321942252,0.03613557467156064,0.9983612031440069,5.801982655136205
7.0,-697.5502003299625,0.0,3949.514807644729,0.0008597701313788881,0.0,0.0
