iter,val,proj,gnorm,dnorm,step,maxstep
1.0,3120.898569527606,0.0,3956.847397735111,15.532571607611462,1.0,1.0
2.0,-627.2443626628574,0.0,3954.433174092196,3.560308546473444,0.965082014015564,1.0
3.0,-636.7510071792367,0.0,3954.840229876563,0.3153335979974571,1.0,1.0
4.0,-636.9965177486392,0.0,3954.802565488045,0.004670479399118744,0.9999952381411134,109.76018218236048
5.0,-636.9965286552833,0.0,3954.8021468424267,6.451007764669762e-07,0.0,0.0
