iter,val,proj,gnorm,dnorm,step,maxstep
1.0,3120.898569527606,0.0,3965.5938356403967,15.624747320494526,1.0,1.0
2.0,-542.585742446503,0.0,3963.5764282232776,3.075035748801571,0.8842387213186818,1.0
3.0,-548.1739853368217,0.0,3963.7012560608587,0.7918540395153004,0.5697696594059971,1.0
4.0,-548.5073150142343,0.0,3963.680486689807,0.25323123487687804,1.0,1.0
5.0,-548.6401573835792,0.0,3963.6825916538996,0.18087215947919014,1.0,1.0
6.0,-548.6728565037811,0.0,3963.6861367806705,0.07560902271203689,0.9999764558691961,1.5420430351547756
7.0,-548.67571479867,0.0,3963.6894884538856,4.7858587269772974e-05,0.0,0.0
