iter,val,proj,gnorm,dnorm,step,maxstep
1.0,3120.898569527617,0.0,3964.173410174575,15.579861122889179,1.0,1.0
2.0,-583.2078721035232,0.0,3960.8698352854044,3.3752894394197273,0.886901547251799,1.0
3.0,-591.3129604967344,0.0,3961.185733554716,0.6639399292336241,0.6638010821915851,1.0
4.0,-591.8389255275251,0.0,3961.192551592567,0.28227946817311556,1.0,1.0
5.0,-592.0784603887623,0.0,3961.202532087741,0.13748098436118647,0.9998634292413668,1.0
6.0,-592.0879121532162,0.0,3961.206439286037,0.0007171790757599061,0.0,0.0
