iter,val,proj,gnorm,dnorm,step,maxstep
1.0,3120.8985695276097,0.0,3957.86366029189,15.605515669760834,1.0,1.0
2.0,-608.840926578785,0.0,3956.0501400540847,3.592080842389285,0.9351211452253606,1.0
3.0,-617.3802033263091,0.0,3956.260383459522,0.35635630985552247,1.0,1.0
4.0,-617.6631521676372,0.0,3956.245015939892,0.04252896192874732,0.9278002609483571,1.0
5.0,-617.6641148944418,0.0,3956.244411342745,0.006649162182589403,1.0,1.0
6.0,-617.6641476134919,0.0,3956.2440514423693,0.001474315438975653,1.0623648478239507,126.25689036410417
7.0,-617.664148768059,0.0,3956.2440920022004,0.00034821446085070537,0.0,0.0
