iter,val,proj,gnorm,dnorm,step,maxstep
1.0,3120.8985695276133,0.0,3953.275668852492,15.557890439597934,1.0,1.0
2.0,-601.1500116048428,0.0,3950.611807975271,3.7709986403931866,0.8759796609726536,1.0
3.0,-610.5224565507251,0.0,3951.3227005348567,0.6115426950631327,1.0,1.0
4.0,-611.1386522978555,0.0,3951.2796560737975,0.12359031522939207,0.7809734778826415,1.0
5.0,-611.165348518778,0.0,3951.3035024742167,0.08970454311102571,1.0,1.0
6.0,-611.1770546715325,0.0,3951.290780990765,0.025295583769174314,1.0004309690141089,17.89439626913225
7.0,-611.177374742676,0.0,3951.2853651615906,0.0002958875089638091,0.0,0.0
