iter,val,proj,gnorm,dnorm,step,maxstep
1.0,3120.8985695276097,0.0,3962.180532925162,15.558729169871976,1.0,1.0
2.0,-608.4044388146576,0.0,3960.3617557794005,3.4760230628532507,0.8676735607746666,1.0
3.0,-615.8856320442483,0.0,3960.466635660988,0.5628308491595487,1.0,1.0
4.0,-616.3106863525318,0.0,3960.448316973117,0.14137681848445366,1.0,1.0
5.0,-616.3387555526369,0.0,3960.4330296970415,0.024662433193796254,0.9999706679747287,9.772440668954712
6.0,-616.3390596615372,0.0,3960.429280304553,1.7429327363637156e-05,0.0,0.0
