iter,val,proj,gnorm,dnorm,step,maxstep
1.0,3120.898569527606,0.0,3958.576449148749,15.621520298039915,1.0,1.0
2.0,-587.059618805959,0.0,3956.5509992152947,2.5230057218753266,0.8498484544286663,1.0
3.0,-591.4399920081833,0.0,3956.572042501055,0.6145454252983974,0.766111639934391,1.0
4.0,-591.8172700148007,0.0,3956.62909364902,0.29009942873567146,1.0,1.0
5.0,-591.9436214680172,0.0,3956.6149163944333,0.029363244317810316,1.0,1.0
6.0,-591.9478188813337,0.0,3956.6160945313372,0.00042474713525246077,0.0,0.0
