iter,val,proj,gnorm,dnorm,step,maxstep
1.0,3120.8985695276097,0.0,3962.388825997156,15.59868606050549,1.0,1.0
2.0,-598.1258126538996,0.0,3960.157618152587,3.425038097459147,0.9052257023965921,1.0
3.0,-605.4878826492804,0.0,3960.496094032572,0.5122890870922694,1.0,1.0
4.0,-605.9405558129292,0.0,3960.4784435127035,0.03946453029780277,0.9999852619232269,6.246255077866179
5.0,-605.9413345260273,0.0,3960.4748294291308,1.387514230538409e-05,0.0,0.0
