iter,val,proj,gnorm,dnorm,step,maxstep
1.0,3120.8985695276133,0.0,3944.339743593485,15.542260506320256,1.0,1.0
2.0,-588.0649827198667,0.0,3942.2478898069635,4.134929945953809,0.8333408639126556,1.0
3.0,-600.4261303997446,0.0,3942.506681312465,0.9768614018532753,1.0,1.0
4.0,-602.1441277257982,0.0,3942.5325801945746,0.13180029201450763,0.9995890888416176,1.0
5.0,-602.1640953580463,0.0,3942.5286461874466,0.0008393161706377852,0.0,0.0
