iter,val,proj,gnorm,dnorm,xnorm,step,maxstep
1.0,100.0,0.0,75.39688348999314,23.311945316102914,31.622776601683793,0.5059181503913928,1.0
2.0,-155.37451470081578,0.0,68.38807995755806,7.50996626867926,32.74426727842679,0.5898772489928717,1.0
3.0,-204.88609132300837,0.0,67.0773734709849,3.7307045123906195,32.577551805643246,1.0,1.0
4.0,-229.264107947841,0.0,66.61830489414116,3.1167659203549785,30.65469519180799,1.0,1.0
5.0,-238.38785269318976,0.0,66.61862127546722,3.001994290284979,28.35430458064324,1.0,1.0
6.0,-246.9855407568782,0.0,66.6213031044759,2.698608042521638,26.0681079830978,1.0,1.0
7.0,-254.41856216433757,0.0,66.62573337014332,2.5102142717083518,24.357555783043953,1.0,1.0
8.0,-260.53482008121574,0.0,66.63729801127792,2.217659273345459,22.962276138946503,1.0,1.0
9.0,-265.3352863532905,0.0,66.64606458380482,1.9186310243742195,22.07716208648266,1.0,1.0
10.0,-268.96679767830733,0.0,66.65340505894248,1.543771148265628,21.582364112621324,1.0,1.0
11.0,-271.22841160415186,0.0,66.66207354181522,0.9852707125032816,21.3629695107697,1.0,1.0
12.0,-272.10218966172005,0.0,66.67249074806394,0.1825993991537952,21.30295193771464,0.9999995418677357,1.0
13.0,-272.131720734548,0.0,66.67516880019727,2.5985666936377164e-05,21.300040689089645,0.0,0.0
