iter,val,proj,gnorm,dnorm,xnorm,step,maxstep
1.0,100.00000000000023,0.0,77.19945010170086,23.704387111133357,31.622776601683793,0.5055323962760958,1.0
2.0,-176.14799344562778,0.0,69.77161645627407,8.137344917936401,32.8488616507835,0.5719069873497509,1.0
3.0,-230.57322095462632,0.0,68.33463959865506,3.8347340965878276,32.944389462640636,1.0,1.0
4.0,-257.12803951727255,0.0,67.81727960366015,3.1443802683725246,31.2177077341385,1.0,1.0
5.0,-266.2069652371745,0.0,67.81757050864803,2.945132039612879,28.861897242157003,1.0,1.0
6.0,-274.65176461443247,0.0,67.81788505892303,2.6302061466627857,26.715217559857777,1.0,1.0
7.0,-281.6469655372858,0.0,67.82636662526649,2.4225263979179137,25.04049672014062,1.0,1.0
8.0,-287.35503432378584,0.0,67.83688746432118,2.15377221406628,23.788427302256878,1.0,1.0
9.0,-291.9206788367235,0.0,67.84358392201314,1.8277817280129782,22.99396509920838,1.0,1.0
10.0,-295.1631206710785,0.0,67.85233462162812,1.4455115259506597,22.53738600824101,1.0,1.0
11.0,-297.13643198944976,0.0,67.86009939553124,0.9520310993511044,22.35164273633571,1.0,1.0
12.0,-297.9607796345436,0.0,67.86715352379692,0.18532474916483022,22.314727642243923,1.0,1.0
13.0,-297.99297877106727,0.0,67.86964061445634,1.4532445915264653e-06,22.313258330565795,0.0,0.0
