iter,val,proj,gnorm,dnorm,xnorm,step,maxstep
1.0,100.00000000000011,0.0,75.92236715227601,23.134247821997427,31.622776601683793,0.5057694065656336,1.0
2.0,-162.133705360892,0.0,68.73572620711951,7.662039505835928,32.69896083349321,0.5904409310715207,1.0
3.0,-216.70730493962105,0.0,67.2936876621837,3.767628611889389,32.580645833133296,1.0,1.0
4.0,-243.7217304697317,0.0,66.76157062340701,3.1245690555150967,30.716870852003094,1.0,1.0
5.0,-252.77820700709265,0.0,66.76172405913444,2.9912840486455448,28.424738529038184,1.0,1.0
6.0,-261.3527573892073,0.0,66.76267897246647,2.680169500891865,26.188097469888096,1.0,1.0
7.0,-268.69575313151637,0.0,66.7684058673216,2.509194299036352,24.488686195372733,1.0,1.0
8.0,-274.8374279377275,0.0,66.7786372075853,2.2327587141581335,23.12975084862524,1.0,1.0
9.0,-279.69873342674293,0.0,66.78392666224065,1.9130643928044255,22.24713223793316,1.0,1.0
10.0,-283.30823939329093,0.0,66.7919025658674,1.5281977195122511,21.751390846882725,1.0,1.0
11.0,-285.51870935837843,0.0,66.80156218054391,0.9581269345280168,21.532844176461683,1.0,1.0
12.0,-286.2929481985843,0.0,66.81075919274299,0.17402190735382955,21.49567741044939,0.9999997202480398,1.0
13.0,-286.3175498184375,0.0,66.81290613593721,4.3208234101342795e-06,21.498310999525927,0.0,0.0
