iter,val,proj,gnorm,dnorm,xnorm,step,maxstep
1.0,100.0,0.0,77.42963386200789,23.449445189393362,31.622776601683793,0.5056159045237866,1.0
2.0,-167.04115899126896,0.0,70.28276789312352,8.03937746797645,32.813348854093064,0.5738829916886348,1.0
3.0,-218.31979326321493,0.0,68.94825380062062,3.8060902113480717,32.88259752031977,1.0,1.0
4.0,-243.1198964442484,0.0,68.48793709488342,3.1361359726874696,31.082746437574595,1.0,1.0
5.0,-252.22244542015744,0.0,68.48886852135522,2.9433556811728163,28.71939019942645,1.0,1.0
6.0,-260.52577271330415,0.0,68.49199899198483,2.634334773527245,26.529573908794855,1.0,1.0
7.0,-267.5939033787659,0.0,68.49738008235965,2.464893008711461,24.891898988962126,1.0,1.0
8.0,-273.52466684814505,0.0,68.50731603585767,2.222734796256914,23.598050873980128,1.0,1.0
9.0,-278.40165385092797,0.0,68.51400169595769,1.9300664008503305,22.754623687300985,1.0,1.0
10.0,-282.0225434788106,0.0,68.52268632840727,1.5463716979995088,22.252717182937488,1.0,1.0
11.0,-284.3018934906295,0.0,68.53132218750632,0.9933792790102809,22.033657469648794,1.0,1.0
12.0,-285.1349007038903,0.0,68.54123397633539,0.15746685394969762,21.983954940886814,0.9999999998840958,1.0
13.0,-285.1604030418004,0.0,68.54330835498372,2.8016375881092e-06,21.98249973588547,0.0,0.0
