iter,val,proj,gnorm,dnorm,xnorm,step,maxstep
1.0,100.0,0.0,73.42255367395225,22.932114684698227,31.622776601683793,0.5061589372010359,1.0
2.0,-142.20488904096874,0.0,66.61156122766825,7.146388964142721,32.636577806129836,0.6029023548991156,1.0
3.0,-189.8418910705127,0.0,65.32997751471508,3.6549414709786467,32.29799625088005,1.0,1.0
4.0,-213.45823662904456,0.0,64.88443216305677,3.1213679244157175,30.254571991407293,1.0,1.0
5.0,-222.61775293243522,0.0,64.88509372263212,3.0361735348470194,27.95496105444507,1.0,1.0
6.0,-231.36772884081608,0.0,64.88688492151358,2.7419719964611686,25.60860205157917,1.0,1.0
7.0,-239.06985078700825,0.0,64.88981991781839,2.5734186222819244,23.839795593155454,1.0,1.0
8.0,-245.54703624546005,0.0,64.90067797791386,2.290618444994145,22.361510287574774,1.0,1.0
9.0,-250.68272862548076,0.0,64.909888776559,1.954476987517724,21.393131332975997,1.0,1.0
10.0,-254.38143666020093,0.0,64.92068745484646,1.5496531789157957,20.84045954196774,1.0,1.0
11.0,-256.6678744033203,0.0,64.92997843637204,0.9792958658650085,20.610617934093398,1.0,1.0
12.0,-257.478857196767,0.0,64.94163276121326,0.17017761815126278,20.554888271950425,1.0,1.0
13.0,-257.5044744591337,0.0,64.94422433946964,0.0023413977270760303,20.552815757698475,1.052531917320661,15.551500153923016
14.0,-257.5044773441997,0.0,64.94422316110808,0.0001768305772870061,20.552739561816686,0.0,0.0
