iter,val,proj,gnorm,dnorm,xnorm,step,maxstep
1.0,100.0,0.0,73.57447917589903,22.835086879184658,31.622776601683793,0.5063846337693602,1.0
2.0,-148.17500611002458,0.0,66.58935949569711,7.376915781075854,32.6366769505792,0.5940033912563145,1.0
3.0,-198.14173397229717,0.0,65.23007836109794,3.6777811576840187,32.39828054767319,1.0,1.0
4.0,-223.31992445418223,0.0,64.73434736599508,3.127365872290788,30.395092735833536,1.0,1.0
5.0,-232.53262982006663,0.0,64.73435507195539,3.0180340523165405,28.061240481250366,1.0,1.0
6.0,-241.23119886931227,0.0,64.73707901717385,2.717645431565129,25.72513296721382,1.0,1.0
7.0,-248.74109412776863,0.0,64.74210937754391,2.547211988968422,23.96407575520833,1.0,1.0
8.0,-255.0796983086276,0.0,64.75255402137606,2.28644835570636,22.54166164985947,1.0,1.0
9.0,-260.20236229199037,0.0,64.76105726033478,1.9892049774652532,21.59862600555864,1.0,1.0
10.0,-264.0846467951609,0.0,64.76991133648632,1.6343237426848265,21.05020162790026,1.0,1.0
11.0,-266.659041007868,0.0,64.7786599322522,1.0801111218730572,20.807692859807414,1.0,1.0
12.0,-267.6942435730489,0.0,64.79007846499445,0.19199083753070206,20.74820805998387,0.999999558635339,1.0
13.0,-267.72699859588107,0.0,64.79303674381069,0.00021479567678899834,20.748308167889178,0.0,0.0
