iter,val,proj,gnorm,dnorm,xnorm,step,maxstep
1.0,100.00000000000011,0.0,75.30776060940599,23.23681226717445,31.622776601683793,0.5053262479384621,1.0
2.0,-154.364060669698,0.0,68.2782959674887,7.65316633776377,32.73666352566346,0.587626668475696,1.0
3.0,-203.30691760375385,0.0,66.98278346791639,3.7319378037045583,32.629409345839726,1.0,1.0
4.0,-227.00806984933024,0.0,66.54395843794819,3.1276629194173178,30.706613112918276,1.0,1.0
5.0,-236.13219442711875,0.0,66.54410417716879,2.988617258959345,28.389509090412776,1.0,1.0
6.0,-244.68626316481948,0.0,66.5463446840305,2.6815175395059687,26.124867373888584,1.0,1.0
7.0,-252.01768324249645,0.0,66.55184065436113,2.5110626435037813,24.424224147131234,1.0,1.0
8.0,-258.1786872368887,0.0,66.56228115208123,2.2336530225164384,23.053126081801654,1.0,1.0
9.0,-263.052890579301,0.0,66.57121397206473,1.928331942432831,22.161681475803192,1.0,1.0
10.0,-266.6891501554755,0.0,66.57941232426623,1.568063607501973,21.6578013296524,1.0,1.0
11.0,-269.0215465536887,0.0,66.58765973040573,1.0160024103089826,21.433502991743204,1.0,1.0
12.0,-269.9154236683079,0.0,66.59636245113396,0.1976764558561087,21.379797531056074,0.9999999230022107,1.0
13.0,-269.9514278698881,0.0,66.59931191177279,8.377572044987635e-06,21.377525548187066,0.0,0.0
