iter,val,proj,gnorm,dnorm,xnorm,step,maxstep
1.0,40.00000000000006,0.0,67.33185335340472,11.932496854894753,14.142135623730951,0.5114596209168941,1.0
2.0,-88.31648988700408,0.0,63.460512134330706,5.191662155875174,14.830611784159341,0.5957215736207988,1.0
3.0,-133.26084178528845,0.0,62.114535646114525,2.7744136363323255,15.324800136954776,1.0,1.0
4.0,-158.5214682830418,0.0,61.46055964110698,2.0417198938574304,14.956158857938066,1.0,1.0
5.0,-162.4398278141312,0.0,61.47739089790005,1.529489714444013,13.836840297225294,1.0,1.0
6.0,-164.64188016783905,0.0,61.488360539377496,0.9762561756776796,13.465405236185804,1.0,1.0
7.0,-165.50375460138576,0.0,61.49718473495941,0.1597761376519055,13.398292712620357,1.0,1.0
8.0,-165.5302483497207,0.0,61.49904647206301,0.00018266273074617865,13.401189175354164,0.0,0.0
