iter,val,proj,gnorm,dnorm,xnorm,step,maxstep
1.0,40.0,0.0,65.71142509489502,12.08955932186009,14.142135623730951,0.5103181195672694,1.0
2.0,-85.10628121223044,0.0,61.83860398574052,5.205545217627442,14.897963563393299,0.5947833045421441,1.0
3.0,-127.67317273468251,0.0,60.534450194236804,2.767548442485495,15.406899794357072,1.0,1.0
4.0,-151.48385149298764,0.0,59.91280960878101,2.019686406139442,14.989946115716187,1.0,1.0
5.0,-155.37966956957897,0.0,59.92884519292762,1.5275560526703433,13.904290884408162,1.0,1.0
6.0,-157.56600857268123,0.0,59.941608226987924,0.9625631042045364,13.512962929958023,1.0,1.0
7.0,-158.39691227872527,0.0,59.95152624343787,0.16381526309881975,13.43983091273002,0.9999999538159186,1.0
8.0,-158.42828663808774,0.0,59.95339051106178,1.1737561982518661e-06,13.443956612665584,0.0,0.0
