iter,val,proj,gnorm,dnorm,xnorm,step,maxstep
1.0,40.0,0.0,67.8457361962047,12.399019727240182,14.142135623730951,0.5083800982861331,1.0
2.0,-109.1176225034626,0.0,63.34134550762766,5.389576594006411,15.024563900533984,0.5794480946913922,1.0
3.0,-162.68533079680833,0.0,61.70505630441827,2.808935848181365,15.670655654312181,1.0,1.0
4.0,-194.7202113847154,0.0,60.81377094080137,1.9555622871537222,15.497499682033146,1.0,1.0
5.0,-198.29743125286592,0.0,60.830623844048915,1.4275161143940847,14.452759723324768,1.0,1.0
6.0,-200.15046652715233,0.0,60.84245837507145,0.8993185439395106,14.114923482296733,1.0,1.0
7.0,-200.88431425757386,0.0,60.8505279754867,0.14871421343786675,14.050959224185586,1.0,1.0
8.0,-200.91007475921663,0.0,60.8522456146264,0.0005578876606133403,14.051815457389251,0.0,0.0
