iter,val,proj,gnorm,dnorm,xnorm,step,maxstep
1.0,40.0,0.0,66.83321175884936,12.25433450653083,14.142135623730951,0.509414511874033,1.0
2.0,-95.19756916841385,0.0,62.70490580143975,5.357120852560376,14.964393716550306,0.5807262857137081,1.0
3.0,-141.56575587763348,0.0,61.28686650482852,2.7843433756723064,15.59191711262597,1.0,1.0
4.0,-168.5869957469802,0.0,60.55928843691299,2.0218382973556883,15.34353459200278,1.0,1.0
5.0,-172.34240122169217,0.0,60.57716127193392,1.4688461034835656,14.226254788223846,1.0,1.0
6.0,-174.37371211001377,0.0,60.58855811357488,0.936318703936292,13.873486978459262,1.0,1.0
7.0,-175.17570449853676,0.0,60.597794517313034,0.16391785733597924,13.800545398411316,0.9999998072686563,1.0
8.0,-175.20438373137287,0.0,60.599657771805674,1.76604151057126e-06,13.802754277942975,0.0,0.0
