iter,val,proj,gnorm,dnorm,xnorm,step,maxstep
1.0,40.00000000000006,0.0,64.99728385096873,11.96595686938575,14.142135623730951,0.5111292513357654,1.0
2.0,-87.79740745187894,0.0,60.99567343473779,5.219029231733909,14.850590310699626,0.5921608708605947,1.0
3.0,-132.0566927480367,0.0,59.61502636040124,2.75721244221505,15.376218631743974,1.0,1.0
4.0,-157.14020298272234,0.0,58.94001285648048,2.060233657164377,14.995977698736102,1.0,1.0
5.0,-161.11961705571488,0.0,58.95608693063784,1.5614798566180645,13.890682151300132,1.0,1.0
6.0,-163.3977607012372,0.0,58.96808327542013,0.9900977988140784,13.503158075574044,1.0,1.0
7.0,-164.25926477725622,0.0,58.978469663785646,0.16708806880296154,13.425049841080034,1.0,1.0
8.0,-164.28520848223138,0.0,58.98094992837922,0.0011896333018647494,13.422834657556741,1.0243803560798392,71.48939516050474
9.0,-164.28520920709695,0.0,58.980950808346286,6.340416354845183e-05,13.42290494514179,0.0,0.0
