iter,val,proj,gnorm,dnorm,xnorm,step,maxstep
1.0,20.000000000000455,0.0,378.3716857383291,9.930070512545823,10.0,0.19743677943861546,1.0
2.0,-278.76707036689163,0.0,373.8236806194997,7.940579547379983,10.18164926076979,0.19828568900465138,1.0
3.0,-505.47422670516926,0.0,370.3885775439278,6.351256570443122,10.585230381372915,0.19919653001123838,1.0
4.0,-679.0151335724247,0.0,367.7823782952879,5.070777187480382,11.054702664308673,0.19991469375810428,1.0
5.0,-812.6889778320465,0.0,365.7933098890577,4.050238967071035,11.507472060942037,0.20076257838356398,1.0
6.0,-916.3836591421941,0.0,364.2624405209595,3.2401610220045685,11.912547558384613,0.20214490131215807,1.0
7.0,-997.4503447085137,0.0,363.07147204532595,2.5963189109740723,12.260406260936536,0.20459095026263993,1.0
8.0,-1061.3741457541637,0.0,362.13543085479216,2.0821340983705587,12.55293848940737,0.20862989414871372,1.0
9.0,-1112.220960507187,0.0,361.39287737688005,1.6704745515975556,12.795866107056769,0.2150576255600693,1.0
10.0,-1153.0400091695114,0.0,360.7983073658657,1.3389300125669406,12.996304038340414,0.22468074587578885,1.0
11.0,-1186.0763834591498,0.0,360.3184750685399,1.0728708445719504,13.161248116344282,0.24019327391510742,1.0
12.0,-1213.163437582908,0.0,359.92600272180715,0.8566836290452338,13.297532979539778,0.26518946931345894,1.0
13.0,-1235.68341040847,0.0,359.6005438742302,0.6778419260295198,13.410792701062661,0.3065802818407924,1.0
14.0,-1254.6721753840957,0.0,359.32696260854203,0.5291616236077593,13.505452990562112,0.3847451113710456,1.0
15.0,-1271.0945949661009,0.0,359.0912848562378,0.3977122860568659,13.585730189955452,0.5554513792674454,1.0
16.0,-1285.607498638251,0.0,358.8843421959351,0.2832636471761273,13.654091766905248,1.0,1.0
17.0,-1297.1875916976628,0.0,358.71829339957236,0.11444435709419215,13.703599012696824,1.0,1.0
18.0,-1297.199891792237,0.0,358.73349528572095,0.026152536911146333,13.69714056135668,0.8256084668379641,3.5672643559583688
19.0,-1297.200174131834,0.0,358.73082572128595,0.0056904129570422846,13.69811653814437,1.0,1.0
20.0,-1297.2001922489098,0.0,358.73133248150594,0.0016605519743274706,13.697626307471449,0.9118269019426636,56.517957917751005
21.0,-1297.2001935060607,0.0,358.7311970013931,0.00047444770652092143,13.697671723521418,0.0,0.0
