iter,val,proj,gnorm,dnorm,xnorm,step,maxstep
1.0,4.0,0.0,68.96442220453385,1.3879571576344034,1.4142135623730951,0.5435198490422551,1.0
2.0,-15.441027133932586,0.0,68.40437971299603,0.6459646391036917,1.5366866637503773,0.5960125043206017,1.0
3.0,-24.800479246599423,0.0,68.13531606197631,0.28412219816963963,1.7013221591876848,0.6890517225643826,1.0
4.0,-29.092776918189216,0.0,68.01267857509946,0.10730880184822696,1.7918817115444616,0.8406780504274132,1.0
5.0,-30.707958273864882,0.0,67.96706180551845,0.027963447581344766,1.8258255408202562,1.0,1.0
6.0,-31.013112728039957,0.0,67.95869239268708,0.002671835728008104,1.8306748292541206,1.0,2.6027808191993094
7.0,-31.013116297393037,0.0,67.95873827708114,0.0,1.8303049547855597,0.0,0.0
