iter,val,proj,gnorm,dnorm,xnorm,step,maxstep
1.0,4.0,0.0,66.72699464237394,1.3976134539516523,1.4142135623730951,0.5315255823166561,1.0
2.0,-14.418492876920453,0.0,66.17690844833633,0.6623153925500436,1.5504263794553863,0.5613409296009247,1.0
3.0,-23.1595623653919,0.0,65.91560282412182,0.30302110251405545,1.722600842683987,0.613160055624827,1.0
4.0,-27.264550692958263,0.0,65.79329107383509,0.1295311722739529,1.8191158921635047,0.7034850857394105,1.0
5.0,-29.069561204029867,0.0,65.73987685384466,0.04764128441874249,1.8620934406594718,0.8483146239278699,1.0
6.0,-29.712332488940355,0.0,65.72108401699508,0.011922178113447,1.8761122441569624,1.0,1.0
7.0,-29.827084561074727,0.0,65.71782924338605,0.0010406170826379913,1.87780874755696,1.0,2.381511671436797
8.0,-29.8270851025167,0.0,65.71784766186458,0.0,1.8776434923578156,0.0,0.0
