iter,val,proj,gnorm,dnorm,xnorm,step,maxstep
1.0,4.0,0.0,65.28178459572777,1.395948852931224,1.4142135623730951,0.5420079827821477,1.0
2.0,-14.156514899318658,0.0,64.72933326092429,0.6494366461382616,1.5427704897236723,0.5770886198965728,1.0
3.0,-22.64115265337089,0.0,64.47109730433044,0.28757767181295235,1.7131648928155245,0.6273217643371068,1.0
4.0,-26.463478139581206,0.0,64.35508499921133,0.11886059518791567,1.8067597189371658,0.7103451199405,1.0
5.0,-28.06178920238547,0.0,64.30684806295801,0.042167535986865456,1.847583649551756,0.8350429726948787,1.0
6.0,-28.60388221918204,0.0,64.29064559975521,0.010466797173403748,1.8610248931500506,0.9808500344282574,1.0
7.0,-28.708759912647118,0.0,64.28757630734648,0.0010206895137898594,1.86327183326053,1.0,1.0
8.0,-28.710806825441402,0.0,64.28752937092516,1.6392861780858532e-05,1.8632338613586044,0.0,0.0
