iter,val,proj,gnorm,dnorm,xnorm,step,maxstep
1.0,4.0,0.0,67.50538505929583,1.3917596877950695,1.4142135623730951,0.5348361021301535,1.0
2.0,-14.780560039986241,0.0,66.9516150198795,0.6564105694446327,1.544448839787444,0.5712745859708867,1.0
3.0,-23.741306941836786,0.0,66.6873898854877,0.29648974219936636,1.7134502480134102,0.6317365738464046,1.0
4.0,-27.90803878551921,0.0,66.56498515837642,0.12170004614754504,1.808019337804377,0.7230918988249102,1.0
5.0,-29.648773665929248,0.0,66.51417400409706,0.04235041749856147,1.8487282093454662,0.8624091891010157,1.0
6.0,-30.221493753336755,0.0,66.49764184244528,0.00964593403377049,1.8614057578523333,1.0,1.0
7.0,-30.31273764998993,0.0,66.49508042873417,0.000728913867094147,1.8629463371822002,0.0,0.0
