iter,val,proj,gnorm,dnorm,xnorm,step,maxstep
1.0,4.000000000000007,0.0,68.81599816906966,1.4010667054225072,1.4142135623730951,0.5263019547072398,1.0
2.0,-15.220089320146258,0.0,68.25879648828516,0.6689047965392402,1.5558862711298325,0.5487301422905666,1.0
3.0,-24.340826636988716,0.0,67.99382728207881,0.3118283327930862,1.730415872356959,0.5890598670760846,1.0
4.0,-28.674222156557374,0.0,67.86817715554726,0.13621147711283074,1.8296319775620247,0.6439017821209283,1.0
5.0,-30.602906061574718,0.0,67.81244487344422,0.05454059701117093,1.8756204902594134,0.7296651998256606,1.0
6.0,-31.37798115336414,0.0,67.79017379964185,0.018280371713354848,1.8936040979686661,0.8503049215033842,1.0
7.0,-31.621731821464678,0.0,67.783233056889,0.004157550426445182,1.8987807257496576,0.9832514561079733,1.0
8.0,-31.663898252206486,0.0,67.78205579322173,0.00035890770830970163,1.899464743598182,0.0,0.0
