iter,val,proj,gnorm,dnorm,xnorm,step,maxstep
1.0,4.000000000000014,0.0,66.04688687594745,1.3939174899361872,1.4142135623730951,0.5362852429950122,1.0
2.0,-14.719325791285705,0.0,65.4833724306347,0.6583538044205428,1.544437434306427,0.5756010344152539,1.0
3.0,-23.663425657899687,0.0,65.21412148500144,0.29257193698682044,1.7154468405612546,0.6337294886158851,1.0
4.0,-27.76137472861288,0.0,65.09122922335622,0.11931566949633857,1.8090569752108105,0.7268097121094513,1.0
5.0,-29.467625333783214,0.0,65.04040209782465,0.04090106848260999,1.848597274412803,0.8693497388537871,1.0
6.0,-30.023106016736698,0.0,65.02404914978675,0.0091590556712431,1.860337264642094,1.0,1.0
7.0,-30.106474413948753,0.0,65.02167007143436,0.0006889381774561307,1.8614744508517818,0.0,0.0
