iter,val,proj,gnorm,dnorm,xnorm,step,maxstep
1.0,4.0,0.0,65.66180858005207,1.3889145556358546,1.4142135623730954,0.5477089324203825,1.0
2.0,-14.020066875351748,0.0,65.11743599933396,0.642379313933625,1.5348571886441915,0.5993658072055388,1.0
3.0,-22.568618141760712,0.0,64.8597787318335,0.27776945134953607,1.7011780913232895,0.6862626742309765,1.0
4.0,-26.41286432915183,0.0,64.74467910293507,0.10510890433342279,1.7906226375643508,0.8333459001082584,1.0
5.0,-27.864769988942832,0.0,64.70173849454703,0.027863668969900942,1.8241290844688174,1.0,1.0
6.0,-28.15415417542433,0.0,64.69342384306685,0.0026846648745671594,1.8294156943162403,1.0,9.281492326928635
7.0,-28.154157779138195,0.0,64.69347076779454,0.0,1.8290653350823391,0.0,0.0
