iter,val,proj,gnorm,dnorm,xnorm,step,maxstep
1.0,4.0,0.0,69.1284193657254,1.3956708390265562,1.4142135623730951,0.554105525285623,1.0
2.0,-15.34064191155553,0.0,68.57326517921116,0.6351987385648846,1.5355976907003304,0.5939742989878326,1.0
3.0,-24.218979728756153,0.0,68.3184373486419,0.2703011074416793,1.7049462241520468,0.6471369251919278,1.0
4.0,-28.073285957080337,0.0,68.20814244650676,0.10650959111894218,1.7943484366702587,0.7396328803884749,1.0
5.0,-29.61514741200626,0.0,68.16430768132776,0.03483449470624389,1.8307095906997473,0.8750846083991973,1.0
6.0,-30.08854864248521,0.0,68.15099530087163,0.007315732132667606,1.8410784314150683,1.0,1.0
7.0,-30.15604685227322,0.0,68.14914966163848,0.0005154270888054715,1.8421137999180137,0.0,0.0
