iter,val,proj,gnorm,dnorm,xnorm,step,maxstep
1.0,4.0,0.0,64.65544775193656,1.3891787501973965,1.4142135623730954,0.5315913371045293,1.0
2.0,-13.580738624817037,0.0,64.11068059628842,0.6624748760570556,1.5428901641998005,0.5742269229562567,1.0
3.0,-22.102723459356298,0.0,63.84693152314513,0.30285390224588365,1.7112837863004735,0.6579690831991123,1.0
4.0,-26.175135003893395,0.0,63.72220141209479,0.12289504275940898,1.807269260306512,0.8063223479661807,1.0
5.0,-27.865858048181785,0.0,63.67144699245949,0.03720110187712027,1.8465946662362522,1.0,1.0
6.0,-28.270411205319842,0.0,63.65989261908076,0.004541283669310283,1.8534884349041556,0.9998620796868299,3.789283039379664
7.0,-28.270421515526326,0.0,63.66003708846997,3.211202738512994e-06,1.852704947380219,0.0,0.0
