iter,val,proj,gnorm,dnorm,xnorm,step,maxstep
1.0,4.0,0.0,66.40931678615433,1.3894479338843937,1.4142135623730951,0.5437628230738214,1.0
2.0,-14.213071476863128,0.0,65.86472258066043,0.6471764780738194,1.5375898814827125,0.5933975582659852,1.0
3.0,-22.90932160922349,0.0,65.60521838132681,0.28120125435168275,1.7042172389883774,0.6806785749393347,1.0
4.0,-26.886402845435995,0.0,65.48741141630065,0.1076030624939429,1.7927642896443796,0.8318709303958404,1.0
5.0,-28.425237332723874,0.0,65.44240832703447,0.02987971111562772,1.825499495534888,1.0,1.0
6.0,-28.73524804818689,0.0,65.43363901538407,0.003132414737017059,1.8298691747623599,0.9999999999999998,14.245170764875263
7.0,-28.73525295419792,0.0,65.43369960308898,0.0,1.8293331429336321,0.0,0.0
