iter,val,proj,gnorm,dnorm,xnorm,step,maxstep
1.0,4.0,0.0,67.6370109925313,1.3921583750336999,1.4142135623730954,0.545447100380793,1.0
2.0,-14.97052550053899,0.0,67.07934372636473,0.644651087138053,1.5381319068658987,0.5933669271923324,1.0
3.0,-23.97976054329314,0.0,66.81504226049307,0.2814885730129267,1.7047936811529776,0.6750165185816355,1.0
4.0,-28.06931243101407,0.0,66.69582371586243,0.10696440016773448,1.7951003632607117,0.8052417546282381,1.0
5.0,-29.641547024304828,0.0,66.65049838435152,0.03062152003544529,1.8293579439761811,0.9879854457155086,1.0
6.0,-30.016023681658556,0.0,66.63995955449285,0.003647402368701745,1.8358807649364233,1.0,1.0
7.0,-30.02057758345309,0.0,66.63989496205689,4.064048753490074e-05,1.8354414785507456,0.0,0.0
