iter,val,proj,gnorm,dnorm,xnorm,step,maxstep
1.0,4.0,0.0,69.05838548651857,1.3944831505410376,1.4142135623730951,0.544338555573641,1.0
2.0,-15.364548803089605,0.0,68.50124877554114,0.6484178059204194,1.5406355483991179,0.5836115620503693,1.0
3.0,-24.45516600435878,0.0,68.23967465904119,0.2835068844835666,1.7115445050738956,0.6374511066945424,1.0
4.0,-28.512006735024194,0.0,68.12327669780447,0.11217074310431498,1.804567930201109,0.7131077066780788,1.0
5.0,-30.143515793665614,0.0,68.0767067937611,0.03798081142473301,1.8430827786025914,0.8210337302180518,1.0
6.0,-30.68056940490123,0.0,68.06149653601074,0.00947721315825807,1.8550965308340848,0.9548725345664718,1.0
7.0,-30.79221281716575,0.0,68.05838059496595,0.0011389025110471421,1.8571810700115112,1.0,1.0
8.0,-30.79748730144008,0.0,68.05824346960088,3.596095122114436e-05,1.8571787275117906,0.0,0.0
