iter,val,proj,gnorm,dnorm,xnorm,step,maxstep
1.0,4.0,0.0,66.97200782419472,1.3886928746126699,1.4142135623730951,0.5407917323759157,1.0
2.0,-14.411613587408759,0.0,66.42579289264502,0.6509504283988585,1.5388211871939348,0.5893375844236559,1.0
3.0,-23.253218281888746,0.0,66.1639487287044,0.2876603507168044,1.7059142268444893,0.6764837206532934,1.0
4.0,-27.340526196551558,0.0,66.04370751410521,0.10984262944038815,1.7973256974782343,0.8160386075828819,1.0
5.0,-28.921782961085356,0.0,65.99771903656239,0.030749390825410953,1.8319131278459162,1.0,1.0
6.0,-29.2770544059385,0.0,65.98766277575366,0.0034364285011392374,1.837493768473869,1.0,5.810547192204814
7.0,-29.277060310458936,0.0,65.98772638367714,1.3866681133119837e-15,1.836880505574415,0.0,0.0
