iter,val,proj,gnorm,dnorm,xnorm,step,maxstep
1.0,4.0,0.0,69.66009000858669,1.4002506607902312,1.4142135623730954,0.527707423498412,1.0
2.0,-15.924839117814393,0.0,69.08827730222349,0.6659283690738281,1.5526053003935478,0.5516547353209063,1.0
3.0,-25.390590096826358,0.0,68.81632649166738,0.309270127042783,1.7255824500557482,0.5977868643050513,1.0
4.0,-29.904839758684023,0.0,68.68713301850647,0.13586220189256445,1.8236960798802013,0.6745432520409657,1.0
5.0,-31.93584995566622,0.0,68.62939379217343,0.05283022088513973,1.8693909553385135,0.7959961646013405,1.0
6.0,-32.71279598848244,0.0,68.60754755086013,0.015107363618467942,1.8862809896365396,0.9472215235862055,1.0
7.0,-32.90109939168067,0.0,68.60236561865531,0.002077488733383556,1.8898428630471635,1.0,1.0
8.0,-32.91158620791474,0.0,68.6021056883,7.657554591471014e-05,1.8898810276244946,0.0,0.0
