iter,val,proj,gnorm,dnorm,xnorm,step,maxstep
1.0,4.0,0.0,67.05411780051095,1.4002678825343182,1.4142135623730951,0.5345487702674898,1.0
2.0,-14.473894276118173,0.0,66.50473762357139,0.6537559558424808,1.5500324027879162,0.5613620442691758,1.0
3.0,-23.13418291919676,0.0,66.24702550802714,0.2993092603371677,1.7187789958523976,0.6161617942312669,1.0
4.0,-27.222312437261337,0.0,66.12582793600853,0.1278674493845654,1.8126373721754974,0.7092176967462636,1.0
5.0,-29.01203597320866,0.0,66.07312655150376,0.046677354534266156,1.8543214230886096,0.8554880956847749,1.0
6.0,-29.637266635814296,0.0,66.05493444495274,0.011321913967043042,1.8677465458640927,1.0,1.0
7.0,-29.74271886494222,0.0,66.05196027742623,0.0009334583260907317,1.8692774828167276,0.0,0.0
