iter,val,proj,gnorm,dnorm,xnorm,step,maxstep
1.0,4.000000000000007,0.0,65.87088315791583,1.3918030304880342,1.4142135623730951,0.5326057132509158,1.0
2.0,-14.082914637277241,0.0,65.32440874549087,0.6591448592112611,1.545839503185018,0.5753283719741014,1.0
3.0,-22.838637895034054,0.0,65.06018073756896,0.2981638830703284,1.713353710520011,0.6536585997657957,1.0
4.0,-26.979679402161924,0.0,64.9359718324363,0.12101814436080865,1.8064635124060178,0.78888838649837,1.0
5.0,-28.69490336429562,0.0,64.88508061446075,0.03728390875220704,1.8444912232902957,0.9802411970829903,1.0
6.0,-29.143138461373965,0.0,64.87208280398264,0.004951961990967546,1.8525566256929844,1.0,1.0
7.0,-29.152169323002223,0.0,64.87190242712944,8.731324615067914e-05,1.8520559632862317,0.0,0.0
