iter,val,proj,gnorm,dnorm,xnorm,step,maxstep
1.0,4.0,0.0,66.88359900605828,1.3997340141415542,1.4142135623730954,0.5481672585735063,1.0
2.0,-14.791660661057882,0.0,66.32566078563039,0.6379360104635013,1.5419627829502454,0.5731495747687806,1.0
3.0,-23.3057638220292,0.0,66.07246525841147,0.2804313053214094,1.7115291374180979,0.6133935706513342,1.0
4.0,-27.120381300866043,0.0,65.9592905117668,0.11603883923162184,1.802433221036799,0.6769717603042446,1.0
5.0,-28.7339864797792,0.0,65.91163814663784,0.04341628471781654,1.8416690456470843,0.782666573125621,1.0
6.0,-29.334414277298322,0.0,65.89404449857464,0.012747847682835564,1.8553672437121747,0.9287155532095456,1.0
7.0,-29.489036540389122,0.0,65.88957921963758,0.0020121944283281114,1.8582778907731574,1.0,1.0
8.0,-29.500899328822033,0.0,65.88925495266925,9.296556950637725e-05,1.8583103543244457,0.0,0.0
