iter,val,proj,gnorm,dnorm,xnorm,step,maxstep
1.0,4.0,0.0,66.85877703042586,1.3973849651190402,1.4142135623730951,0.5454001418681962,1.0
2.0,-14.60749968233884,0.0,66.30592767890202,0.6451105498903048,1.5420030730998553,0.5789923304958419,1.0
3.0,-23.219652614842275,0.0,66.04991259983257,0.2813163355355105,1.712759888030938,0.623575266523354,1.0
4.0,-27.04823474051993,0.0,65.93640084454653,0.11448563825682735,1.804412646305127,0.69398815952468,1.0
5.0,-28.63820318937563,0.0,65.88950257812627,0.04129565897439009,1.843358864866858,0.8035241575855752,1.0
6.0,-29.19949914553944,0.0,65.87307791063678,0.011069163369855696,1.8564391646097236,0.9395870163303146,1.0
7.0,-29.32827417039893,0.0,65.86936350025803,0.0015092649862025642,1.8589931916895686,1.0,1.0
8.0,-29.33655061026316,0.0,65.86913762635386,6.268282369802998e-05,1.8590323817516838,0.0,0.0
