iter,val,proj,gnorm,dnorm,xnorm,step,maxstep
1.0,4.0,0.0,64.41918850779479,1.394102268535252,1.4142135623730951,0.5373225810847275,1.0
2.0,-14.11494001304331,0.0,63.85981159049501,0.6551983864323065,1.5446084636893718,0.5730523109330211,1.0
3.0,-22.683479640656202,0.0,63.59511485728983,0.29502845317632403,1.7152130366278127,0.6299429377177241,1.0
4.0,-26.62413498866476,0.0,63.47377045617697,0.12151771141932266,1.8107087002248967,0.7203845328099139,1.0
5.0,-28.276264925050484,0.0,63.423232658184126,0.041984912532257924,1.8519986347640134,0.8555887091725277,1.0
6.0,-28.822751599761624,0.0,63.40670793927994,0.00974587896915442,1.8647761878656153,1.0,1.0
7.0,-28.914856502572484,0.0,63.404001422473364,0.0007938220546370003,1.8663254613214482,0.0,0.0
