iter,val,proj,gnorm,dnorm,xnorm,step,maxstep
1.0,30.0,0.0,3060.645385284287,12.08524896557783,12.24744871391589,0.44620260322579586,1.0
2.0,-710.5307718361037,0.0,3059.0833415487105,6.648738456264226,13.341945897209298,0.4834651007123934,1.0
3.0,-1125.1165525854449,0.0,3058.2769678500513,3.7005929700390863,14.839194214401372,0.5934226024167631,1.0
4.0,-1378.3884730451246,0.0,3058.08948916345,1.754046493096545,15.976558480522343,0.779199869247688,1.0
5.0,-1510.8391666346834,0.0,3058.080681194307,0.7247228690743378,16.611017153129215,1.0,1.0
6.0,-1548.2506955379758,0.0,3058.0768722389907,0.4793657003287139,16.748053480247282,1.0,1.0
7.0,-1548.455211894292,0.0,3058.120899586832,0.3074134106226262,16.712586316140534,1.0,1.0
8.0,-1548.548764924264,0.0,3058.0924326265454,0.09613302313914822,16.704959649958298,1.0,1.0
9.0,-1548.5542009217752,0.0,3058.082617806157,0.004084088323900771,16.7042777236567,0.9999875883315162,21.734398461342632
10.0,-1548.5542092615942,0.0,3058.081790212714,9.739340722154725e-07,16.704266219063015,0.0,0.0
