iter,val,proj,gnorm,dnorm,xnorm,step,maxstep
1.0,29.999999999996362,0.0,3081.681050432377,11.907214845630357,12.24744871391589,0.5057177468430282,1.0
2.0,-753.0764516444433,0.0,3080.409092034868,5.983251422081803,13.553577773993057,0.5702158283770729,1.0
3.0,-1161.244853300439,0.0,3079.8788672050614,2.6845649799543656,15.176890900390891,0.6387820235825958,1.0
4.0,-1350.9473568777357,0.0,3079.5878004453284,1.2088559879282166,16.059443540164416,1.0,1.0
5.0,-1456.6321957166583,0.0,3079.4295329817737,0.6495653959936193,16.508438769626082,1.0,1.0
6.0,-1457.0184757997267,0.0,3079.422851012582,0.4331654474252419,16.416038239631757,1.0,1.0
7.0,-1457.1841327916845,0.0,3079.418495837126,0.17786808954566252,16.394584352832656,1.0,1.0
8.0,-1457.2208732924664,0.0,3079.416999285125,0.004724439231666999,16.392922371852965,0.9997382935757747,70.7483797487097
9.0,-1457.2208844496818,0.0,3079.416979191615,8.281895449354488e-05,16.392994482637402,0.0,0.0
