iter,val,proj,gnorm,dnorm,xnorm,step,maxstep
1.0,29.999999999996362,0.0,3073.781045790998,11.979450779355455,12.24744871391589,0.4886829168714553,1.0
2.0,-738.66750009522,0.0,3073.143105698254,6.126750107870405,13.498538839501247,0.5353347883523232,1.0
3.0,-1140.459249833526,0.0,3072.790275164048,3.0703665354885836,15.060977965403664,0.6317676239030833,1.0
4.0,-1353.105637788085,0.0,3072.6462425167315,1.3031515647906708,16.061627480835483,0.8459649467650786,1.0
5.0,-1456.0473671527434,0.0,3072.6016081786706,0.6282393992443854,16.556184950455734,1.0,1.0
6.0,-1474.9196431626588,0.0,3072.595436141262,0.4467976257105405,16.590387735916337,1.0,1.0
7.0,-1475.107856867373,0.0,3072.612256677323,0.2781230153730029,16.562419754946607,1.0,1.0
8.0,-1475.1712528123462,0.0,3072.6132869915045,0.09374016921138885,16.55637835755072,1.0,1.0
9.0,-1475.1842157273932,0.0,3072.617264280524,0.0315542808336762,16.555554918534014,3.1663550683571424,6.4409611869284
10.0,-1475.185792053937,0.0,3072.617437721661,0.005540367625469214,16.553892797328476,0.610934153090842,16.934471763218514
11.0,-1475.185801430449,0.0,3072.617299591869,0.0001877008388470543,16.553877163163147,0.0,0.0
