iter,val,proj,gnorm,dnorm,xnorm,step,maxstep
1.0,20.0,0.0,34.378031299084014,11.136356973024466,14.142135623730951,0.5043257704855058,1.0
2.0,-38.918292802174676,0.0,30.796271447925147,3.893919207592689,14.844900004782227,0.5582807963075708,1.0
3.0,-49.243356535423715,0.0,30.178236200555357,1.7139036989777514,15.016245315599441,1.0,1.0
4.0,-53.97398898097927,0.0,29.984826582968676,1.4519621840776833,14.246516754497998,1.0,1.0
5.0,-55.83336902547626,0.0,29.984846782767807,1.2843259241967908,13.10434180556283,1.0,1.0
6.0,-57.457117400997674,0.0,29.98497652306146,1.1397766284219353,12.193140683756654,1.0,1.0
7.0,-58.74803566327181,0.0,29.990231678988323,1.0443272390459848,11.474783620202722,1.0,1.0
8.0,-59.80958513668868,0.0,29.994156375705973,0.9066628271179802,10.969007177009981,1.0,1.0
9.0,-60.61351069653025,0.0,29.998109598228826,0.7617679321308719,10.643443739223148,1.0,1.0
10.0,-61.17856696696975,0.0,30.001766243619688,0.6142019219544117,10.470749914972844,1.0,1.0
11.0,-61.54114754291564,0.0,30.004654731125907,0.39158493702579206,10.398060820293223,1.0,1.0
12.0,-61.679351224963625,0.0,30.00766197034148,0.10368664587959832,10.384208399186363,1.0,1.0
13.0,-61.68670072727271,0.0,30.008675963656064,2.1297770317619676e-15,10.38627440423177,0.0,0.0
