iter,val,proj,gnorm,dnorm,xnorm,step,maxstep
1.0,20.0,0.0,31.43326740891249,9.581755269274439,14.142135623730951,0.5080238693386007,1.0
2.0,-17.635821556188887,0.0,28.991964568801265,3.033576126118435,14.441610445534462,0.620004298181229,1.0
3.0,-23.302736511008504,0.0,28.67601661072557,1.5405010998934188,14.205585559417619,1.0,1.0
4.0,-26.008404835395453,0.0,28.61998573639697,1.4610784180983039,13.087326928601868,1.0,1.0
5.0,-27.957904687506897,0.0,28.62016246155532,1.3915781259919975,11.919998892632117,1.0,1.0
6.0,-29.76852592552268,0.0,28.621406014962197,1.2557362484543755,10.760755276113048,1.0,1.0
7.0,-31.386443452058586,0.0,28.621798573954646,1.190060284573042,9.899506889747986,1.0,1.0
8.0,-32.788076522335174,0.0,28.626747283104446,1.0770975797701317,9.143205563841935,1.0,1.0
9.0,-33.92055832028937,0.0,28.63162469552776,0.9426842084274195,8.619934906438298,1.0,1.0
10.0,-34.797560110542015,0.0,28.635469038352404,0.7715369498929551,8.315268857186863,1.0,1.0
11.0,-35.35533522634678,0.0,28.640767576694547,0.4920632186659956,8.16774115504072,1.0,1.0
12.0,-35.576824687269976,0.0,28.64642778971632,0.09401406061260112,8.133133250376101,1.0,1.0
13.0,-35.58399377513262,0.0,28.64820603750183,7.53644380168212e-15,8.132069496230592,0.0,0.0
