iter,val,proj,gnorm,dnorm,xnorm,step,maxstep
1.0,300.0,0.0,3065.5406232323853,12.050590110031957,12.24744871391589,0.4942754761860583,1.0
2.0,-518.4651729027428,0.0,3064.243899789248,6.2704306024742795,13.044553468930783,0.5969117230985925,1.0
3.0,-987.1428239228444,0.0,3063.5832536082307,2.8363890442039614,14.524190479891026,0.7904595670053902,1.0
4.0,-1229.2554244403982,0.0,3063.4073836840007,0.9639291242237679,15.456102217237682,1.0,1.0
5.0,-1292.7247850707136,0.0,3063.4480414109357,0.2990625554942288,15.66835165495449,1.0,1.0
6.0,-1292.8083058599623,0.0,3063.472175101305,0.0515500954001627,15.654126846933456,1.0,1.0
7.0,-1292.8115214690606,0.0,3063.468226972945,5.2834844664378024e-09,15.652914504074285,0.0,0.0
