iter,val,proj,gnorm,dnorm,xnorm,step,maxstep
1.0,300.0,0.0,3075.6737528353037,12.012771796521156,12.24744871391589,0.5447218343181437,1.0
2.0,-553.4437296283613,0.0,3074.646538048692,5.672725441831529,13.105374489632892,0.6559375419680413,1.0
3.0,-991.6749769486141,0.0,3074.0273429219264,2.294535498974031,14.632431375536273,0.8778138159559186,1.0
4.0,-1187.4644896404589,0.0,3073.8141458030777,0.6262780202043309,15.453667065454928,1.0,1.0
5.0,-1214.5012056354772,0.0,3073.8121108423074,0.06247581715439111,15.532717890872268,1.000096916862501,1.5097842617848758
6.0,-1214.5031574384975,0.0,3073.8149737297026,8.629364413943222e-05,15.526822088603662,0.0,0.0
