iter,val,proj,gnorm,dnorm,xnorm,step,maxstep
1.0,300.0,0.0,3054.31701662352,11.985348627792591,12.24744871391589,0.5086885095642715,1.0
2.0,-499.3556778480852,0.0,3052.833088884491,6.111108706268271,13.148885313421085,0.6496070250203625,1.0
3.0,-969.2127041009335,0.0,3052.1800980816315,2.5431997435666007,14.791875862768897,0.8633126686657859,1.0
4.0,-1181.0984712442678,0.0,3052.086919412029,0.7272885839247274,15.69392834377317,1.0,1.0
5.0,-1214.352445563225,0.0,3052.0804926593996,0.08762069461536903,15.790696033156127,1.011047982280158,2.102070477584906
6.0,-1214.3563266661258,0.0,3052.0768618575103,0.004785713017317106,15.778968459626727,1.1505291877988757,11.042738136982724
7.0,-1214.3563398414499,0.0,3052.0771430963314,0.0005891618208926097,15.779345210850893,0.0,0.0
