iter,val,proj,gnorm,dnorm,xnorm,step,maxstep
1.0,300.0,0.0,3053.4945931470056,12.041324032034202,12.24744871391589,0.507918240246481,1.0
2.0,-583.9992475694562,0.0,3052.39461730206,6.054733711584238,13.178738894504294,0.5790728748646519,1.0
3.0,-1050.2379005728872,0.0,3051.9170628423267,2.777434712425194,14.667024272915732,0.6955529250356383,1.0
4.0,-1278.6659460367318,0.0,3051.7622020320273,1.0976931055475139,15.579027529779825,0.9234792576644875,1.0
5.0,-1369.6987087058478,0.0,3051.751132445939,0.2405069298106977,15.947975232309043,1.0,1.0
6.0,-1377.2144500258255,0.0,3051.769613134197,0.015894415685016563,15.955315393053363,0.9999821914790055,7.159551638728822
7.0,-1377.2145763397766,0.0,3051.7711799189306,7.199638272727066e-07,15.952878647807193,0.0,0.0
