iter,val,proj,gnorm,dnorm,xnorm,step,maxstep
1.0,300.0,0.0,3052.2319124702826,12.00849816857653,12.24744871391589,0.47181206014240823,1.0
2.0,-467.329427526136,0.0,3050.8876504046652,6.471662024862064,13.00738013065703,0.5209983615099105,1.0
3.0,-885.4644571775643,0.0,3050.271339434545,3.2719320958114673,14.383177688902745,0.638878357845239,1.0
4.0,-1122.0049643224957,0.0,3049.899802066173,1.5844653446477424,15.365246427888966,0.9950416206401278,1.0
5.0,-1252.771262159269,0.0,3049.69538801578,0.38101129403072537,15.910020362267124,1.0,1.0
6.0,-1253.4919914819766,0.0,3049.7296560341147,0.0018701144416178243,15.86576455319088,1.0000010497474732,147.10000561075773
7.0,-1253.4919932306457,0.0,3049.7298427375813,8.039208460456868e-09,15.865550813688415,0.0,0.0
