iter,val,proj,gnorm,dnorm,xnorm,step,maxstep
1.0,300.0,0.0,3052.31979652657,12.066469971430276,12.24744871391589,0.5211905562789206,1.0
2.0,-538.6379660437742,0.0,3050.991036715347,5.847814870145908,13.23244711362159,0.5920871371466031,1.0
3.0,-965.3499968281867,0.0,3050.367268820113,2.715325309332751,14.697917428626956,0.7734252833427382,1.0
4.0,-1185.6265026825058,0.0,3050.14067086096,0.9712298876994124,15.598195207479716,1.0,1.0
5.0,-1249.3408941183661,0.0,3050.130010414433,0.1539271225883352,15.834613462041927,0.9999999999999848,1.0
6.0,-1249.3529418073595,0.0,3050.140871136553,3.773355756137753e-13,15.814455394477164,0.0,0.0
