iter,val,proj,gnorm,dnorm,xnorm,step,maxstep
1.0,300.0,0.0,3070.8954802829094,11.979225048776351,12.24744871391589,0.5114690868430982,1.0
2.0,-457.89549273242665,0.0,3070.086149208264,6.089648237921282,12.97204665658092,0.6143871121825334,1.0
3.0,-872.6513742855586,0.0,3070.073487644652,2.76469092819267,14.381784874380124,0.9431173487017477,1.0
4.0,-1109.876767472646,0.0,3069.9471220288883,0.9656300401310701,15.38376167244558,1.0,1.0
5.0,-1124.4408034294647,0.0,3069.8667677818353,0.159905926434637,15.3904133108451,1.0,1.0
6.0,-1124.45686456954,0.0,3069.8326230850553,0.05337923331910927,15.398152375362386,1.0,1.0
7.0,-1124.45998323383,0.0,3069.830326003792,0.029248901919593725,15.402395800742898,0.999959998889205,9.98012865112644
8.0,-1124.4604109658503,0.0,3069.827852127803,2.9460578468565305e-05,15.403846720918448,0.0,0.0
