iter,val,proj,gnorm,dnorm,xnorm,step,maxstep
1.0,300.0,0.0,3060.6441689480994,12.059724028980613,12.24744871391589,0.5556197941253107,1.0
2.0,-632.0170220909531,0.0,3060.0219084873447,5.5136254855269025,13.326440912787401,0.6385644621044202,1.0
3.0,-1079.608930183771,0.0,3059.73343017916,2.244857730404613,14.842272010575398,0.7957370434914627,1.0
4.0,-1275.5858831727874,0.0,3059.602107007721,0.7110141813174605,15.612560844349131,1.0,1.0
5.0,-1325.372492372935,0.0,3059.5729207229692,0.11205674724104553,15.773582368947421,0.998818884650213,1.741729582438676
6.0,-1325.3787633147458,0.0,3059.575059916032,0.0004569537633289594,15.756226013472952,0.0,0.0
