iter,val,proj,gnorm,dnorm,xnorm,step,maxstep
1.0,300.0,0.0,3055.864708836437,11.997726027400835,12.24744871391589,0.5134620693981338,1.0
2.0,-536.5494213861894,0.0,3054.307046368045,6.065731925472076,13.102413365495043,0.6590102819942152,1.0
3.0,-1027.296117252763,0.0,3053.5643993935146,2.3685549919010973,14.698562469349968,0.8616262998791585,1.0
4.0,-1239.4489820073504,0.0,3053.391255816449,0.6645351552078749,15.579299882482239,1.0,1.0
5.0,-1273.2302182117019,0.0,3053.414125916571,0.16552264798999344,15.712876664331844,1.0,1.0
6.0,-1273.2474615864085,0.0,3053.425683213857,0.06992317624686573,15.70699102076522,1.215939169273822,1.215939169273822
7.0,-1273.252591620614,0.0,3053.427521640634,0.04964937419035346,15.7083943367467,0.9999612088820468,8.267973656858667
8.0,-1273.2538241029943,0.0,3053.4254927843735,3.967571720195265e-05,15.710355115013355,0.0,0.0
