iter,val,proj,gnorm,dnorm,step,maxstep
1.0,749.0156566866426,0.0,4317.765245747064,17.008201338173212,0.47929931525664965,1.0
2.0,-820.2955040335,0.0,4315.027076286883,9.062136544900584,0.585423887351099,1.0
3.0,-1754.8709589256323,0.0,4313.723873370591,4.5300339511615535,0.9062101431511848,1.0
4.0,-2336.4510228944273,0.0,4313.495506925091,1.3242726971960683,1.0,1.0
5.0,-2396.572338738366,0.0,4313.420034077585,0.32983902326593234,0.9955332394510576,1.0
6.0,-2396.6282513557017,0.0,4313.457140245151,0.09034139176393383,1.0,1.0
7.0,-2396.632379851686,0.0,4313.4639989013995,0.0014441514567081982,1.1663035785015103,43.9964119673955
8.0,-2396.6323810679387,0.0,4313.464083556083,0.00016761078341844844,0.0,0.0
