iter,val,proj,gnorm,dnorm,step,maxstep
1.0,749.0156566866208,0.0,4334.194907401513,17.000185724730496,0.5014721477537833,1.0
2.0,-925.7374083191607,0.0,4331.499209452549,8.724930823257562,0.6178632067106105,1.0
3.0,-1891.5875001979257,0.0,4330.242987312424,4.0274636001014805,0.925643784257889,1.0
4.0,-2428.098153458741,0.0,4329.980930232039,1.157225943688312,1.0,1.0
5.0,-2471.2926923452032,0.0,4330.122405137357,0.0993418771497866,1.0,1.0
6.0,-2471.3010516782488,0.0,4330.1317808835465,0.005136464514654854,1.1984522284759744,143.80402482353128
7.0,-2471.3010674876605,0.0,4330.131837320269,0.0004804183404273064,0.0,0.0
