iter,val,proj,gnorm,dnorm,xnorm,step,maxstep
1.0,199.99999999999991,0.0,52.23163261857703,8.9923178329667,10.0,1.0,1.0
2.0,-13.671899386701128,0.0,48.546198156387376,3.9494377612371845,7.748690095165058,1.0,1.0
3.0,-23.928338632214157,0.0,49.634218861208275,2.6846338643094842e-08,5.388387259434072,0.0,0.0
