iter,val,proj,gnorm,dnorm,xnorm,step,maxstep
1.0,200.0,0.0,52.57343705714512,9.322700909469459,10.0,1.0,1.0
2.0,-15.600301484534526,0.0,48.975231037217014,3.643153753956231,7.916096721173199,0.9999999999997597,1.0
3.0,-24.03680183582047,0.0,49.91724466647182,8.740317741491319e-13,5.584531843445083,0.0,0.0
