iter,val,proj,gnorm,dnorm,xnorm,step,maxstep
1.0,200.0,0.0,52.7916202252043,9.189765524976162,10.0,1.0,1.0
2.0,-19.569759423315773,0.0,48.7879183577962,3.6883113177874347,8.158169512701964,0.9999989705336151,1.0
3.0,-27.849703835754283,0.0,49.768623785284696,4.1561405221812726e-05,6.059438143348995,0.0,0.0
