iter,val,proj,gnorm,dnorm,xnorm,step,maxstep
1.0,200.00000000000003,0.0,51.234777719851586,9.118735269262459,10.0,1.0,1.0
2.0,-17.312905366330256,0.0,47.817229681877635,3.211676445552058,7.104041956436623,0.9999999999998813,1.0
3.0,-24.594006431814876,0.0,48.6017979292658,4.247902603215459e-12,5.431693871912863,0.0,0.0
