iter,val,proj,gnorm,dnorm,xnorm,step,maxstep
1.0,200.0,0.0,52.691743527831754,9.056531285026661,10.0,1.0,1.0
2.0,-17.74928716422103,0.0,49.12598881890135,3.0923002945162343,7.418607712916767,0.999999993407915,1.0
3.0,-25.451083651057203,0.0,49.91921646322804,6.819217845133936e-07,5.743007388691667,0.0,0.0
