iter,val,proj,gnorm,dnorm,xnorm,step,maxstep
1.0,200.0,0.0,50.12880108282463,9.189063344153045,10.0,1.0,1.0
2.0,-12.177182243394455,0.0,46.64634277959855,3.5289622308589235,7.491455502839245,0.9999646470545442,1.0
3.0,-20.40213744119248,0.0,47.61123249698427,0.0012043786448208728,5.300285041474324,0.9967406405021866,1.0
4.0,-20.402208582500542,0.0,47.611236224091385,4.0818112847054036e-07,5.300334238882304,0.0,0.0
