iter,val,proj,gnorm,dnorm,xnorm,step,maxstep
1.0,200.00000000000003,0.0,50.40642171391458,9.144001482453463,10.0,1.0,1.0
2.0,-11.568679494094205,0.0,47.003546489991,3.7637432034532208,7.410269660710361,1.0,1.0
3.0,-20.689633257327344,0.0,48.036303085424265,7.154167286429741e-06,5.017351632212285,0.0,0.0
