iter,val,proj,gnorm,dnorm,xnorm,step,maxstep
1.0,199.99999999999994,0.0,55.074776931030776,8.961067978660905,10.0,1.0,1.0
2.0,-16.657100788952846,0.0,51.19062200592354,3.763776686161853,8.17504035297241,0.9999999586683086,1.0
3.0,-26.249467674056135,0.0,52.18610908941244,3.162234801827483e-06,6.120202601977358,0.0,0.0
