iter,val,proj,gnorm,dnorm,xnorm,step,maxstep
1.0,200.00000000000006,0.0,54.29062454975813,9.143289000538505,10.0,1.0,1.0
2.0,-19.643743715791132,0.0,50.669719545931585,3.303679667578913,7.679117757714234,1.0,1.0
3.0,-27.511596904411725,0.0,51.45125845879564,3.794948719978846e-12,5.97137798044081,0.0,0.0
