iter,val,proj,gnorm,dnorm,xnorm,step,maxstep
1.0,400.0,0.0,3528.50956564808,13.888110957758078,14.142135623730951,0.5465694486674214,1.0
2.0,-751.3375236778556,0.0,3527.535006003883,6.608941615423809,15.284225533651233,0.7071550530120447,1.0
3.0,-1385.3789085913595,0.0,3526.970872221655,2.3854934416019398,17.244820711453194,1.0,1.0
4.0,-1640.677885549827,0.0,3526.6512063638493,0.5762481984294282,18.157090916913234,1.0,1.0
5.0,-1640.8482960564252,0.0,3526.6501376094166,0.13854478652804111,18.09599162871784,1.0,1.0
6.0,-1640.864222001459,0.0,3526.6412833140316,0.09910734264425296,18.096299086136007,0.9903635604335619,1.0
7.0,-1640.869122941138,0.0,3526.647353534847,0.0025490286779979686,18.099804363593076,1.0461229483801524,413.8877911669055
8.0,-1640.8691263397232,0.0,3526.6471438578164,0.00034952837127432454,18.0998053160149,0.0,0.0
