iter,val,proj,gnorm,dnorm,xnorm,step,maxstep
1.0,400.0,0.0,3550.8680004857965,13.855783205939677,14.142135623730951,0.5438129293899763,1.0
2.0,-774.7591631735049,0.0,3549.2217343203747,6.531019118581812,15.184236244799395,0.6361117979367574,1.0
3.0,-1362.8508972878626,0.0,3548.4702188537194,2.786862087314254,16.95190331950315,0.9133746097807406,1.0
4.0,-1661.4699187636506,0.0,3548.2584702278873,0.8692257427043978,18.057907062762876,1.0,1.0
5.0,-1689.7571000982352,0.0,3548.3015874154685,0.07392294592176568,18.12577268977515,1.0066768331230505,3.5265132215410127
6.0,-1689.759850642342,0.0,3548.3077924709933,0.006528458803504697,18.12167598344842,1.3361143710049406,53.74258839909237
7.0,-1689.7598791155178,0.0,3548.3080571276673,0.0039970266955922495,18.121984583389658,0.8686939846930862,28.173849344515308
8.0,-1689.7598860546714,0.0,3548.3079518553145,0.0017932978082221692,18.121983717555526,1.2707724846972206,244.8625885084261
9.0,-1689.759888098044,0.0,3548.3080045958804,0.0012569068329522334,18.122019165836193,0.851585846031534,74.31870415338156
10.0,-1689.7598887707027,0.0,3548.30797891737,0.0005982411653166219,18.122014646071417,0.0,0.0
