iter,val,proj,gnorm,dnorm,xnorm,step,maxstep
1.0,400.0,0.0,3539.244629243364,13.888026252200783,14.142135623730951,0.5128910429781963,1.0
2.0,-673.1947365547312,0.0,3537.741904474576,7.109634378506117,15.066545363258665,0.6884484213580462,1.0
3.0,-1330.9374194650445,0.0,3537.035415626777,2.732251160191778,16.979587591304842,0.9717638297889445,1.0
4.0,-1611.3590814147865,0.0,3536.839232510114,0.5704828439580163,18.046762085213594,1.0,1.0
5.0,-1619.5778753777777,0.0,3536.826261894957,0.08704292103198424,18.033826914431202,0.8175291891371741,1.0
6.0,-1619.5824777496455,0.0,3536.8228721206847,0.055300125593973126,18.033585525908336,1.0,1.0
7.0,-1619.5848993248146,0.0,3536.8235061041223,0.012418212415508566,18.03467576878002,0.9999454971604471,4.515689458892121
8.0,-1619.5849764266532,0.0,3536.823814941603,1.3187719776736144e-05,18.034951391432948,0.0,0.0
