iter,val,proj,gnorm,dnorm,xnorm,step,maxstep
1.0,400.00000000000364,0.0,3550.8096507489668,13.870648975444517,14.142135623730951,0.5215307226182528,1.0
2.0,-757.9063965432251,0.0,3548.7361204816334,6.918070812164016,15.16856835765866,0.6383442859759492,1.0
3.0,-1395.495848134844,0.0,3547.897409933847,2.7637290032996193,17.033511606528148,0.8044865790481279,1.0
4.0,-1677.2591735154565,0.0,3547.569963541835,0.8687518127485474,18.091086932421522,1.0,1.0
5.0,-1745.0635686261303,0.0,3547.501710401274,0.1504265094590371,18.293068674333504,0.8539541757102584,1.0591863734369973
6.0,-1745.0732303211844,0.0,3547.5157646349758,0.051638217507788096,18.283915298327816,0.7047812639450919,15.70885185635501
7.0,-1745.074169972766,0.0,3547.5120736489857,0.02426518194582681,18.28003190280049,1.0,1.0
8.0,-1745.074627216578,0.0,3547.5139722535314,0.02086029402170275,18.28048244368713,0.9997651779593857,42.69373343458384
9.0,-1745.0748447414626,0.0,3547.511846994538,0.00011159336984432995,18.279367073075246,0.0,0.0
