iter,val,proj,gnorm,dnorm,xnorm,step,maxstep
1.0,399.99999999999636,0.0,3530.4594455807023,13.864361109631446,14.142135623730951,0.5087412827312181,1.0
2.0,-703.7700495249701,0.0,3528.3995794839266,7.127943308109697,15.193273326182743,0.640781365449712,1.0
3.0,-1345.4454489833515,0.0,3527.7918433943946,2.8579775435571686,17.08211424993785,0.8305825164412365,1.0
4.0,-1634.6339486844881,0.0,3527.709568828242,0.9549207414948406,18.131117292666456,1.0,1.0
5.0,-1693.132653660272,0.0,3527.771560568091,0.16201301284947595,18.30737601585085,1.0,1.0
6.0,-1693.147160094417,0.0,3527.8002917615536,0.006695081273375628,18.294700917314493,1.2088135094008834,18.91255830936843
7.0,-1693.1471871863978,0.0,3527.800498068422,0.0004294628938339077,18.29485215150707,0.0,0.0
