iter,val,proj,gnorm,dnorm,xnorm,step,maxstep
1.0,400.0,0.0,3558.0052122392963,13.88234652063256,14.142135623730951,0.544493464241302,1.0
2.0,-678.5819171036528,0.0,3556.1941351204646,6.632623584346609,15.277051596867617,0.6880698958522545,1.0
3.0,-1258.6719186860937,0.0,3555.609281486623,2.5495580589207556,17.241751480431997,0.9888960501894402,1.0
4.0,-1510.9034280071319,0.0,3555.4231473926934,0.5808074157907916,18.288997714827246,1.0,1.0
5.0,-1513.8947000958324,0.0,3555.481640993139,0.09120968552361362,18.246040428376,2.8155997762536784,2.8155997762536784
6.0,-1513.9066345205065,0.0,3555.450363739345,0.18454852524665186,18.240395609366605,0.6453934663840487,1.0575759717549056
7.0,-1513.9176249768934,0.0,3555.4843977111636,0.04605355773691666,18.248812857481497,1.0,1.0
8.0,-1513.9214663067032,0.0,3555.482168644056,0.035130762514069235,18.25077099637315,0.9991861304558991,2.767600346288622
9.0,-1513.9220828897269,0.0,3555.490422747014,0.0005293435996720027,18.252928096571058,0.0,0.0
