iter,val,proj,gnorm,dnorm,xnorm,step,maxstep
1.0,399.99999999999636,0.0,3536.9348512911574,13.906183774101756,14.142135623730951,0.4857049639689726,1.0
2.0,-624.665333926012,0.0,3535.0132235532105,7.290775518500488,14.889989095389208,0.5748419507516777,1.0
3.0,-1207.0181891092288,0.0,3533.991374355821,3.579965782354278,16.453897623533916,0.8516866280920495,1.0
4.0,-1561.5519175238878,0.0,3533.727260732174,1.3554095588619806,17.633382245560007,1.0,1.0
5.0,-1623.0362875079918,0.0,3533.8285053917175,0.2091373725609787,17.80728937730045,0.8615869859581754,1.0
6.0,-1623.0908341555114,0.0,3533.822669123412,0.10013021249753998,17.794345719128614,1.0,1.0
7.0,-1623.1024416164073,0.0,3533.8288723075398,0.02651651195539683,17.794534910364884,0.8208208314106942,6.6121514619697095
8.0,-1623.1027301863905,0.0,3533.8345827475673,0.007775170969827612,17.79292924750035,1.0,1.0
9.0,-1623.1028041741556,0.0,3533.8340128005902,0.004905475715403139,17.79298839172827,1.0695689984913657,49.92627644382453
10.0,-1623.102817042989,0.0,3533.8347545289676,0.000766431149503596,17.792641458375737,0.0,0.0
