iter,val,proj,gnorm,dnorm,xnorm,step,maxstep
1.0,400.00000000000364,0.0,3546.572589586177,13.904303892381929,14.142135623730951,0.5377231641844707,1.0
2.0,-746.7964631175491,0.0,3545.119393179523,6.630493331278454,15.251159713696236,0.6242396538686158,1.0
3.0,-1323.2009959460265,0.0,3544.341949164588,2.776063470418658,17.006868505387896,0.7754582614083916,1.0
4.0,-1583.9168339626012,0.0,3544.058182326962,0.964329864550388,17.96775425542389,1.0,1.0
5.0,-1658.5296856709028,0.0,3544.043027216756,0.17871265449229987,18.226182504184674,1.0,1.0
6.0,-1658.550132055465,0.0,3544.0593906373774,0.07031557337789057,18.21476927597111,1.0,1.0
7.0,-1658.5537322524942,0.0,3544.065559108041,0.00941496904416548,18.21730244357449,0.9999742683598417,50.966350182817784
8.0,-1658.5537765722293,0.0,3544.0666264220845,6.167087610181768e-06,18.217550309585274,0.0,0.0
