iter,val,proj,gnorm,dnorm,xnorm,step,maxstep
1.0,400.0,0.0,3544.32129608392,13.864651804739514,14.142135623730951,0.5231621521194483,1.0
2.0,-665.5073706752082,0.0,3541.707962978547,6.834827935574067,15.012156514646763,0.6450686412374299,1.0
3.0,-1250.8998358875942,0.0,3540.4919016760264,2.8424342109747207,16.798322086856754,0.9002695136063743,1.0
4.0,-1531.7043145721327,0.0,3540.0979336392825,0.8311526802387551,17.84654941287656,1.0,1.0
5.0,-1562.6790361108979,0.0,3540.1695067456562,0.07990114504812226,17.891661519700136,1.0,1.0
6.0,-1562.6822573296377,0.0,3540.182100496025,0.004927566189827859,17.88199168118531,2.352340497327616,74.43835637627497
7.0,-1562.6822858881642,0.0,3540.1820604756135,0.002289967634089645,17.882065507457312,0.6485193958600579,112.89957782285444
8.0,-1562.6822875885518,0.0,3540.1820890191243,0.00031403933281284554,17.88204225878541,0.0,0.0
