iter,val,proj,gnorm,dnorm,xnorm,step,maxstep
1.0,400.0,0.0,3535.6720202739393,13.821746515353762,14.142135623730951,0.4615368550862586,1.0
2.0,-618.0844492999058,0.0,3534.2162877705327,7.6974734320372855,14.93214927075644,0.5578867644865386,1.0
3.0,-1238.9957408516639,0.0,3533.402048587017,3.703318274317076,16.59427671700985,0.704191153132962,1.0
4.0,-1572.9770088412843,0.0,3533.047649649613,1.519659076577257,17.766576319187255,1.0,1.0
5.0,-1711.0755940157287,0.0,3533.0419448291736,0.3959200653181755,18.2523554343225,1.0,1.0
6.0,-1711.171215139162,0.0,3533.1123077411185,0.18852884062762743,18.208169772668324,1.6817679626131448,1.6817679626131448
7.0,-1711.2273081056192,0.0,3533.113284530669,0.03611514370295058,18.21556791061936,1.0,1.0
8.0,-1711.232669339006,0.0,3533.1119688413946,0.004598426093440114,18.21590807372393,0.648781360804233,83.51243971481708
9.0,-1711.2326761984295,0.0,3533.1118986225356,0.0006040428126262406,18.215881207415592,0.0,0.0
