iter,val,proj,gnorm,dnorm,xnorm,step,maxstep
1.0,400.0,0.0,3539.2058758218627,13.88253770602086,14.142135623730951,0.5257745037692867,1.0
2.0,-644.7217870045315,0.0,3537.9940022916153,6.801064603859494,15.029622901582725,0.6602593570813176,1.0
3.0,-1225.433015224582,0.0,3537.455841807436,2.823829221415404,16.848427524250685,0.9753400848356518,1.0
4.0,-1507.8536359569334,0.0,3537.324916906307,0.7692659681205336,17.93244177331096,1.0,1.0
5.0,-1515.2073860001983,0.0,3537.360351979687,0.03052226048003345,17.875800295284282,1.012047354584625,1.8140087153291113
6.0,-1515.2078574160696,0.0,3537.361703332469,0.002199439264670337,17.87436853120533,0.9997393090732177,26.60591493692802
7.0,-1515.2078598341686,0.0,3537.361832813715,0.0002093283563683162,17.874380602355828,0.0,0.0
