iter,val,proj,gnorm,dnorm,xnorm,step,maxstep
1.0,399.99999999999636,0.0,3546.1993460957606,13.86450871830661,14.142135623730951,0.5572365454521789,1.0
2.0,-799.5883547676276,0.0,3544.4741569202242,6.34966912988517,15.417075823899523,0.6775568103818975,1.0
3.0,-1406.0599801472017,0.0,3543.6335475808046,2.6259076406491886,17.220008650911712,1.0,1.0
4.0,-1687.371736202782,0.0,3543.3701345245813,0.6938832974384586,18.155509822777343,1.0,1.0
5.0,-1687.6368768895409,0.0,3543.400869778872,0.04064630691433144,18.067445679470026,1.0,1.0
6.0,-1687.63824698186,0.0,3543.399232561217,0.006520824029049512,18.06822492216701,0.9601819669068032,11.689048302054813
7.0,-1687.6382673958688,0.0,3543.399936582249,0.0007012410600090341,18.068028701168945,0.0,0.0
