iter,val,proj,gnorm,dnorm,xnorm,step,maxstep
1.0,600.0,0.0,4339.180094409081,17.016147224599074,17.320508075688775,0.5033525889106192,1.0
2.0,-1006.8263196921835,0.0,4336.977103324016,8.68795962025874,18.361353845285212,0.6298595853929829,1.0
3.0,-1942.3380841979342,0.0,4336.120352586414,3.971714476755442,20.52420756868609,1.0,1.0
4.0,-2475.6417599530323,0.0,4335.6319192472365,1.0423807689112028,22.120339311253367,0.958065139077551,1.0
5.0,-2476.2875054274737,0.0,4335.709546719153,0.21105969659655255,22.034326192977055,0.7241332410088015,1.0
6.0,-2476.321533057675,0.0,4335.690568219567,0.1265771942457209,22.038017208920746,1.0,1.0
7.0,-2476.3403396903486,0.0,4335.695066179385,0.04856991589735052,22.039488904053155,0.9999652281103355,1.0
8.0,-2476.34151926923,0.0,4335.699508842754,0.00010973166600616285,22.039565985645737,0.0,0.0
