iter,val,proj,gnorm,dnorm,xnorm,step,maxstep
1.0,600.0,0.0,4341.280980613672,16.974413719677052,17.320508075688775,0.5098772885720785,1.0
2.0,-1091.7290701578822,0.0,4338.67738423628,8.726754067469987,18.542317947150433,0.6979150335589371,1.0
3.0,-2159.853990657688,0.0,4337.4076931400205,3.3730709079284176,20.95311871088122,1.0,1.0
4.0,-2609.69784407489,0.0,4337.055598613948,0.82751560373988,22.22130235608473,1.0,1.0
5.0,-2610.0798218247146,0.0,4337.134873462335,0.16896026239690434,22.111237385488508,1.0,1.0
6.0,-2610.101514454047,0.0,4337.129089460102,0.08913194007966123,22.116881026364112,1.0,1.0
7.0,-2610.1077030324122,0.0,4337.13162722135,0.02170404552398259,22.114305303500966,0.9999744575492842,3.357469365874778
8.0,-2610.1079385591474,0.0,4337.132286327745,1.7512179628574572e-05,22.11431246504644,0.0,0.0
