iter,val,proj,gnorm,dnorm,xnorm,step,maxstep
1.0,29.999999999992724,0.0,3060.1620706246918,12.004430629367398,12.24744871391589,0.4463720873184921,1.0
2.0,-699.3538211091618,0.0,3059.4105653375027,6.694116778104126,13.308737169018329,0.49228361985792135,1.0
3.0,-1115.357839321874,0.0,3058.9416700888432,3.5893331068943075,14.829158604784032,0.5893018123666023,1.0
4.0,-1358.7189121433585,0.0,3058.887572295324,1.6235811607950412,15.908667347199838,0.7310281890684643,1.0
5.0,-1480.0960639800287,0.0,3058.892878661047,0.7440580598258626,16.45035321528126,1.0,1.0
6.0,-1524.5440740655322,0.0,3058.9082533990577,0.48295461867154926,16.59763320684982,1.0,1.0
7.0,-1524.7620944301125,0.0,3058.9240088745028,0.3014027215067937,16.551635867418195,1.0,1.0
8.0,-1524.841548032451,0.0,3058.9116870401594,0.029824238776874904,16.54337265050165,1.0,1.0
9.0,-1524.8422305473723,0.0,3058.9114247505004,0.004550317993982242,16.543218484913854,1.1908204370237938,1.8091467105468029
10.0,-1524.842242875533,0.0,3058.911880815909,0.0004965384701037903,16.54329340788638,0.0,0.0
