iter,val,proj,gnorm,dnorm,xnorm,step,maxstep
1.0,30.000000000003638,0.0,3062.41164651325,11.955503070073487,12.24744871391589,0.4461549016740584,1.0
2.0,-654.0442501799334,0.0,3061.2171512555483,6.698688324065437,13.292643096059225,0.49488623173701823,1.0
3.0,-1045.0630064515099,0.0,3060.5704976415814,3.45364570151966,14.802735087695142,0.5270139896573722,1.0
4.0,-1246.5502981304744,0.0,3060.1865635300273,1.7559873314333678,15.791540775258383,0.6378594030662843,1.0
5.0,-1359.3420194189785,0.0,3060.0017345228034,0.9274961372089936,16.351766498006555,1.0,1.0
6.0,-1422.8355824345454,0.0,3059.9206348886028,0.6124462844434946,16.612604504514934,1.0,1.0
7.0,-1423.1322778856847,0.0,3059.9527923199657,0.43271852132478156,16.552944703759675,0.8720563239069219,1.0
8.0,-1423.2491657742867,0.0,3059.9254341143883,0.21132279543926188,16.546790202638984,0.742614296320922,1.0
9.0,-1423.2772537651872,0.0,3059.9304560483774,0.04606049021188488,16.5452045744164,1.0,1.0
10.0,-1423.283033032676,0.0,3059.9290426183657,0.0144670918049817,16.545446325868273,0.9998156247414651,26.079598888310585
11.0,-1423.2831376617432,0.0,3059.9282364546902,6.094793096719984e-05,16.54562022679117,0.0,0.0
