iter,val,proj,gnorm,dnorm,xnorm,step,maxstep
1.0,30.0,0.0,3056.791079144926,12.008553217700829,12.24744871391589,0.448631871831993,1.0
2.0,-662.3121178529582,0.0,3055.940062723228,6.7028878327972174,13.320835495192425,0.504847078676137,1.0
3.0,-1062.1293923834783,0.0,3055.526368131286,3.451269100164212,14.884442322749443,0.5663992409413092,1.0
4.0,-1275.0963364917443,0.0,3055.393126973623,1.6455262103844712,15.930141713431768,0.7091288839988689,1.0
5.0,-1388.2075157761174,0.0,3055.363939862658,0.7959429469710162,16.49389160623913,1.0,1.0
6.0,-1434.3730275359121,0.0,3055.333580777381,0.49209089497359604,16.66096955296229,1.0,1.0
7.0,-1434.591715188115,0.0,3055.32370247968,0.2854508089412232,16.606124155151353,1.0,1.0
8.0,-1434.6619148192185,0.0,3055.3360993980405,0.1107291276204614,16.59813227585869,0.9999370662242971,1.0
9.0,-1434.6698964032876,0.0,3055.333554321204,0.00011307743697739886,16.598248420448673,0.0,0.0
