iter,val,proj,gnorm,dnorm,xnorm,step,maxstep
1.0,29.999999999996362,0.0,3067.8639353139506,12.016465667693526,12.24744871391589,0.4652793624235289,1.0
2.0,-704.8064622771672,0.0,3066.013384746184,6.540365213506835,13.402880364009713,0.5514071634447456,1.0
3.0,-1139.8033039815164,0.0,3065.1586035048354,3.1318711230765905,15.078707488975349,0.6386275844876874,1.0
4.0,-1357.3119137097128,0.0,3064.781161851547,1.3148077542838579,16.114927537949942,0.8771992931633164,1.0
5.0,-1463.293011945003,0.0,3064.631005793265,0.6615082649736024,16.612400801889205,1.0,1.0
6.0,-1478.3626530326474,0.0,3064.611113834625,0.46967479221092,16.612580197862403,1.0,1.0
7.0,-1478.5508185393956,0.0,3064.625728092799,0.224206027047557,16.57632571141473,1.0,1.0
8.0,-1478.5888939015094,0.0,3064.628537059774,0.0538633396843552,16.5724555769822,0.9998010691298665,1.0
9.0,-1478.5905245912145,0.0,3064.6322178263076,0.00024068902759123739,16.572291530132855,0.0,0.0
