iter,val,proj,gnorm,dnorm,xnorm,step,maxstep
1.0,30.0,0.0,3071.6804934719366,11.982665780446451,12.24744871391589,0.47193494870727665,1.0
2.0,-755.1250935578901,0.0,3071.3335678638423,6.380164831308064,13.42972162644213,0.49802355995988895,1.0
3.0,-1164.5554928030324,0.0,3071.1500794189005,3.2226390391958395,14.925340546513494,0.5233764815309703,1.0
4.0,-1372.6557356688536,0.0,3071.0596134339053,1.653176493741372,15.846090891170192,0.6346886564838831,1.0
5.0,-1490.6969993222592,0.0,3071.001207809416,0.8631985684150171,16.368356237636906,1.0,1.0
6.0,-1558.114591388654,0.0,3070.9670359392167,0.4889107620716309,16.617853994427506,1.0,1.0
7.0,-1558.3504517319707,0.0,3070.9731525631883,0.32885507822183396,16.566265664715807,1.0,1.0
8.0,-1558.4537660843416,0.0,3070.974224156334,0.0824108617736647,16.557800373377184,1.0,1.0
9.0,-1558.4623468878308,0.0,3070.9727359473077,0.002105389343395348,16.558285739583265,0.8212438056551418,151.3366636159266
10.0,-1558.462348707977,0.0,3070.972855578806,0.00020421022386906283,16.558235012795304,0.0,0.0
