iter,val,proj,gnorm,dnorm,xnorm,step,maxstep
1.0,30.0,0.0,3063.7512724860676,12.036265690184223,12.24744871391589,0.4524012466953568,1.0
2.0,-676.0874380630048,0.0,3062.2853638070173,6.572256736885865,13.34417603117599,0.47888135728173,1.0
3.0,-1056.6898451643247,0.0,3061.3959988990955,3.484525646888548,14.799655587718807,0.5147201767224013,1.0
4.0,-1261.2056836198644,0.0,3060.924708054533,1.892927339702281,15.760539269544463,0.6650151768355773,1.0
5.0,-1386.7278475060484,0.0,3060.759715478972,0.9001235891871514,16.367641615204917,1.0,1.0
6.0,-1449.3751291743429,0.0,3060.718691929527,0.5464872262677424,16.622802434674135,1.0,1.0
7.0,-1449.629821701812,0.0,3060.770973176731,0.35873518279684397,16.563364728301067,1.0,1.0
8.0,-1449.7281638579188,0.0,3060.7752776058774,0.13802365466819783,16.553621959187275,1.0,1.0
9.0,-1449.7488251397117,0.0,3060.7802334025146,0.017813211103965703,16.555072619118498,0.9999996114811982,1.0
10.0,-1449.749723825018,0.0,3060.783635804504,1.1220539351430822e-07,16.55534195687195,0.0,0.0
