iter,val,proj,gnorm,dnorm,xnorm,step,maxstep
1.0,30.0,0.0,3060.669175045876,12.022460475243323,12.24744871391589,0.4936196750285793,1.0
2.0,-747.6740843986918,0.0,3060.162645574939,6.127908818093725,13.548866689086909,0.5683888464374884,1.0
3.0,-1171.5462593124248,0.0,3059.757295230252,2.78476915901829,15.204138113190476,0.6328433489695773,1.0
4.0,-1368.1510610541081,0.0,3059.57024976869,1.2746040309916038,16.126247152605778,0.8925264449856568,1.0
5.0,-1468.403757856191,0.0,3059.4847903468562,0.7734870085188269,16.571436567271437,0.9809417374857962,1.0
6.0,-1480.426633952262,0.0,3059.443229889086,0.7986922622654392,16.562311775049437,0.383561166946693,1.0
7.0,-1480.671489099448,0.0,3059.4752313843705,0.4104395088064437,16.543382047807007,1.0,1.0
8.0,-1480.9877329698684,0.0,3059.4690053211098,0.19564786126067485,16.527826581817223,0.587515307178081,1.0
9.0,-1481.0092042806136,0.0,3059.4775260918323,0.12796837798178975,16.525894923728504,1.0,1.0
10.0,-1481.0242528327108,0.0,3059.4724884424013,0.03200687553564285,16.528416216178716,0.5409882044703037,36.02972635576174
11.0,-1481.0245299377166,0.0,3059.473873861027,0.006872774008674866,16.527759697615927,3.493387036211791,3.493387036211791
12.0,-1481.024668634942,0.0,3059.473468678498,0.010617430038270472,16.526970679000815,0.8383823357703084,88.48162239644404
13.0,-1481.0247158903621,0.0,3059.474034602807,0.0012308750970942816,16.526549344893095,1.0,1.0
14.0,-1481.0247240520584,0.0,3059.4740321252807,0.0008650919956051214,16.526502235688493,0.0,0.0
