iter,val,proj,gnorm,dnorm,xnorm,step,maxstep
1.0,29.999999999992724,0.0,3084.3971504311826,11.885307748885355,12.24744871391589,0.512274590334185,1.0
2.0,-726.3608373330571,0.0,3082.6391444521673,5.8871442816082915,13.586090307283651,0.5779378863772978,1.0
3.0,-1114.8272991806225,0.0,3082.040074433515,2.669674358011708,15.205966530202119,0.6928850005171099,1.0
4.0,-1304.6486064712553,0.0,3081.689248432965,1.1286481590144914,16.14347755188831,1.0,1.0
5.0,-1387.6382841219784,0.0,3081.6043960408015,0.7038372080007685,16.507442499389146,1.0,1.0
6.0,-1388.0497718689003,0.0,3081.5533657590636,0.5789745997864223,16.441689355395823,0.8857832340227312,1.0
7.0,-1388.2093674874086,0.0,3081.6346184617328,0.38258034429352195,16.404719187507325,0.5300109300053877,1.0
8.0,-1388.2733726661027,0.0,3081.5977647767827,0.12817939628449646,16.41058782660906,1.0,1.0
9.0,-1388.303231973634,0.0,3081.6006185048977,0.0439114447435937,16.406977918566838,1.0,1.0
10.0,-1388.3049807942698,0.0,3081.601487979792,0.037387011118444294,16.40713962934408,3.6873017846936724,3.6873017846936724
11.0,-1388.3085569514515,0.0,3081.595700592313,0.045697979417055966,16.41170461306922,0.698806827785687,4.226402826585035
12.0,-1388.3092866123989,0.0,3081.600829460967,0.010292205671983367,16.41076945648329,1.0,1.0
13.0,-1388.3095049868716,0.0,3081.600483540887,0.007180037928444491,16.411162809664567,0.9997516499170538,27.697471314061413
14.0,-1388.3095307568983,0.0,3081.601416646339,3.362125871197659e-05,16.411059597238065,0.0,0.0
