iter,val,proj,gnorm,dnorm,xnorm,step,maxstep
1.0,30.0,0.0,3064.9269038448538,12.043621511452072,12.24744871391589,0.5114378006719508,1.0
2.0,-744.5387763793369,0.0,3064.0918028146443,6.0735053117585505,13.642099764523701,0.6300689793382499,1.0
3.0,-1180.4163698688317,0.0,3063.786812269488,2.5008052964626084,15.444496635029676,0.7312244878062596,1.0
4.0,-1361.178260696277,0.0,3063.6729429214206,0.9215896944587813,16.316921265995983,1.0,1.0
5.0,-1426.8998505814598,0.0,3063.6377500064286,0.6555692856152082,16.589963282562447,1.0,1.0
6.0,-1427.2264817874966,0.0,3063.632935463215,0.5249708056506066,16.52852810618645,1.0,1.0
7.0,-1427.4022685072232,0.0,3063.6458162077547,0.27651542490842873,16.5103626391388,0.8480744117342729,1.0
8.0,-1427.4629777125774,0.0,3063.6503004503984,0.08310064376510816,16.507368623862586,1.0,1.0
9.0,-1427.4723633771173,0.0,3063.6573030961677,0.01591289665397915,16.506069230960332,0.9999999999999998,2.2575914920370668
10.0,-1427.4724899872417,0.0,3063.6584132576772,3.469446951953614e-18,16.50591999714835,0.0,0.0
