iter,val,proj,gnorm,dnorm,xnorm,step,maxstep
1.0,30.000000000010914,0.0,3045.648904285916,11.948619209859446,12.24744871391589,0.4157195101063909,1.0
2.0,-634.503633934939,0.0,3044.2608493817593,7.024077980174605,13.146725349730225,0.47374607997079665,1.0
3.0,-1047.1031725610337,0.0,3043.3740892374817,3.936263609185928,14.570035627813255,0.5546647045030338,1.0
4.0,-1290.797905761774,0.0,3042.961348936651,1.933481298293489,15.669722173525349,0.6809189996990522,1.0
5.0,-1420.7894885233218,0.0,3042.774080984948,0.8705869623489064,16.286292062467346,1.0,1.0
6.0,-1481.1226399967309,0.0,3042.6671082708554,0.4748002977447937,16.532355991786794,1.0,1.0
7.0,-1481.3175439532606,0.0,3042.6492317847938,0.23728255294105732,16.479554827825325,1.0,1.0
8.0,-1481.3581137010551,0.0,3042.6500577286793,0.04335757187224435,16.476519883103506,1.0,1.0
9.0,-1481.3590566774546,0.0,3042.647516190332,0.0015347261808493313,16.477408264455377,1.0801360828437652,122.45833656765633
10.0,-1481.3590579495758,0.0,3042.6474867085785,0.0002728066559681867,16.47741786083849,0.0,0.0
