iter,val,proj,gnorm,dnorm,xnorm,step,maxstep
1.0,30.0,0.0,3065.698001782302,12.12998578467278,12.24744871391589,0.4915823296125463,1.0
2.0,-823.2234531178401,0.0,3064.9594284093855,6.200831925532716,13.582387113900987,0.5338762476503581,1.0
3.0,-1265.308335132202,0.0,3064.5329899403137,2.951985079977237,15.211233791793067,0.5691031192410277,1.0
4.0,-1477.6051248797849,0.0,3064.3333054834643,1.3980561722023028,16.15351899596034,0.7084506072368548,1.0
5.0,-1589.6608986546016,0.0,3064.236042309624,0.6532852001154967,16.64918612924471,1.0,1.0
6.0,-1635.5580336247658,0.0,3064.19483910613,0.33866318667165335,16.80900678054637,1.0,1.0
7.0,-1635.656228846019,0.0,3064.2035259117574,0.14853371240900826,16.775226612916185,1.0,1.0
8.0,-1635.6747057586872,0.0,3064.2047332750076,0.007418616408919369,16.77325987017622,1.0127542362646123,54.01353338248824
9.0,-1635.6747336276057,0.0,3064.2049297287817,0.0007713615697028277,16.773457068451854,0.0,0.0
