iter,val,proj,gnorm,dnorm,xnorm,step,maxstep
1.0,29.999999999992724,0.0,3071.8632834027617,11.901194838474552,12.24744871391589,0.501138458346026,1.0
2.0,-790.0267088331675,0.0,3070.460516669397,5.97366543141149,13.538173234864296,0.543283940517367,1.0
3.0,-1205.6697820716254,0.0,3070.004526858252,2.8892261160204153,15.09105125019745,0.6356797555772473,1.0
4.0,-1420.668494951431,0.0,3069.7365977898207,1.246710558862133,16.02162201136878,0.9007220720415906,1.0
5.0,-1529.9026419617912,0.0,3069.6221883899225,0.6787862619920567,16.49288539800244,1.0,1.0
6.0,-1542.2514565488418,0.0,3069.5937251390196,0.521536273085446,16.474530041109457,1.0,1.0
7.0,-1542.5101532601402,0.0,3069.608749990273,0.27690166831908547,16.440550829434535,1.0,1.0
8.0,-1542.5814937300092,0.0,3069.609271867956,0.05599807267264873,16.435063736525922,0.9996784516598731,1.0
9.0,-1542.5837446483056,0.0,3069.6061401593633,0.00032601515237150374,16.43476224478407,0.0,0.0
