iter,val,proj,gnorm,dnorm,xnorm,step,maxstep
1.0,29.999999999992724,0.0,3064.854141963366,11.982783959358803,12.24744871391589,0.5094641965235178,1.0
2.0,-785.0018335133391,0.0,3063.537619660634,5.905117558093941,13.618553064547504,0.5599406005398072,1.0
3.0,-1195.949615284324,0.0,3062.9774818951796,2.812976148137214,15.245777760116916,0.6630488739156835,1.0
4.0,-1403.1760718185615,0.0,3062.8761464510762,1.13673146499631,16.204906087142984,1.0,1.0
5.0,-1506.8633889653174,0.0,3062.7651900229466,0.6059604176610945,16.661110326587263,1.0,1.0
6.0,-1507.1973677150017,0.0,3062.7485117597134,0.44784815593152555,16.586096493820502,1.0,1.0
7.0,-1507.3912151885852,0.0,3062.739611050138,0.29202102507734734,16.566161932153268,1.0,1.0
8.0,-1507.4612082718777,0.0,3062.7611984399905,0.022488406724569435,16.562432615918944,0.9909336199703913,1.0
9.0,-1507.4630408247103,0.0,3062.758465389985,0.0009541778082723553,16.56255668844912,0.0,0.0
