iter,val,proj,gnorm,dnorm,xnorm,step,maxstep
1.0,29.999999999996362,0.0,3052.4874231105355,12.099753285303688,12.24744871391589,0.47470874445659883,1.0
2.0,-767.6579812523778,0.0,3051.978532337773,6.435698860515462,13.484272883160953,0.5314301104521517,1.0
3.0,-1206.8076105031323,0.0,3051.640381816482,3.2008265886244516,15.123232840061569,0.6141155214022679,1.0
4.0,-1436.3053285386122,0.0,3051.6099347200893,1.3415556687860284,16.17420195924909,0.7381995535120315,1.0
5.0,-1540.7992986430472,0.0,3051.5906567560573,0.6002326954938504,16.67113143702988,1.0,1.0
6.0,-1577.708892589857,0.0,3051.587424165581,0.3729284234288349,16.811466151866448,1.0,1.0
7.0,-1577.8407590377356,0.0,3051.582269857637,0.21829855632725206,16.781803795109994,1.0,1.0
8.0,-1577.8774306067498,0.0,3051.57801424224,0.04568073176877555,16.776574410927754,0.9993459827532862,2.3675114132183177
9.0,-1577.878473288998,0.0,3051.581322616795,0.0003659071581495239,16.77642806903332,0.0,0.0
