iter,val,proj,gnorm,dnorm,xnorm,step,maxstep
1.0,29.99999999998181,0.0,3071.3535049554293,12.014989532610919,12.24744871391589,0.47068881930607304,1.0
2.0,-721.1538942046063,0.0,3069.9202115611142,6.3194360170441835,13.43322401977125,0.4961881284753177,1.0
3.0,-1111.873678529777,0.0,3069.2634259176425,3.270457595163633,14.920180899594028,0.5382725153042971,1.0
4.0,-1317.4457517910632,0.0,3068.964075396196,1.6500312586259145,15.86855338993383,0.6510726840556743,1.0
5.0,-1429.9904456741206,0.0,3068.8158076780414,0.8584292425739015,16.40885896051402,1.0,1.0
6.0,-1489.8635516797658,0.0,3068.7513697657027,0.5843100765252336,16.666030444996647,1.0,1.0
7.0,-1490.1586549017156,0.0,3068.756980459476,0.4624505501822334,16.62593668238106,1.0,1.0
8.0,-1490.2958824272064,0.0,3068.776436211794,0.2196662689941925,16.613535323989538,0.44837253539249855,1.0
9.0,-1490.3285732377735,0.0,3068.7711017037873,0.09930326226678128,16.61728157983801,0.8201376685453586,1.0
10.0,-1490.3472723526247,0.0,3068.7696272852845,0.04976938972252255,16.62078542138472,1.0,1.0
11.0,-1490.3537113715538,0.0,3068.7719375129145,4.6377509072871e-05,16.621176305758137,0.0,0.0
