iter,val,proj,gnorm,dnorm,xnorm,step,maxstep
1.0,29.999999999992724,0.0,3062.2986719394303,12.102520872870283,12.24744871391589,0.4394401911328034,1.0
2.0,-726.2300958848209,0.0,3060.7657311941107,6.7490350233193155,13.316629480409935,0.45103489585539136,1.0
3.0,-1132.782688520092,0.0,3059.97896849664,3.7488495652627725,14.730115727503437,0.47257018402478,1.0
4.0,-1357.5907639659563,0.0,3059.543635338963,2.046032520110086,15.712294236171504,0.5169694015209119,1.0
5.0,-1484.4161704357757,0.0,3059.303233044201,1.1211687441693494,16.30276683569452,0.6813686219031307,1.0
6.0,-1564.1816407717415,0.0,3059.1661503365744,0.6313179869541525,16.6608433756975,1.0,1.0
7.0,-1601.379818438556,0.0,3059.1213375783786,0.39108536593468035,16.78939148830072,1.0,1.0
8.0,-1601.5202319376185,0.0,3059.1265052994436,0.1864839221267275,16.760304991703435,1.0,1.0
9.0,-1601.5522390187725,0.0,3059.1270028189574,0.06160955141192761,16.756730416411575,1.0004757427094066,1.331847362038169
10.0,-1601.5541377901063,0.0,3059.1238719282646,0.000892419327489003,16.756691248488277,0.0,0.0
