iter,val,proj,gnorm,dnorm,step,maxstep
1.0,7490.156566866255,0.0,3117.041735278681,12.24744871391589,1.0,1.0
2.0,0.0,0.0,3117.041735278681,0.0,0.0,0.0
