iter,val,proj,gnorm,dnorm,step,maxstep
1.0,7490.156566866266,0.0,3134.876603197825,12.24744871391589,1.0,1.0
2.0,0.0,0.0,3134.876603197825,0.0,0.0,0.0
