iter,val,proj,gnorm,dnorm,step,maxstep
1.0,7490.156566866257,0.0,3118.0798264690297,12.24744871391589,1.0,1.0
2.0,0.0,0.0,3118.0798264690297,0.0,0.0,0.0
