iter,val,proj,gnorm,dnorm,step,maxstep
1.0,7490.15656686627,0.0,3120.9506304982033,12.24744871391589,1.0,1.0
2.0,0.0,0.0,3120.9506304982033,0.0,0.0,0.0
