iter,val,proj,gnorm,dnorm,step,maxstep
1.0,7490.156566866262,0.0,3138.405834943775,12.24744871391589,1.0,1.0
2.0,0.0,0.0,3138.405834943775,0.0,0.0,0.0
