iter,val,proj,gnorm,dnorm,step,maxstep
1.0,7490.156566866261,0.0,3116.2406938250347,12.24744871391589,1.0,1.0
2.0,0.0,0.0,3116.2406938250347,0.0,0.0,0.0
