iter,val,proj,gnorm,dnorm,xnorm,step,maxstep
1.0,39.999999999992724,0.0,3534.513079866589,13.937963909622738,14.142135623730951,0.4408936530502072,1.0
2.0,-950.8195975189155,0.0,3532.9950414287036,7.889450182210742,15.364768345674703,0.4993953158912261,1.0
3.0,-1538.1067444100954,0.0,3532.178636068852,4.171031984841793,17.158067030492315,0.5932999227180217,1.0
4.0,-1874.2385072648467,0.0,3531.7611912331276,1.9389507067866003,18.472658638302526,0.6988297895187008,1.0
5.0,-2031.9923981516113,0.0,3531.6412083766354,0.8768339857944981,19.138027100597604,0.9461999519097659,1.0
6.0,-2095.8370786828236,0.0,3531.5698565873627,0.776052611915282,19.382211554741684,0.539171747848184,1.0
7.0,-2097.9677802423867,0.0,3531.578935735346,0.5295162438503012,19.365806329721472,1.0,1.0
8.0,-2099.853578708822,0.0,3531.56626686274,0.4690219369537625,19.356078740818177,0.46345443276536874,1.0
9.0,-2099.9290760562144,0.0,3531.5714600684505,0.1965304781940347,19.34983693783792,1.0,1.0
10.0,-2099.9851054832616,0.0,3531.5720222318946,0.07431814530201106,19.346745580468546,0.7143487322016746,1.0
11.0,-2099.9889837144947,0.0,3531.575675197461,0.03671743291923327,19.346729620192743,1.0,1.0
12.0,-2099.9906807023253,0.0,3531.5765061668108,0.014906345085526369,19.347615147452863,0.9999999999998134,26.918562326418165
13.0,-2099.9907918018944,0.0,3531.576254241199,6.020132375083137e-14,19.34797558791431,0.0,0.0
