iter,val,proj,gnorm,dnorm,xnorm,step,maxstep
1.0,40.0,0.0,3543.7735078605124,13.892363266267953,14.142135623730951,0.47570488088261187,1.0
2.0,-999.2256139809615,0.0,3542.0736503147346,7.482844457908385,15.547408310179277,0.526043982048903,1.0
3.0,-1563.375045594581,0.0,3541.5057391322007,3.5979715008468887,17.410204843616697,0.5452210246512913,1.0
4.0,-1830.4372530735964,0.0,3541.0859829823858,1.9223986961762927,18.477514369505265,0.5871828090766883,1.0
5.0,-1959.1602557243168,0.0,3541.0639042110565,1.1063047389849177,19.012889476604457,0.5716240245144785,1.0
6.0,-2010.5650447767694,0.0,3540.8888711335626,0.8449934566713516,19.20088709997871,0.6396443430844218,1.0
7.0,-2035.2613336728718,0.0,3540.9679888657543,0.7025654548213255,19.28399264055612,0.6996413815590815,1.0
8.0,-2045.0967345501267,0.0,3540.859734875899,0.597563346675265,19.29681733922305,0.6151046575046696,1.0
9.0,-2047.7905480729278,0.0,3540.9398480141385,0.3493504638480328,19.300813413840512,0.7444255709913178,1.0
10.0,-2049.0630082065945,0.0,3540.8929123101975,0.2218945922850244,19.29750284403579,0.7559242100318155,1.0
11.0,-2049.401427727542,0.0,3540.924673784843,0.07321697231639239,19.30080282344789,0.5796315697246168,1.0
12.0,-2049.463995799353,0.0,3540.915184077403,0.030136348900708553,19.300427279124396,1.0,1.0
13.0,-2049.5088563138634,0.0,3540.9177185364724,0.023434980674159906,19.301587362719992,4.010062786469053,6.761370987611667
14.0,-2049.5099574735214,0.0,3540.9098177196124,0.03747855477929707,19.304772431079822,0.5216638866279961,1.0
15.0,-2049.510707348203,0.0,3540.9145415540843,0.0133986481144072,19.305238680485118,1.0,1.0
16.0,-2049.51102038753,0.0,3540.9164990486515,0.012644260683247076,19.30591287754802,0.9999999667650135,28.432592245737176
17.0,-2049.51110032621,0.0,3540.914321316554,9.646763663139476e-09,19.306131769179938,0.0,0.0
