iter,val,proj,gnorm,dnorm,xnorm,step,maxstep
1.0,40.0,0.0,3541.8569939276204,13.81873783516942,14.142135623730951,0.4728809337235966,1.0
2.0,-1001.9591949953901,0.0,3539.9305850942997,7.363835841899347,15.494912389169864,0.5166599258055297,1.0
3.0,-1563.7320837098414,0.0,3539.0101829284777,3.653101722853468,17.294311617159128,0.5725611011578688,1.0
4.0,-1853.771228830523,0.0,3538.583593439703,1.7837892778539353,18.41625160259349,0.7458599942693094,1.0
5.0,-2012.4201734883973,0.0,3538.4129724444742,0.844438002504968,19.03012586249573,1.0,1.0
6.0,-2066.334440023431,0.0,3538.34133627242,0.5724561873955317,19.192836088698076,1.0,1.0
7.0,-2066.635041923917,0.0,3538.3726219974365,0.27079652824455414,19.144514082009753,1.0,1.0
8.0,-2066.6886214517035,0.0,3538.3927680920206,0.014224105896970115,19.133909481679357,1.0,1.0
9.0,-2066.6887545287937,0.0,3538.39313206541,0.0008239841358675903,19.134084762462848,0.0,0.0
