iter,val,proj,gnorm,dnorm,xnorm,step,maxstep
1.0,40.0,0.0,3552.3930805368373,13.886152063939711,14.142135623730951,0.42582581674710795,1.0
2.0,-820.0611968881385,0.0,3551.513045748989,7.92922216088175,15.262650119055193,0.45792586497191956,1.0
3.0,-1312.2714316201673,0.0,3551.1460322651014,4.4895744462370715,16.865891213045085,0.5364870214472106,1.0
4.0,-1611.4084430305993,0.0,3550.985219242311,2.308895811056215,18.07585260360007,0.6584477863347887,1.0
5.0,-1777.2692917845852,0.0,3550.91152627612,1.1210476776616705,18.781626143220766,1.0,1.0
6.0,-1862.4192789459303,0.0,3550.9038419801373,0.6694640153359431,19.085265911730563,1.0,1.0
7.0,-1862.8372729494295,0.0,3550.9132841317282,0.45013388291114964,19.012262994851636,1.0,1.0
8.0,-1863.0244469975078,0.0,3550.92130505453,0.1763289774143845,18.994149236378963,1.0,1.0
9.0,-1863.0427066830198,0.0,3550.9240341312943,0.010076351402864859,18.990657513045,1.1870329702462263,13.470414473195794
10.0,-1863.0427669444434,0.0,3550.923766793544,0.003810154663744022,18.990436514204486,0.8775423817637136,146.75889439646346
11.0,-1863.0427733142387,0.0,3550.923851950182,0.0010918374093537612,18.990320196829675,1.1800668372222045,111.79576819949604
12.0,-1863.0427740175946,0.0,3550.9238351663207,0.0004226248842530268,18.99030118940617,0.0,0.0
