iter,val,proj,gnorm,dnorm,xnorm,step,maxstep
1.0,5.999999999999993,0.0,81.10534517530517,1.7104605202954448,1.7320508075688779,0.552644637449287,1.0
2.0,-21.74586426410378,0.0,80.42687563065952,0.778272374690744,1.8826100079234853,0.5885131225984372,1.0
3.0,-34.415732091532064,0.0,80.11698466830677,0.33494331752121637,2.0897823329665752,0.6409920641881228,1.0
4.0,-39.9834391788668,0.0,79.98124949286439,0.1333240674750601,2.1998021433200674,0.7253693855864314,1.0
5.0,-42.22600049568072,0.0,79.92689982349842,0.04492854349200915,2.245453013562661,0.8509231070346915,1.0
6.0,-42.9459172159845,0.0,79.90962668222271,0.010405938511880798,2.2592774132960365,0.9957141603584249,1.0
7.0,-43.071340335697876,0.0,79.90668511927942,0.0008409930463507085,2.2611821057068,0.0,0.0
