iter,val,proj,gnorm,dnorm,xnorm,step,maxstep
1.0,6.000000000000014,0.0,78.8549908249592,1.7025619395178369,1.7320508075688779,0.5428059398782489,1.0
2.0,-20.45632239906942,0.0,78.18893221318308,0.7928200117715396,1.8843790804488965,0.5882046292343885,1.0
3.0,-33.008129821520214,0.0,77.87342956239289,0.3507464126743653,2.0886031259274223,0.6664545137793426,1.0
4.0,-38.74589314517242,0.0,77.7300231114573,0.1382751284717241,2.201366198392062,0.7968306640953696,1.0
5.0,-41.01307335336312,0.0,77.67394402960794,0.0402541609268424,2.246890209325603,0.9691081729049374,1.0
6.0,-41.57116062826404,0.0,77.66042734001232,0.005308263498629403,2.2568208398552434,1.0,1.0
7.0,-41.58893432476895,0.0,77.66007205993918,0.00013565892296916023,2.256637463959311,0.0,0.0
