iter,val,proj,gnorm,dnorm,xnorm,step,maxstep
1.0,5.999999999999993,0.0,81.02954977047077,1.707667610124016,1.7320508075688779,0.5435186130975838,1.0
2.0,-21.924821580565975,0.0,80.34523967292878,0.7916474499810173,1.8867261354310612,0.5853401377292903,1.0
3.0,-35.09694182228017,0.0,80.02251019837898,0.34809044164718933,2.092267315121017,0.656839551631864,1.0
4.0,-41.108367056042496,0.0,79.8758600345186,0.13793220198153883,2.2034438653520865,0.7801103602606486,1.0
5.0,-43.5374018040482,0.0,79.81714723943924,0.04285848396176871,2.247826226690016,0.9651162429886605,1.0
6.0,-44.195892144102174,0.0,79.80155264251438,0.006285432687106276,2.2576139049968296,1.0,1.0
7.0,-44.21967340580037,0.0,79.8010817006949,0.00018188580058716252,2.257156968340171,0.0,0.0
