iter,val,proj,gnorm,dnorm,xnorm,step,maxstep
1.0,5.999999999999979,0.0,86.13429815123591,1.7131371223576939,1.7320508075688774,0.5424695593556413,1.0
2.0,-23.157798161535503,0.0,85.46121578598185,0.7933582964633298,1.8918646189531456,0.5742303322316987,1.0
3.0,-36.72657317499616,0.0,85.14788583416727,0.35305622367196837,2.1005181651965454,0.6252860663977707,1.0
4.0,-42.90005392666822,0.0,85.00575472471331,0.14533590790255607,2.2148025824501816,0.7049408106926782,1.0
5.0,-45.48589460603538,0.0,84.94653567382203,0.05124543023352104,2.2640753873685595,0.8201435085074756,1.0
6.0,-46.37034263670004,0.0,84.92644696083552,0.01323393188026796,2.280126896357603,0.9633800768479328,1.0
7.0,-46.55694300905842,0.0,84.9222783609504,0.0015369083115769923,2.2829577643324037,1.0,1.0
8.0,-46.564033373980386,0.0,84.92213539102046,4.27203163593994e-05,2.28292598303938,0.0,0.0
