iter,val,proj,gnorm,dnorm,xnorm,step,maxstep
1.0,6.0,0.0,81.6778311783877,1.7071672233766173,1.7320508075688774,0.5423608195611789,1.0
2.0,-20.801484473300526,0.0,81.02485953926917,0.7886413587673088,1.8875703268807968,0.5823214544495002,1.0
3.0,-33.41614402961097,0.0,80.71805527334881,0.35080091046624823,2.0896236415295775,0.662641130529457,1.0
4.0,-39.293255806494834,0.0,80.5760768217513,0.13946400211491566,2.199083045392884,0.8029300655671078,1.0
5.0,-41.674353297993164,0.0,80.51922683658645,0.04161535365630498,2.242140119783313,1.0,1.0
6.0,-42.256678757059056,0.0,80.50570625889954,0.004944447955881094,2.24969270428596,0.9999991868818016,1.9598033978249796
7.0,-42.25669098083192,0.0,80.50580154224876,1.6790705279624614e-08,2.2487907661524162,0.0,0.0
