iter,val,proj,gnorm,dnorm,xnorm,step,maxstep
1.0,5.999999999999993,0.0,82.9012089176352,1.7001979341784343,1.7320508075688774,0.5393641931411757,1.0
2.0,-23.073986444560333,0.0,82.20370999795325,0.7984733734306766,1.8852671022503569,0.5871361802234285,1.0
3.0,-37.094762717505596,0.0,81.86770604101581,0.35732659174667536,2.089265457193532,0.6751947598965482,1.0
4.0,-43.629687159461675,0.0,81.71198052270864,0.13856597457054737,2.203236939950637,0.8151553617410424,1.0
5.0,-46.1707760191879,0.0,81.65204747695986,0.03911811614164498,2.247908787572464,0.9992205662052959,1.0
6.0,-46.74460586190909,0.0,81.63882538882663,0.004088389074415501,2.2564355745280555,1.0,1.0
7.0,-46.74506114968435,0.0,81.6388857983679,3.168996424713511e-06,2.2559467644650564,0.0,0.0
