iter,val,proj,gnorm,dnorm,xnorm,step,maxstep
1.0,6.000000000000007,0.0,80.38698689467718,1.710636831582092,1.7320508075688774,0.5368123679912091,1.0
2.0,-21.042510642878014,0.0,79.71754451009103,0.7984119158406902,1.894184893290669,0.5713364761371174,1.0
3.0,-33.81736621039333,0.0,79.40143814578215,0.35983745845809467,2.0994951704087095,0.6357444283323109,1.0
4.0,-39.78963783089929,0.0,79.25438019986215,0.14979164817379878,2.2122842649858776,0.7509128641014043,1.0
5.0,-42.3357890627471,0.0,79.19224550287132,0.050063436894915964,2.2602305778370004,0.9233848338385746,1.0
6.0,-43.112624791716826,0.0,79.17360969149159,0.009206843545439457,2.272876239192158,1.0,1.0
7.0,-43.17699725354193,0.0,79.17217352469139,0.0004951221409791915,2.2730051282521635,0.0,0.0
