iter,val,proj,gnorm,dnorm,step,maxstep
1.0,206.85581690891843,0.0,76.59843921361599,13.906331924917463,0.6577585049173535,1.0
2.0,-37.863661965609765,0.0,71.06702541256085,6.59649381185883,1.0,1.0
3.0,-148.14501293368636,0.0,69.67790316068854,2.5407703062433646,0.9999999815867054,1.0
4.0,-151.6568430008843,0.0,70.05265560899662,9.477969954486423e-07,0.0,0.0
