iter,val,proj,gnorm,dnorm,step,maxstep
1.0,206.85581690891837,0.0,75.41245427620973,13.752632572475267,0.6934865855124714,1.0
2.0,-40.928793004111185,0.0,69.90988150126326,6.71778460671067,1.0,1.0
3.0,-143.8517967954936,0.0,68.80268746741247,2.1608402426984616,1.0,1.0
4.0,-146.50221080764328,0.0,69.12530092913207,0.05212400902529453,0.9999999980007004,11.695698522673508
5.0,-146.50356926379882,0.0,69.12455040944084,1.0722327518329346e-08,0.0,0.0
