iter,val,proj,gnorm,dnorm,step,maxstep
1.0,206.85581690891854,0.0,76.31400545090804,13.833235718285948,0.6616163047776427,1.0
2.0,-32.73481500617493,0.0,70.93364815795913,6.747563805496637,1.0,1.0
3.0,-141.85268305965798,0.0,69.66300144749474,2.5747025902371243,1.0,1.0
4.0,-145.51218288779154,0.0,70.05460432340739,0.0013829945108028733,0.9949692057961672,161.73279241012605
5.0,-145.5121838393174,0.0,70.05457654546257,3.0255161950767925e-06,0.0,0.0
