iter,val,proj,gnorm,dnorm,step,maxstep
1.0,206.8558169089186,0.0,76.16681195876603,13.78990157499441,0.666999173252441,1.0
2.0,-39.678621007038544,0.0,70.62056009433506,6.6749553197792775,1.0,1.0
3.0,-150.28422019100793,0.0,69.29723311267585,2.514625530233108,0.999188997376457,1.0
4.0,-153.81110433273733,0.0,69.67765942999604,0.028197945408083007,0.8649006234979191,1.0
5.0,-153.81170611742093,0.0,69.6779837934852,0.0002739446019084409,0.0,0.0
