iter,val,proj,gnorm,dnorm,step,maxstep
1.0,206.85581690891854,0.0,76.35700418403817,13.883286779228714,0.6357043193993757,1.0
2.0,-32.347408026189555,0.0,70.82284792011066,6.688636587420482,1.0,1.0
3.0,-146.81306919792226,0.0,69.2925407995318,2.8310265156448184,0.9997777202676876,1.0
4.0,-151.21787876106202,0.0,69.7137439241248,0.0305465246200402,0.7605336655880842,1.0
5.0,-151.2183009044316,0.0,69.71414826023921,0.005634877705399786,1.0,1.0
6.0,-151.21834301766665,0.0,69.71415067273779,0.0022520872932219765,1.4674045588358366,45.429504958572245
7.0,-151.21834673892914,0.0,69.71416616478864,0.0007986274660711227,0.0,0.0
