iter,val,proj,gnorm,dnorm,step,maxstep
1.0,206.85581690891843,0.0,74.26425832094618,13.871615710479773,0.656897457199947,1.0
2.0,-31.54881414784768,0.0,68.73433366248803,6.611618353188152,1.0,1.0
3.0,-139.6388007216438,0.0,67.39441363581777,2.661080731880778,0.9997104943741031,1.0
4.0,-143.5741500867665,0.0,67.81994231687754,0.013027613169459105,0.923840897055572,1.0
5.0,-143.57433430113952,0.0,67.82001919779857,0.00011885734976487265,0.0,0.0
