iter,val,proj,gnorm,dnorm,step,maxstep
1.0,206.85581690891854,0.0,74.13995659534218,13.687835826106934,0.6707207524813028,1.0
2.0,-19.835452984718472,0.0,69.02172215324319,6.727933679149143,1.0,1.0
3.0,-121.65264029692352,0.0,67.98731368764803,2.560378696728477,0.9998751158680541,1.0
4.0,-125.29755911556143,0.0,68.40189284427666,0.0031582198774842054,0.9902288713005359,1.0
5.0,-125.29760953230917,0.0,68.40188257112642,4.960978328678327e-06,0.0,0.0
