iter,val,proj,gnorm,dnorm,step,maxstep
1.0,165.48465352713487,0.0,69.67436704247969,12.423732565289356,0.654021008702522,1.0
2.0,-36.40049404206803,0.0,64.6122254524647,5.858601006438002,1.0,1.0
3.0,-127.59266688333273,0.0,63.241487900343294,2.314164123466855,0.9999998792410707,1.0
4.0,-130.49947898423906,0.0,63.58257334651385,4.531064653510022e-06,0.0,0.0
