iter,val,proj,gnorm,dnorm,step,maxstep
1.0,165.48465352713475,0.0,65.6389467219621,12.375161283325678,0.6644188647690096,1.0
2.0,-20.446967038436526,0.0,60.81315559523776,5.9757624102872935,1.0,1.0
3.0,-104.1969904912261,0.0,59.757881462407255,2.373546128432737,0.9999957532324358,1.0
4.0,-107.26906530275373,0.0,60.152290686374265,0.00016233954635824974,0.0,0.0
