iter,val,proj,gnorm,dnorm,step,maxstep
1.0,165.48465352713475,0.0,68.77346946874921,12.467406782986766,0.6588733382540191,1.0
2.0,-33.160500227936666,0.0,63.75922975301636,5.926612004249476,1.0,1.0
3.0,-122.2664446560104,0.0,62.48904099890464,2.3084311256281937,1.0,1.0
4.0,-125.19036519653329,0.0,62.83748672491023,2.383019044751135e-05,0.0,0.0
