iter,val,proj,gnorm,dnorm,step,maxstep
1.0,165.4846535271348,0.0,63.90598532819269,12.327888855302355,0.6745272481089389,1.0
2.0,-15.848087627619861,0.0,59.16202882302634,5.9557776168779615,1.0,1.0
3.0,-95.18713481212502,0.0,58.239235183237355,2.291327629904774,0.9996426571938027,1.0
4.0,-98.06986503547336,0.0,58.6290878829272,0.012813494342816993,0.9198034266660405,1.0
5.0,-98.07002551154565,0.0,58.62916477507514,7.01003420963087e-05,0.0,0.0
