iter,val,proj,gnorm,dnorm,step,maxstep
1.0,165.48465352713475,0.0,69.80666165037388,12.447444526663142,0.6483639004826839,1.0
2.0,-33.634685442492355,0.0,64.75620674029108,6.000545606840049,1.0,1.0
3.0,-125.60041142872785,0.0,63.47959634020459,2.4089263300211674,0.8774322124324366,1.0
4.0,-128.68025265815126,0.0,63.68386547744127,0.589420002665763,0.6908048411228079,1.0
5.0,-128.90471088618085,0.0,63.750773578594966,0.11644688463436872,1.0,1.0
6.0,-128.94433556623355,0.0,63.77267041039974,0.05979066183345729,0.9999997282654176,12.963390438274677
7.0,-128.94612302736877,0.0,63.76746180581003,2.227798610834103e-06,0.0,0.0
