iter,val,proj,gnorm,dnorm,step,maxstep
1.0,165.4846535271348,0.0,70.10634910455528,12.542242347914986,0.6358482864261146,1.0
2.0,-35.632709294653125,0.0,64.99258750414164,5.96329212180015,1.0,1.0
3.0,-130.87270916641606,0.0,63.477134649870294,2.367589557197697,0.9999999513776239,1.0
4.0,-133.97642804551228,0.0,63.8168617240385,1.7109576187473905e-06,0.0,0.0
