iter,val,proj,gnorm,dnorm,step,maxstep
1.0,165.4846535271348,0.0,67.04846513356871,12.282048480036831,0.6635547041495321,1.0
2.0,-18.691887296260006,0.0,62.402847346511905,6.002334728793669,1.0,1.0
3.0,-102.33547929951425,0.0,61.383942910290216,2.237448660529995,0.9999931918687704,1.0
4.0,-105.17810002050425,0.0,61.72544146639669,0.00027263623309111844,0.0,0.0
