iter,val,proj,gnorm,dnorm,step,maxstep
1.0,165.4846535271347,0.0,66.65435518229532,12.480778620425841,0.6453748669001576,1.0
2.0,-23.434455224007138,0.0,61.71954858663795,5.9396730235497515,1.0,1.0
3.0,-111.11888534488304,0.0,60.45347996862199,2.5163763411840985,0.9998925368788779,1.0
4.0,-114.53439065416532,0.0,60.85717625475996,0.00384782878518943,0.9789657006294159,1.0
5.0,-114.5344241775424,0.0,60.85718917920902,6.453531537554354e-06,0.0,0.0
