iter,val,proj,gnorm,dnorm,xnorm,step,maxstep
1.0,300.0,0.0,3066.0662535669385,12.034898670117666,12.24744871391589,0.5721925590740157,1.0
2.0,-647.3267109259759,0.0,3064.7502248074347,5.352536517601935,13.34184260185112,0.6870551591749811,1.0
3.0,-1105.3036518877325,0.0,3064.254595193453,1.9304795017608638,14.976881553238348,0.867856590682729,1.0
4.0,-1281.5629330355223,0.0,3064.140781081155,0.49577381462340503,15.721488575367255,1.0,1.0
5.0,-1308.1972521735443,0.0,3064.1533337015676,0.07009109903303613,15.798764025106834,1.0361923683004097,3.2906832128570356
6.0,-1308.1997974568876,0.0,3064.157070543229,0.0036317978003348596,15.788621016841592,1.0713182724326409,40.068428472157784
7.0,-1308.1998045221917,0.0,3064.1571513093277,0.00021258315672731802,15.788757411189533,0.0,0.0
