iter,val,proj,gnorm,dnorm,xnorm,step,maxstep
1.0,300.0,0.0,3061.512920067136,12.004941998291908,12.24744871391589,0.49462999812161523,1.0
2.0,-486.2929372666367,0.0,3060.418766198166,6.19002202522414,12.999735241218792,0.5723084220109226,1.0
3.0,-915.9318786222611,0.0,3059.9414227027987,2.895310528091775,14.40866228223701,0.7217510950803344,1.0
4.0,-1139.7090907124802,0.0,3059.7327041906346,1.1928617616654422,15.341558131147382,1.0,1.0
5.0,-1224.793577640763,0.0,3059.6364455288226,0.26829067747304985,15.672525012925625,1.0,1.0
6.0,-1224.8316080172463,0.0,3059.6256475727805,0.010190131201362123,15.641173131094016,1.0791841590327318,67.9374171725511
7.0,-1224.8316640478079,0.0,3059.6256294325276,0.00021727410121343062,15.640693000665415,0.0,0.0
