iter,val,proj,gnorm,dnorm,xnorm,step,maxstep
1.0,300.0,0.0,3067.964156033118,12.047584638129885,12.24744871391589,0.5474921200394218,1.0
2.0,-558.7256645773632,0.0,3066.392181209319,5.626129565591112,13.250822939128582,0.6466045275046886,1.0
3.0,-988.1668440040521,0.0,3065.8087574920564,2.2970031185983046,14.81693999509885,0.8452114794144713,1.0
4.0,-1180.7837335054937,0.0,3065.690269315226,0.7000919825454217,15.639095695221943,1.0,1.0
5.0,-1215.7707387255068,0.0,3065.659288893259,0.10789282287244695,15.775905091172802,0.9998538312326751,1.8457198081017874
6.0,-1215.776558305377,0.0,3065.659880449635,8.995024390509353e-05,15.768054089142455,0.0,0.0
