iter,val,proj,gnorm,dnorm,xnorm,step,maxstep
1.0,300.0,0.0,3061.61704289449,12.024101856460858,12.24744871391589,0.5232569396198394,1.0
2.0,-517.9882595012568,0.0,3061.275911413372,5.90114334482233,13.167452461354333,0.612926830660119,1.0
3.0,-944.9205181534344,0.0,3061.1328807960012,2.6263258247171692,14.71717482262657,0.827876034397326,1.0
4.0,-1161.0120127853406,0.0,3061.135252889459,0.8249873421250953,15.674739489772701,1.0,1.0
5.0,-1205.4490845330693,0.0,3061.154131702925,0.12368831860566079,15.837294925602537,1.0,1.0
6.0,-1205.4573553618156,0.0,3061.1547865505904,0.008641969066578959,15.824341567028318,1.159835873944968,34.77318063209972
7.0,-1205.457398672217,0.0,3061.1538880004605,0.00029202910598434117,15.823901423816947,0.0,0.0
