iter,val,proj,gnorm,dnorm,xnorm,step,maxstep
1.0,300.0,0.0,3050.6925204349914,12.020244811705515,12.24744871391589,0.5195706372166586,1.0
2.0,-562.8555185520745,0.0,3049.6420865226255,5.927449598852246,13.108495877064911,0.5933057339914062,1.0
3.0,-1006.8795816283182,0.0,3049.2171098913586,2.650989546812563,14.554189281574972,0.7285748790376647,1.0
4.0,-1221.6783874972534,0.0,3049.1355340183663,1.0199085671181323,15.431021931836655,1.0,1.0
5.0,-1300.684685999322,0.0,3049.1569907538287,0.25948555841080967,15.743597627629407,1.0,1.0
6.0,-1300.7409507590928,0.0,3049.1857773543275,0.000436377286428982,15.720143676761593,0.0,0.0
