iter,val,proj,gnorm,dnorm,xnorm,step,maxstep
1.0,59.99999999998545,0.0,4335.791741280478,16.970747165121097,17.320508075688775,0.4669507862964916,1.0
2.0,-1437.6093686270979,0.0,4333.228438716828,9.16425039386775,18.958186273074464,0.5513426520858484,1.0
3.0,-2318.807791214196,0.0,4331.977027584483,4.586671726474849,21.317887639214664,0.6641033190642546,1.0
4.0,-2778.308995934196,0.0,4331.608693054346,1.849780757332415,22.863831046784433,0.7926408508592926,1.0
5.0,-2959.2523419208737,0.0,4331.444394442771,1.0921633591210909,23.468098951980778,0.8093309992467177,1.0
6.0,-2997.7728608558828,0.0,4331.401244423452,1.0607222165594725,23.555930311167508,0.5000802024838302,1.0
7.0,-3002.539277972748,0.0,4331.408158268794,0.6761552135674131,23.535661375589097,0.7674093830255228,1.0
8.0,-3006.2461699783453,0.0,4331.393417510864,0.6091368941487466,23.526343239969574,0.4551215742358422,1.0
9.0,-3006.822330434952,0.0,4331.394122412041,0.2631258779328249,23.516647570931518,0.7235747592516252,1.0
10.0,-3007.3005079437353,0.0,4331.3853251249975,0.2198524740927829,23.512450665504943,0.9301142110754419,1.0
11.0,-3007.4813184318846,0.0,4331.384929081488,0.0754713814821569,23.507024379114892,0.5393017155132993,1.0
12.0,-3007.489768422085,0.0,4331.383596781243,0.013757527035545851,23.507299532175654,1.0,1.0
13.0,-3007.495741876781,0.0,4331.383196316318,0.009579212478506969,23.507064008159883,4.7121256796511926,27.462611464121622
14.0,-3007.4959580722134,0.0,4331.383373725287,0.011674731061634497,23.507036852900526,0.6010637413921852,43.60742056883402
15.0,-3007.495999034487,0.0,4331.383250169611,0.0029297074152774293,23.507218102776797,1.7558828588347797,84.37517076028608
16.0,-3007.496006570065,0.0,4331.383283544248,0.0026292237037996457,23.50735085463327,0.7818401208078626,74.81095028408339
17.0,-3007.4960092724214,0.0,4331.383229594706,0.0015492274315990512,23.50736944139141,1.398172995607623,115.40270131401272
18.0,-3007.496010950279,0.0,4331.383250820499,0.0016750113675878427,23.50735839679442,0.795328033184687,322.9654307969206
19.0,-3007.4960120659816,0.0,4331.383229653511,0.0010383468283243435,23.507380970717346,1.395183774053723,169.0376284280612
20.0,-3007.4960128180974,0.0,4331.3832484803015,0.0011294494483755975,23.507379702715866,0.795442232757662,469.04624977698813
21.0,-3007.4960133254353,0.0,4331.38323265263,0.0007004752424276974,23.507394551810247,0.0,0.0
