iter,val,proj,gnorm,dnorm,xnorm,step,maxstep
1.0,59.999999999992724,0.0,4324.925873253552,16.960594947898105,17.320508075688775,0.44764519280744947,1.0
2.0,-1414.6670168421333,0.0,4321.930985140868,9.685239497013766,18.821795849209014,0.5571397514254192,1.0
3.0,-2365.6978229280503,0.0,4320.758769342498,4.49032840548896,21.309590302488004,0.6385670702331123,1.0
4.0,-2830.1628650355633,0.0,4320.246003978659,1.8787941090638223,22.830960952238534,0.8193146442479979,1.0
5.0,-3041.827976962799,0.0,4320.009523393559,1.0033524318836362,23.529317764660156,1.0,1.0
6.0,-3088.6171369637013,0.0,4320.028232724219,0.8601096464388377,23.60342165838271,0.7411240575894134,1.0
7.0,-3089.002138775373,0.0,4319.990544625899,0.603504268129984,23.573545684284777,0.9307822578003914,1.0
8.0,-3089.2067335090323,0.0,4320.033238827616,0.38427018910440447,23.552524540713645,0.4182327785152793,1.0
9.0,-3089.2776869541703,0.0,4320.013796301194,0.1983043564323772,23.552534492582446,0.9855483958238919,1.0
10.0,-3089.320215456195,0.0,4319.998910103188,0.1263980661094954,23.55314150129289,0.7818847262555122,1.0
11.0,-3089.335499016677,0.0,4320.007436470328,0.03062227621727416,23.55269317674116,1.0,1.0
12.0,-3089.3399949896193,0.0,4320.008302912628,0.0004835216400445758,23.552720668815507,0.0,0.0
