iter,val,proj,gnorm,dnorm,xnorm,step,maxstep
1.0,59.99999999998545,0.0,4332.431019196036,17.012719336848384,17.320508075688775,0.4592516147041989,1.0
2.0,-1422.5884528546012,0.0,4329.346783056053,9.403179933447525,18.92485568930561,0.5475320827656095,1.0
3.0,-2316.60838694196,0.0,4327.656695120666,4.6095840581877905,21.311720725769735,0.650366529570101,1.0
4.0,-2779.4341977271397,0.0,4326.989318128398,1.8445231321545847,22.858190349308256,0.8232415506529939,1.0
5.0,-2980.4597082336913,0.0,4326.692148851645,0.9793515870041087,23.540958973388108,1.0,1.0
6.0,-3023.6923773828967,0.0,4326.6462697163015,0.8063564904819402,23.602468492496907,0.767210071178644,1.0
7.0,-3024.0827465802286,0.0,4326.650049322325,0.5431021958576948,23.579364710168726,1.0,1.0
8.0,-3024.3029059043038,0.0,4326.652868683559,0.2935608473883062,23.561882954846098,0.48558155229801564,1.0
9.0,-3024.355880113486,0.0,4326.654539895033,0.1446012564274898,23.5635840884946,1.0,1.0
10.0,-3024.389388092597,0.0,4326.6582434242655,0.12874079550529355,23.56531312065877,0.9999657256918263,1.7892829788129134
11.0,-3024.3976749047433,0.0,4326.660227108165,0.0013150244974386232,23.564924953955703,1.0377798304968864,103.63641818250065
12.0,-3024.3976758020945,0.0,4326.660201479744,0.00038816149526014945,23.564937010315525,0.0,0.0
