iter,val,proj,gnorm,dnorm,xnorm,step,maxstep
1.0,40.00000000000006,0.0,70.575999815834,12.311701106641832,14.142135623730951,0.5088263392289049,1.0
2.0,-109.4227245160323,0.0,66.24776317904852,5.421796926882555,14.998678831992807,0.5771149753191436,1.0
3.0,-163.08932914353545,0.0,64.67977557961217,2.83289431967326,15.671495902986699,1.0,1.0
4.0,-195.18011479147242,0.0,63.822765182130105,1.9276802395745907,15.604711945259071,1.0,1.0
5.0,-198.7118913238564,0.0,63.83678881948467,1.4542965870141575,14.653280363582034,1.0,1.0
6.0,-200.6681321352928,0.0,63.84728985735369,0.9320588281304505,14.327920791105985,1.0,1.0
7.0,-201.46068394878637,0.0,63.85481363719269,0.18008624101568313,14.265976019002645,1.0,1.0
8.0,-201.4906339935473,0.0,63.856822014816565,0.0019374710100242,14.269797418055012,1.0136692524168016,8.764593361867808
9.0,-201.4906358961001,0.0,63.85683524614266,9.39433779630403e-05,14.269710419076748,0.0,0.0
