iter,val,proj,gnorm,dnorm,xnorm,step,maxstep
1.0,40.00000000000006,0.0,70.27845876229928,12.48640061745975,14.142135623730951,0.5082020937309414,1.0
2.0,-114.25801953648272,0.0,65.78352147165964,5.51484399598622,15.053952827132598,0.5703404535104198,1.0
3.0,-169.24465149176405,0.0,64.15886562190624,2.862247525669116,15.792093556796845,1.0,1.0
4.0,-202.55523778930925,0.0,63.249647263489386,1.8954900487014015,15.85899716828981,1.0,1.0
5.0,-205.90047282314674,0.0,63.26414715585262,1.3728956236384318,14.926995188961854,1.0,1.0
6.0,-207.62617673945766,0.0,63.27392355619186,0.8411100988103589,14.633536216335985,1.0,1.0
7.0,-208.24305207350818,0.0,63.28157456106809,0.16320819326706895,14.576853690235374,0.9999973844194024,1.0
8.0,-208.26548518524157,0.0,63.283415240077545,4.4222813929492243e-05,14.57860118105883,0.0,0.0
