iter,val,proj,gnorm,dnorm,xnorm,step,maxstep
1.0,39.99999999999994,0.0,67.64896216501033,12.219032533943667,14.142135623730951,0.5095859963701064,1.0
2.0,-98.43293892497832,0.0,63.471776347071916,5.244774827341113,14.948417777431409,0.5899721601199842,1.0
3.0,-147.72905941875155,0.0,61.98266158172186,2.780043633853327,15.491564487503627,1.0,1.0
4.0,-176.37037103226808,0.0,61.2149021450939,2.0069013471280805,15.144539775900537,1.0,1.0
5.0,-180.18391669041654,0.0,61.23032429722075,1.500646566644119,14.08302424816123,1.0,1.0
6.0,-182.28471427860165,0.0,61.242693192557795,0.9473769959748903,13.7094106193735,1.0,1.0
7.0,-183.09308848536108,0.0,61.252880549174414,0.1733547679633011,13.624511993038508,1.0,1.0
8.0,-183.1216066608404,0.0,61.255517476134784,0.00011007807550022338,13.622604780852871,0.0,0.0
