iter,val,proj,gnorm,dnorm,xnorm,step,maxstep
1.0,40.0,0.0,66.28333546227135,12.047105901183885,14.142135623730951,0.5109062250213585,1.0
2.0,-88.64297507242003,0.0,62.33723994202194,5.180803105673527,14.870346294335318,0.5968221144452742,1.0
3.0,-133.55364789126708,0.0,60.967609473400984,2.7508839885095795,15.36111851025654,1.0,1.0
4.0,-158.96280779612044,0.0,60.30034663873357,2.0636661614907355,14.89298463607627,1.0,1.0
5.0,-163.00976897617664,0.0,60.316539049883026,1.5326563422239292,13.744296830611487,1.0,1.0
6.0,-165.20104943308053,0.0,60.32996164966909,0.948842986987597,13.335729172547392,1.0,1.0
7.0,-165.99292722483102,0.0,60.34005701856614,0.1596877026361609,13.259288389920536,1.0,1.0
8.0,-166.01702323489963,0.0,60.34233924420488,0.000489331379689006,13.259993939149568,0.0,0.0
