iter,val,proj,gnorm,dnorm,xnorm,step,maxstep
1.0,39.99999999999994,0.0,67.3861051256459,12.06123815299581,14.142135623730951,0.5103478530201092,1.0
2.0,-94.98427054382944,0.0,63.29650676196862,5.223857654855679,14.876757397750664,0.5925168408033304,1.0
3.0,-143.18663072850848,0.0,61.83418236405826,2.75552699173323,15.40023580163674,1.0,1.0
4.0,-170.87039546655683,0.0,61.09409164430688,2.0603711230872332,15.032637126460337,1.0,1.0
5.0,-174.86747657492117,0.0,61.110766848069645,1.5205002330496384,13.877769529482228,1.0,1.0
6.0,-177.02467305959948,0.0,61.12373933902489,0.9700561904879714,13.483594620194088,1.0,1.0
7.0,-177.9002126940184,0.0,61.1327559600824,0.17276665248434217,13.409354030907979,0.9998906248365292,1.0
8.0,-177.92930683758783,0.0,61.135239527668595,0.00018513313909580871,13.408437338092977,0.0,0.0
