iter,val,proj,gnorm,dnorm,xnorm,step,maxstep
1.0,40.0,0.0,65.03259464300805,12.470391459042593,14.142135623730951,0.5078164822649596,1.0
2.0,-94.58010774991845,0.0,60.80115399685313,5.521720531372345,15.050127108079774,0.5687901715472652,1.0
3.0,-138.68918339092977,0.0,59.40591017437992,2.8213816049100298,15.79599842576809,1.0,1.0
4.0,-164.35895433269553,0.0,58.690836526837,2.007087552290574,15.724625462525848,1.0,1.0
5.0,-167.95660029239593,0.0,58.71049740284809,1.3956269900505645,14.591372399295901,1.0,1.0
6.0,-169.76911754649797,0.0,58.72296840899926,0.8753095371019581,14.262646689514632,1.0,1.0
7.0,-170.45411653195887,0.0,58.731285648161176,0.15277403027770325,14.197528841708674,1.0,1.0
8.0,-170.4800387156775,0.0,58.73284078669017,0.004492995721610487,14.19787345776826,0.9999999784482296,69.24277600833946
9.0,-170.4800488091827,0.0,58.732897884474404,1.4952685062317425e-08,14.198062009437821,0.0,0.0
