iter,val,proj,gnorm,dnorm,xnorm,step,maxstep
1.0,40.00000000000006,0.0,66.67889016775699,11.997723910606702,14.142135623730951,0.5106955812124001,1.0
2.0,-90.32102676589369,0.0,62.69793880582548,5.264376429086549,14.878037085026882,0.5878973886630369,1.0
3.0,-135.44551912412925,0.0,61.323099232238825,2.7664971684975694,15.440260231481517,1.0,1.0
4.0,-161.29991780209753,0.0,60.638756918124066,2.06861705194218,15.10768383471509,1.0,1.0
5.0,-165.2470374905157,0.0,60.65695412604899,1.5375019526888793,13.960121495882666,1.0,1.0
6.0,-167.47622005620457,0.0,60.66791683108216,0.9360286843962776,13.58070958907846,1.0,1.0
7.0,-168.27211498837886,0.0,60.677260707996226,0.18849139417527053,13.515441657918139,0.999978099071223,1.0
8.0,-168.30148212459588,0.0,60.67954661319217,0.00024656527615314107,13.520103639323922,0.0,0.0
