iter,val,proj,gnorm,dnorm,xnorm,step,maxstep
1.0,40.0,0.0,64.75349561223238,12.194181582615483,14.142135623730951,0.5098637660526462,1.0
2.0,-90.86869746101178,0.0,60.62798816256627,5.304480958367116,14.939315510272703,0.5866887376898655,1.0
3.0,-135.55886798605314,0.0,59.22044961861198,2.76621508064737,15.522142519602234,1.0,1.0
4.0,-161.15804049165888,0.0,58.52048042492716,2.045774345457411,15.173185794719714,1.0,1.0
5.0,-165.03796487254573,0.0,58.53944329410685,1.4909256959776978,14.013053599443525,1.0,1.0
6.0,-167.08133201164037,0.0,58.55236268920621,0.9152464083687698,13.64056853391216,1.0,1.0
7.0,-167.8157994049897,0.0,58.561900004015605,0.15722721125759923,13.572954516589062,0.9999957342086159,1.0
8.0,-167.83635925333232,0.0,58.5642791714867,8.885481161187691e-06,13.57014271107226,0.0,0.0
