iter,val,proj,gnorm,dnorm,xnorm,step,maxstep
1.0,19.999999999996362,0.0,3544.7662529063887,7.007820193443634,7.0710678118654755,0.4559198355084081,1.0
2.0,-467.39609503121756,0.0,3544.3072170227997,3.824365119515467,7.731373790422981,0.48338726690011313,1.0
3.0,-738.7621646564039,0.0,3544.0996596566597,2.066386232311709,8.599712858473028,0.5497017088375494,1.0
4.0,-895.132116939074,0.0,3543.9525989800118,1.0461701429079078,9.212702376652162,0.6869089079459008,1.0
5.0,-982.1984829026333,0.0,3543.8630258502403,0.4554137528064758,9.580428747211622,1.0,1.0
6.0,-1021.7028577765122,0.0,3543.825741979975,0.08597360503333418,9.746060128256065,1.0,1.0
7.0,-1021.7085395835147,0.0,3543.8319315539015,0.0014480061398736439,9.739982460516282,1.1958009973536583,141.7518000573593
8.0,-1021.7085408371222,0.0,3543.831884515907,0.0001428946676230757,9.739916682986134,0.0,0.0
