iter,val,proj,gnorm,dnorm,xnorm,step,maxstep
1.0,20.0,0.0,3535.838637366247,6.99633308924412,7.0710678118654755,0.44252332142667755,1.0
2.0,-468.6343242855546,0.0,3534.799620863135,3.898216732527637,7.682000426417796,0.4595754196417673,1.0
3.0,-741.8651388796097,0.0,3534.2117027872805,2.1977517805818607,8.506798640362724,0.5513387058621714,1.0
4.0,-915.6558851592381,0.0,3533.8995263212314,1.1830432687052859,9.140865971019137,0.7464564452012085,1.0
5.0,-1020.1436654311401,0.0,3533.811256461257,0.43601931279248024,9.55381844277719,1.0,1.0
6.0,-1055.4771705993207,0.0,3533.7784836955225,0.10501240411939868,9.694660669512995,1.0,1.0
7.0,-1055.487015669063,0.0,3533.780350028685,0.0,9.691314502529982,0.0,0.0
