iter,val,proj,gnorm,dnorm,xnorm,step,maxstep
1.0,19.99999999999818,0.0,3543.4142815798436,7.014880822035996,7.0710678118654755,0.47581701232483703,1.0
2.0,-502.64227101560573,0.0,3542.5682758557045,3.706668335290492,7.788471039426969,0.5116981967663357,1.0
3.0,-787.4457951024324,0.0,3542.1471720584595,1.8655202165790084,8.712675598359498,0.5666605486275575,1.0
4.0,-938.6828445732754,0.0,3541.9159676641125,0.9295582796516727,9.307098374377603,0.7673201251017423,1.0
5.0,-1026.6595678524718,0.0,3541.8308479937664,0.3748538940522249,9.658065097937316,1.0,1.0
6.0,-1053.2519835398762,0.0,3541.823465931211,0.09882126640031323,9.754490909877841,1.0079701012441227,1.4830317386155933
7.0,-1053.256905277818,0.0,3541.8393880703698,0.003942005624987963,9.749026077794289,1.1836738446934545,46.225255395457104
8.0,-1053.2569144745958,0.0,3541.839140492629,0.0004206367873526972,9.748945576283093,0.0,0.0
