iter,val,proj,gnorm,dnorm,xnorm,step,maxstep
1.0,19.99999999999818,0.0,3532.7956693063925,6.970201452304968,7.0710678118654755,0.4448308026347924,1.0
2.0,-468.8800444366989,0.0,3531.9050530061404,3.924284658695049,7.670494240718562,0.4881697059462048,1.0
3.0,-756.825753258956,0.0,3531.400042343033,2.0824002753294018,8.547979838718248,0.5369181496685904,1.0
4.0,-915.7850243636767,0.0,3531.1195910949496,1.0510692037965335,9.156548084629769,0.6343595965230907,1.0
5.0,-1001.8526310236193,0.0,3530.972423648187,0.46971483688778587,9.5092103040944,0.812932000052204,1.0
6.0,-1041.9690739974649,0.0,3530.9048044108804,0.14767379453954535,9.673993599442092,1.0,1.0
7.0,-1051.1799099773962,0.0,3530.8880724655587,0.019014156746869692,9.706845066431995,1.0086510900893668,3.8264597699928875
8.0,-1051.1800923103128,0.0,3530.8879289585448,0.0005658165354317866,9.705393016000261,0.0,0.0
