iter,val,proj,gnorm,dnorm,xnorm,step,maxstep
1.0,20.0,0.0,3526.942646969468,6.998450542798742,7.0710678118654755,0.4770143894109557,1.0
2.0,-504.3548977993869,0.0,3526.0772980304873,3.6994602282940128,7.782155066411997,0.5185332204324685,1.0
3.0,-792.6527887243119,0.0,3525.624582695835,1.8944753772618692,8.701847950828219,0.627416278014601,1.0
4.0,-957.6730840889923,0.0,3525.482029541455,0.8324492454929461,9.34451924449272,0.8197672312250904,1.0
5.0,-1037.2986138227843,0.0,3525.448759352791,0.2533132029481115,9.67905895765687,1.0,1.0
6.0,-1054.7562002851955,0.0,3525.441487430244,0.03494769772471184,9.747076649814181,1.0,1.0
7.0,-1054.7569370807232,0.0,3525.441367215826,0.007999947683033755,9.74515454715459,1.3887611211851685,1.4262499978531744
8.0,-1054.7569815204897,0.0,3525.441005526673,0.0006144673803715518,9.745017286212011,0.0,0.0
