iter,val,proj,gnorm,dnorm,xnorm,step,maxstep
1.0,19.999999999996362,0.0,3529.4660383800265,6.975569140845043,7.0710678118654755,0.5019417525065261,1.0
2.0,-518.4129900975586,0.0,3529.006626732213,3.522401264132781,7.837938080539711,0.5327224270936903,1.0
3.0,-793.5505221372387,0.0,3528.796082263502,1.69407348999889,8.767371633714017,0.5694802116951646,1.0
4.0,-928.5910771440467,0.0,3528.689018226427,0.8051658146807802,9.319695625454386,0.6861127137852595,1.0
5.0,-998.0488725979594,0.0,3528.6269038355426,0.29738689672956015,9.618490967806082,0.8264593349637648,1.0
6.0,-1024.2053847187399,0.0,3528.5979848107645,0.07533070463915045,9.72910687332718,1.0,1.0
7.0,-1029.6894608759776,0.0,3528.589678491954,0.008698113462030942,9.748669693672158,0.9999999999999991,36.157441741358014
8.0,-1029.6894987045653,0.0,3528.5893809844215,0.0,9.74761081587782,0.0,0.0
