iter,val,proj,gnorm,dnorm,xnorm,step,maxstep
1.0,20.0,0.0,3528.4051150988885,6.995526526617949,7.0710678118654755,0.45396559507697076,1.0
2.0,-493.91451215737834,0.0,3527.769396283036,3.837790146274737,7.71107636682849,0.4727151770627519,1.0
3.0,-776.491411765126,0.0,3527.454227835916,2.0650511531276634,8.56100149611846,0.49901029515135936,1.0
4.0,-930.8480884454293,0.0,3527.2834327103665,1.098203479977109,9.135898866779385,0.5618478527742812,1.0
5.0,-1017.0323416973988,0.0,3527.18631241301,0.5399219853261255,9.481650359710546,0.667543770023491,1.0
6.0,-1061.6523740282319,0.0,3527.1347333557555,0.2190869855477607,9.66465031225408,0.8099918348954953,1.0
7.0,-1079.6018271995472,0.0,3527.1133184756904,0.06204280353123648,9.737291834341889,0.9801678099807114,1.0
8.0,-1083.723935558186,0.0,3527.107825278564,0.005975871396170393,9.752638900978,1.0,1.0
9.0,-1083.807316705177,0.0,3527.107489341239,0.00011987624034217416,9.752563255311687,0.0,0.0
