iter,val,proj,gnorm,dnorm,xnorm,step,maxstep
1.0,20.0,0.0,3535.583669637589,7.007587190129904,7.0710678118654755,0.46104790703897314,1.0
2.0,-502.3986102439994,0.0,3534.759114817893,3.7839699851903004,7.7445418309419525,0.4756760473919047,1.0
3.0,-783.3062461478239,0.0,3534.3517036672342,2.026058396854822,8.604111988358715,0.5066763325623395,1.0
4.0,-937.3309727375308,0.0,3534.135525652182,1.0698634923110035,9.180127056826075,0.5920842309452735,1.0
5.0,-1025.2505383959979,0.0,3534.018737785647,0.5211163400178314,9.525910684746922,0.7786948116449104,1.0
6.0,-1072.1773681462855,0.0,3533.961759180809,0.18513698334088294,9.708170931887626,1.0,1.0
7.0,-1085.4831509951382,0.0,3533.950551035262,0.02502241380522455,9.752897797243367,1.0000000210656173,1.2747708640876825
8.0,-1085.483464055751,0.0,3533.9517361410917,1.2245702174353253e-09,9.750303036224784,0.0,0.0
