iter,val,proj,gnorm,dnorm,xnorm,step,maxstep
1.0,19.999999999996362,0.0,3544.164794604224,7.009333023089387,7.0710678118654755,0.47540396280613123,1.0
2.0,-511.84337498603963,0.0,3543.5837638617763,3.7231827639411303,7.786653952930677,0.5217713246591232,1.0
3.0,-808.1174588533504,0.0,3543.33935240801,1.8816958000667283,8.720062253666805,0.613005944413798,1.0
4.0,-971.7122980412878,0.0,3543.154805017218,0.8258820343183497,9.340663439506955,0.7646640069929082,1.0
5.0,-1049.9916397891684,0.0,3543.0776550665796,0.3168701175688584,9.653389244397095,1.0,1.0
6.0,-1074.0115028994114,0.0,3543.065546893254,0.04582344200628839,9.744427186392958,1.0,1.0
7.0,-1074.0127744466208,0.0,3543.069905645575,0.00161860127708131,9.741419386749026,1.1608787981962265,90.1844741563093
8.0,-1074.012775967256,0.0,3543.069856116759,4.052106616293135e-05,9.74134110321056,0.0,0.0
