iter,val,proj,gnorm,dnorm,xnorm,step,maxstep
1.0,19.99999999999818,0.0,3534.6366257930954,7.00492520519918,7.0710678118654755,0.464470164574496,1.0
2.0,-524.2398505842721,0.0,3533.9841124497816,3.7666860597828933,7.751311782886845,0.48549313077205103,1.0
3.0,-819.231816545951,0.0,3533.6416004764665,1.9955327815779509,8.627751724561888,0.5232789563785454,1.0
4.0,-979.9665258995774,0.0,3533.470416487427,1.0324675776648764,9.213852240314715,0.6166138778880046,1.0
5.0,-1069.4197228799967,0.0,3533.390017056157,0.46638783417647056,9.56358704804723,0.7888763134918435,1.0
6.0,-1113.0847755863942,0.0,3533.3570672169094,0.15158386169937962,9.739022497721,1.0,1.0
7.0,-1124.7469661269006,0.0,3533.3569685556486,0.023095640752263724,9.782925523720582,0.9999999999999998,4.269105360308968
8.0,-1124.7472328311924,0.0,3533.3600052311585,0.0,9.781191227882383,0.0,0.0
