iter,val,proj,gnorm,dnorm,xnorm,step,maxstep
1.0,19.99999999999818,0.0,3523.5228776830727,6.981951283426284,7.0710678118654755,0.45666029265913477,1.0
2.0,-474.44208723176416,0.0,3522.8182165788967,3.82402296151288,7.714853355771586,0.4839212656579048,1.0
3.0,-749.413722737323,0.0,3522.451297689732,2.049112569484927,8.587119225636272,0.5353303526962045,1.0
4.0,-903.4027655937462,0.0,3522.244073049129,1.0453322864364922,9.19044572786838,0.650160458364269,1.0
5.0,-989.409016359783,0.0,3522.1209528365644,0.4692265552307574,9.551260636594893,0.8928526134368955,1.0
6.0,-1030.516785302103,0.0,3522.055412891178,0.1359662037572023,9.726492299580462,1.0,1.0
7.0,-1035.4436932471035,0.0,3522.0465098288446,0.026844209083145533,9.74262060871714,1.4563724317504876,2.8154927801465752
8.0,-1035.4442179865018,0.0,3522.0467604204778,0.005123963361739444,9.74093670701374,1.0523398917257563,5.6410363103698025
9.0,-1035.444231801108,0.0,3522.0469380142117,0.0007463985265342112,9.741200060798182,0.0,0.0
