iter,val,proj,gnorm,dnorm,xnorm,step,maxstep
1.0,19.999999999996362,0.0,3528.2465959649135,7.0207512837470105,7.0710678118654755,0.49731134460838,1.0
2.0,-491.0013038921352,0.0,3527.864788623895,3.539607201100363,7.859535545800824,0.5130431546699753,1.0
3.0,-746.5546964710647,0.0,3527.682380929435,1.760058663165253,8.775159856408962,0.5414157408904967,1.0
4.0,-875.4476972908287,0.0,3527.595601936144,0.8555417123026928,9.32951555440382,0.6057063560043332,1.0
5.0,-940.9599884083709,0.0,3527.5498565637326,0.38627354530515606,9.624410228545457,0.7220148821098334,1.0
6.0,-971.6105284368623,0.0,3527.526168730551,0.13885740304017927,9.761500406018538,0.8845932755070348,1.0
7.0,-982.0271933220793,0.0,3527.516793588755,0.029199093027894144,9.805423502508082,1.0,1.0
8.0,-983.3850837387872,0.0,3527.51516890571,0.0020682056704683415,9.809720635804913,1.0,28.28600317190403
9.0,-983.385085877504,0.0,3527.515116403893,0.0,9.809522623910164,0.0,0.0
