iter,val,proj,gnorm,dnorm,xnorm,step,maxstep
1.0,19.999999999996362,0.0,3537.2137077417306,6.990545692356433,7.0710678118654755,0.4818238394856828,1.0
2.0,-484.24194409886513,0.0,3536.342852847356,3.6544700413073667,7.789910911237224,0.5181226427728369,1.0
3.0,-755.4999847062882,0.0,3535.8926896733988,1.8520315791264286,8.714143734720654,0.5923803570823034,1.0
4.0,-902.2169093565299,0.0,3535.646108087296,0.8800293524432218,9.317868550460433,0.7869811541424931,1.0
5.0,-980.9411407460357,0.0,3535.5180099316412,0.32339815908226255,9.657971411839796,1.0,1.0
6.0,-1002.1936414314259,0.0,3535.480611774289,0.07672543462416934,9.742424958749364,1.0,1.0
7.0,-1002.1967238273755,0.0,3535.4841678918806,0.00017419099553536588,9.73833700159818,0.0,0.0
