iter,val,proj,gnorm,dnorm,xnorm,step,maxstep
1.0,20.0,0.0,3549.08602578523,7.035762645229016,7.0710678118654755,0.44897763938174073,1.0
2.0,-462.6716054292792,0.0,3548.2708685681423,3.8685198446546023,7.728397009885907,0.4622016268652693,1.0
3.0,-726.7703716744527,0.0,3547.822537626195,2.132565262514329,8.577720147698987,0.49803703376344394,1.0
4.0,-876.7839203781514,0.0,3547.5631451686627,1.1343017701113316,9.16857579559185,0.559822875545369,1.0
5.0,-960.4850579788235,0.0,3547.416869989661,0.5708719872899732,9.5231972224368,0.7103690225961883,1.0
6.0,-1006.9591738917243,0.0,3547.3410411469126,0.23134779915876014,9.721121395967902,0.9943802805119352,1.0
7.0,-1025.7477002221312,0.0,3547.3145126194977,0.04050886605593295,9.796661236294971,1.0,1.0
8.0,-1025.8545251420237,0.0,3547.3159149187845,0.00022383386718587063,9.793488431840851,0.0,0.0
