iter,val,proj,gnorm,dnorm,xnorm,step,maxstep
1.0,20.0,0.0,3529.4845032684307,7.022496991811389,7.0710678118654755,0.450606867671841,1.0
2.0,-504.6146441590572,0.0,3528.760065567533,3.8669317067723408,7.7231756428624285,0.4688403794285091,1.0
3.0,-794.7651747803047,0.0,3528.414231442365,2.112785908925915,8.58715054289777,0.5132522745954188,1.0
4.0,-960.4221172316829,0.0,3528.230507495956,1.0988528441783014,9.197498680780663,0.5821011885523851,1.0
5.0,-1050.95360737388,0.0,3528.1165834440517,0.5279063382649574,9.558154989655106,0.7399574187869086,1.0
6.0,-1098.7928363568917,0.0,3528.0573250976536,0.19689095051777253,9.754196516530943,1.0,1.0
7.0,-1115.5675335550386,0.0,3528.0450504796386,0.02273089213593671,9.821575352515486,1.0245647712365482,3.65557404868695
8.0,-1115.5677982479865,0.0,3528.0455482566917,0.001014473018641314,9.819925140331897,1.0843094910395124,200.50841934202325
9.0,-1115.5677988059451,0.0,3528.045535670773,5.350243113671497e-05,9.81991196809369,0.0,0.0
