iter,val,proj,gnorm,dnorm,xnorm,step,maxstep
1.0,19.999999999996362,0.0,3536.950311098532,7.016046370048211,7.0710678118654755,0.45936799097858466,1.0
2.0,-479.39686242774224,0.0,3536.158011324234,3.7855366313210057,7.742001398047325,0.4930298736091601,1.0
3.0,-759.3010447399865,0.0,3535.7730566958994,2.034461672285208,8.609323935889128,0.5741405174391988,1.0
4.0,-921.5136901599926,0.0,3535.603565199299,1.0170517778703256,9.216856152427251,0.7725352746962082,1.0
5.0,-1013.5492999192411,0.0,3535.5286294090765,0.38636377803771704,9.582372960969563,1.0,1.0
6.0,-1040.5466874215344,0.0,3535.5097690403,0.07158596882085216,9.685633415998044,1.0,1.0
7.0,-1040.5493903285605,0.0,3535.5097270079004,5.188818334428894e-08,9.681784628379228,0.0,0.0
