iter,val,proj,gnorm,dnorm,xnorm,step,maxstep
1.0,20.0,0.0,3523.374962491787,7.016036016789601,7.0710678118654755,0.4587276853249306,1.0
2.0,-493.47499589870495,0.0,3522.6938688382697,3.8295862422700586,7.739940266450914,0.5054696108283827,1.0
3.0,-789.6841148044205,0.0,3522.349426902379,1.9949760344656189,8.65487885062119,0.5757301035539212,1.0
4.0,-953.5099737012788,0.0,3522.1902268796557,0.9474433113595335,9.278237005127368,0.7309928664876643,1.0
5.0,-1040.9217448573381,0.0,3522.0937046862923,0.37648694777679637,9.625443263497656,1.0,1.0
6.0,-1072.970390428898,0.0,3522.0441350194646,0.06910409411856913,9.74080372162965,0.9999365638109169,1.0
7.0,-1072.9735603222816,0.0,3522.039366357236,2.1489833874275955e-05,9.733914666286775,0.0,0.0
