iter,val,proj,gnorm,dnorm,xnorm,step,maxstep
1.0,3.0,0.0,57.111388794195854,1.2082096258514083,1.2247448713915892,0.5437336575970164,1.0
2.0,-10.059142650436875,0.0,56.65751656490055,0.5611808438370691,1.3349103122432524,0.5793298709248158,1.0
3.0,-16.131370306812087,0.0,56.446529808613924,0.24842800704055454,1.4828751191625986,0.6361478465962056,1.0
4.0,-18.877524057245672,0.0,56.35149652487706,0.10003397387549189,1.564074201050969,0.7243760175474718,1.0
5.0,-20.004491627771515,0.0,56.312778488884796,0.03341390343107345,1.5981720096320702,0.8463453368288077,1.0
6.0,-20.365971792935326,0.0,56.30049070750129,0.007836669845086791,1.6084217788932196,0.9918807040630464,1.0
7.0,-20.43097365325837,0.0,56.29833198424264,0.0006745714123353548,1.6098540247890607,0.0,0.0
