iter,val,proj,gnorm,dnorm,xnorm,step,maxstep
1.0,3.0,0.0,57.671351674834185,1.2078326778895239,1.2247448713915892,0.5362048230371471,1.0
2.0,-11.420645463752663,0.0,57.17353438704613,0.5662858674006431,1.3385636886025896,0.5728382613237242,1.0
3.0,-18.287475456247527,0.0,56.936441504734546,0.25577747472193135,1.4840801939435884,0.6421555447581406,1.0
4.0,-21.514443098103154,0.0,56.825532349141234,0.10601323726429598,1.564562145790717,0.7712044031489819,1.0
5.0,-22.889454802173464,0.0,56.77872858741152,0.03428725479781376,1.5982332100819714,0.9649326943463714,1.0
6.0,-23.28166228180007,0.0,56.76564913023131,0.005232977636663395,1.6059745416268965,1.0,1.0
7.0,-23.29590408961659,0.0,56.765255385828915,0.00015438046240494547,1.6055180986250581,0.0,0.0
