iter,val,proj,gnorm,dnorm,xnorm,step,maxstep
1.0,3.0,0.0,55.86643582690415,1.2034632236878828,1.2247448713915892,0.5301956756071753,1.0
2.0,-10.756967139308337,0.0,55.37589924681927,0.5765179044509012,1.3387567901768542,0.5677088374155463,1.0
3.0,-17.398365895763632,0.0,55.13892951952995,0.2654933516396305,1.4874892731710203,0.631488732214085,1.0
4.0,-20.528258094518225,0.0,55.02762836619313,0.10972357662768308,1.573526157873112,0.7250389288184905,1.0
5.0,-21.83995397167653,0.0,54.981285478336964,0.03757193913908668,1.6113962388025418,0.861126924815564,1.0
6.0,-22.26656676747021,0.0,54.96638536255565,0.008227231820579146,1.6232505206204884,1.0,1.0
7.0,-22.335262047860827,0.0,54.964046029572714,0.0006173573902607974,1.624803925440427,0.0,0.0
