iter,val,proj,gnorm,dnorm,xnorm,step,maxstep
1.0,3.0000000000000036,0.0,57.69362736042171,1.2043785708553123,1.2247448713915892,0.5423701651885611,1.0
2.0,-11.021533297416536,0.0,57.2107289909963,0.5570668208685573,1.3330209734101752,0.5910032984105084,1.0
3.0,-17.73478034897741,0.0,56.98006590775958,0.2450410338125375,1.473625461916276,0.6849269551759022,1.0
4.0,-20.857638189840955,0.0,56.87355583380109,0.09601477445922059,1.5489540757099567,0.8623190827579399,1.0
5.0,-22.086266528421447,0.0,56.83226076469219,0.025010830586903905,1.576671231379386,1.0,1.0
6.0,-22.28184147925226,0.0,56.825988120414436,0.0023748886078812175,1.5786992621822133,1.0,23.16937087608754
7.0,-22.281844299297482,0.0,56.82603691793128,1.3322676295501878e-15,1.5782445944781556,0.0,0.0
