iter,val,proj,gnorm,dnorm,xnorm,step,maxstep
1.0,2.999999999999993,0.0,58.832392727168596,1.2053433120899617,1.2247448713915885,0.5358996703413605,1.0
2.0,-10.793117144640075,0.0,58.36591110442474,0.5679504711350687,1.337034751589683,0.5734201236693438,1.0
3.0,-17.364784461095915,0.0,58.14380441955311,0.2515723066708893,1.4836026741809845,0.6174170534347654,1.0
4.0,-20.323682959563328,0.0,58.04407049455192,0.10245064147977666,1.5645903363734772,0.6803500747363478,1.0
5.0,-21.55990562889838,0.0,58.00262837517522,0.038224100308314135,1.599222109480418,0.7974236701158588,1.0
6.0,-22.021353442458082,0.0,57.98731265245435,0.010949170073558964,1.6111168974710235,0.9586187873640962,1.0
7.0,-22.133566910676983,0.0,57.983659532623314,0.0014773340604148633,1.6133673204867123,1.0,1.0
8.0,-22.13840893984384,0.0,57.98352011645355,4.676982329101852e-05,1.6132849906397226,0.0,0.0
