iter,val,proj,gnorm,dnorm,xnorm,step,maxstep
1.0,2.9999999999999964,0.0,57.53885594972844,1.2053079732353995,1.2247448713915885,0.530149264836044,1.0
2.0,-10.914759163805385,0.0,57.057089500012665,0.5743221596420648,1.340026851176094,0.5692736831491573,1.0
3.0,-17.654884233105175,0.0,56.8238179144038,0.2636778846906546,1.4867072988120964,0.6455807166988695,1.0
4.0,-20.883288299085063,0.0,56.71269285267758,0.10824652438297457,1.5696406371157754,0.7717565376660331,1.0
5.0,-22.238712398875542,0.0,56.66648763306133,0.03464205543439937,1.6043961668935331,0.9562524767446288,1.0
6.0,-22.620568114293363,0.0,56.65372449670728,0.005333209309825753,1.612695146614756,1.0,1.0
7.0,-22.638019167647137,0.0,56.653215685251865,0.0001859449082365009,1.6124734556422766,0.0,0.0
