iter,val,proj,gnorm,dnorm,xnorm,step,maxstep
1.0,3.0000000000000036,0.0,57.9719207203246,1.2063558602412725,1.2247448713915885,0.5411447005124149,1.0
2.0,-10.768717089197377,0.0,57.49994834976585,0.5602175857298238,1.334995169540252,0.5807744795908779,1.0
3.0,-17.271751873981522,0.0,57.2772534317708,0.2491533661479922,1.4793013842572702,0.6594200068249814,1.0
4.0,-20.307340697320356,0.0,57.17396989924561,0.10104429316124669,1.557347669365713,0.8101362479078882,1.0
5.0,-21.56654427874078,0.0,57.13165617658816,0.02960963618981568,1.5884500366060512,1.0,1.0
6.0,-21.860607338993624,0.0,57.12204506028972,0.0033185196331648554,1.593742606227444,1.0,1.0
7.0,-21.860612986542513,0.0,57.12210768365436,0.0,1.5931753402306188,0.0,0.0
