iter,val,proj,gnorm,dnorm,xnorm,step,maxstep
1.0,300.0,0.0,57.111388794195854,26.24103434240882,122.47448713915891,0.5043893263547943,1.650637309414528
2.0,126.34080190946634,0.0,50.78598987374637,2.4602387983707454,121.95306513600845,46.75146797053468,46.75146797053468
3.0,-41.28234135615182,0.0,55.051980719586716,14.127500671080856,7.156678185348433,0.8047542052452105,1.0
4.0,-140.90638155600132,0.0,50.9343163392774,2.6491256813628596,16.608291580930477,1.0,1.0
5.0,-145.99438634773145,0.0,50.813402662345865,0.8433444987177311,17.532325676124188,1.0,1.0
6.0,-146.87014118912725,0.0,50.832010973874944,0.39695323532548105,17.161091966712945,0.9999914687247573,1.0
7.0,-146.96323779445262,0.0,50.84058587494091,0.00020340965845233667,17.144183976045376,0.0,0.0
