iter,val,proj,gnorm,dnorm,xnorm,step,maxstep
1.0,300.0,0.0,58.52703729049336,28.566188880582303,122.47448713915891,0.5037046970504174,1.6586005604212277
2.0,94.4816465271515,0.0,51.14133979258199,2.4585466484512244,122.08529109486709,44.405908085991435,44.405908085991435
3.0,-86.27425439132685,0.0,54.38887060786169,12.876833172182975,13.4251614919973,0.7106514316372944,1.0
4.0,-162.25689330210224,0.0,51.34107979283451,3.42311675948299,19.63496151593676,1.0,1.0
5.0,-169.76934077387648,0.0,51.165736997863156,2.0648522036088317,20.173707563139384,1.0,1.0
6.0,-172.9939959806743,0.0,51.177457445817915,1.8556973927891816,19.309846386880537,1.0,1.0
7.0,-175.2051813325238,0.0,51.18923541235039,0.8425858859002009,18.8442239375854,1.0,1.0
8.0,-176.0983316315589,0.0,51.186984267784126,0.5316843036363976,18.79918894496399,1.0,1.0
9.0,-176.32868306912775,0.0,51.194884854953806,0.00011699597064031727,18.779186043580545,0.0,0.0
