iter,val,proj,gnorm,dnorm,xnorm,step,maxstep
1.0,300.0,0.0,57.36315169167572,27.791631129541845,122.47448713915891,0.5039145351804268,1.638608428615045
2.0,105.39456570297762,0.0,50.2414520631287,2.459059659161654,122.04007658481078,45.02814681981194,45.02814681981194
3.0,-71.64727770901527,0.0,53.82110711026486,13.292107864299387,11.719148661280016,0.7339307082066998,1.0
4.0,-154.35974524575334,0.0,50.438688795779086,3.3631140316742556,18.645355275274934,1.0,1.0
5.0,-161.55707319859016,0.0,50.26864042820947,1.8365178341570176,19.295329337565065,1.0,1.0
6.0,-164.33941187981972,0.0,50.276777060342056,1.644192617294747,18.571984958309923,1.0,1.0
7.0,-166.06969735222827,0.0,50.291835232109236,0.5105797318628668,18.262217151448297,1.0,1.0
8.0,-166.44355145082065,0.0,50.29375514048602,0.1447020187005938,18.247943080981397,1.0,1.0
9.0,-166.4588226440992,0.0,50.29641241238014,2.0828939801924052e-07,18.246030963866797,0.0,0.0
