iter,val,proj,gnorm,dnorm,xnorm,step,maxstep
1.0,300.0,0.0,57.9719207203246,28.42451120835297,122.47448713915891,0.5037408903512982,1.6461829922036126
2.0,96.50055915462553,0.0,50.58493346589641,2.4586358928611447,122.07693248449563,44.473373262337674,44.473373262337674
3.0,-83.54814102801583,0.0,53.9073442992649,13.016219432598044,13.222217500178983,0.7274631926198312,1.0
4.0,-160.8866711500694,0.0,50.78376172235447,3.5136187067579003,19.579369394063896,1.0,1.0
5.0,-168.3338034550429,0.0,50.61640838627318,2.060387143911723,20.004535851235808,1.0,1.0
6.0,-171.66366870097224,0.0,50.61852240157806,1.9221331690979337,19.27612506247654,1.0,1.0
7.0,-173.96157114280192,0.0,50.63376610672279,0.7954425600255842,18.76744177463685,1.0,1.0
8.0,-174.82355361413116,0.0,50.630069926961454,0.5171618950109591,18.72836476638669,1.0,1.0
9.0,-175.00597277541783,0.0,50.639128843669994,5.174391288752717e-05,18.70860636184527,0.0,0.0
