iter,val,proj,gnorm,dnorm,xnorm,step,maxstep
1.0,60.000000000000114,0.0,81.30996924120191,14.95490543429388,17.320508075688775,0.5098167113681589,1.0
2.0,-138.95472632771083,0.0,76.32037597676148,6.453829679552492,18.28729915944449,0.587470118694873,1.0
3.0,-207.6859379756383,0.0,74.59929553471277,3.38719810360516,18.977819223009682,1.0,1.0
4.0,-247.2464347442937,0.0,73.73414097786267,2.500147570576699,18.567591549435207,1.0,1.0
5.0,-253.0751864569586,0.0,73.75629905383472,1.8264620877342383,17.158083126847522,1.0,1.0
6.0,-256.1533541844548,0.0,73.77257665082473,1.1488330009682481,16.694609537037117,1.0,1.0
7.0,-257.3818824400795,0.0,73.78349088868733,0.20472608175104093,16.607017294037625,0.9999957274560028,1.0
8.0,-257.42396223300204,0.0,73.78601569604162,6.278907878900445e-05,16.61063484980434,0.0,0.0
