iter,val,proj,gnorm,dnorm,xnorm,step,maxstep
1.0,60.0,0.0,80.26156671785569,14.941904277854869,17.320508075688775,0.5090246395851462,1.0
2.0,-139.49056304263803,0.0,75.19674739418996,6.450715298929715,18.294938043268168,0.5901442007000962,1.0
3.0,-209.063712976969,0.0,73.43439468648083,3.3909895398504974,18.96061607266471,1.0,1.0
4.0,-249.0712816761203,0.0,72.54806234536017,2.4909504233911584,18.455673553747,1.0,1.0
5.0,-254.80056755607515,0.0,72.57148737684149,1.7949625878429274,17.055437094381492,1.0,1.0
6.0,-257.76388575544985,0.0,72.58517078300854,1.087334772418528,16.60645557319243,1.0,1.0
7.0,-258.8184676035674,0.0,72.59628282231826,0.19757609444374152,16.532245116447083,0.9998509394886252,1.0
8.0,-258.8543238822788,0.0,72.59860163247859,0.0020874572066092276,16.53299228446806,0.9122960344590454,1.0
9.0,-258.8543280924181,0.0,72.59862613842388,0.00046193465260574017,16.533074895710925,0.0,0.0
