iter,val,proj,gnorm,dnorm,xnorm,step,maxstep
1.0,59.999999999999886,0.0,81.2022873816052,15.03135075603721,17.320508075688775,0.5095389815734606,1.0
2.0,-143.88326866565092,0.0,76.07506799259394,6.494780726332095,18.330960555363646,0.5862421329914614,1.0
3.0,-214.73109823287012,0.0,74.29163166097716,3.4165530978782277,19.043874658186677,1.0,1.0
4.0,-255.57743710897552,0.0,73.38349169307833,2.4509757882126393,18.715572117816908,1.0,1.0
5.0,-261.19879457686244,0.0,73.4040006253626,1.7888607266395427,17.396496926908608,1.0,1.0
6.0,-264.15615236567294,0.0,73.42022264886822,1.102814193054089,16.946555363610255,1.0,1.0
7.0,-265.25076135786526,0.0,73.4311716404031,0.18169536024355534,16.863987964036557,1.0,1.0
8.0,-265.28842238669847,0.0,73.43349211395761,0.0002234788231345873,16.864619242781085,0.0,0.0
