iter,val,proj,gnorm,dnorm,xnorm,step,maxstep
1.0,60.000000000000114,0.0,81.66367821747559,14.975156701065309,17.320508075688775,0.5091893267762968,1.0
2.0,-147.83144423497026,0.0,76.46232411713252,6.555889393976343,18.335896861534792,0.5826126576002064,1.0
3.0,-220.57231937272343,0.0,74.63442481113226,3.411001820800283,19.095289788456945,1.0,1.0
4.0,-263.27004500781953,0.0,73.68160312954822,2.4577184256664446,18.738692895851933,1.0,1.0
5.0,-268.85667551342243,0.0,73.70424862534034,1.8203442256255338,17.365024428439728,1.0,1.0
6.0,-271.96500567162957,0.0,73.7174888334519,1.2008670610670824,16.937356000054802,1.0,1.0
7.0,-273.30986836287576,0.0,73.72802632381092,0.2152913381513839,16.850261100289522,0.9999991677818278,1.0
8.0,-273.35616946848756,0.0,73.73100263642164,3.372318541660671e-05,16.85072984568566,0.0,0.0
