iter,val,proj,gnorm,dnorm,xnorm,step,maxstep
1.0,60.0,0.0,81.64331612572826,15.033484785519962,17.320508075688775,0.5090716186825405,1.0
2.0,-139.3329916861544,0.0,76.65202544075049,6.479581318371799,18.321516297152602,0.5875734641208271,1.0
3.0,-208.10784371037477,0.0,74.93812961646988,3.401052798925599,19.019562297303157,1.0,1.0
4.0,-247.46161464344084,0.0,74.08177901656695,2.474298743783677,18.64291860881615,1.0,1.0
5.0,-253.18134193383395,0.0,74.10362531545435,1.8083928903263065,17.285765485157047,1.0,1.0
6.0,-256.17380742980004,0.0,74.12110604664178,1.105996948552157,16.83373882771721,1.0,1.0
7.0,-257.22417809432244,0.0,74.13270077334596,0.17730154204146448,16.74369606436904,1.0,1.0
8.0,-257.2612204024867,0.0,74.134849995467,0.0029454660237175803,16.743054279687463,1.182584859773386,34.24260083255126
9.0,-257.2612255324037,0.0,74.13486556172974,7.979971278754874e-05,16.74300397614422,0.0,0.0
