iter,val,proj,gnorm,dnorm,xnorm,step,maxstep
1.0,60.0,0.0,82.51684049941564,14.86064010743231,17.320508075688775,0.5101377204450455,1.0
2.0,-149.02512085539752,0.0,77.34592477205499,6.439566236720502,18.272723137475285,0.5894401869653436,1.0
3.0,-223.92738060965075,0.0,75.48723164799725,3.4106345105811853,18.946175555326032,1.0,1.0
4.0,-267.4879752972896,0.0,74.52376883444121,2.4720868217610645,18.557828411536725,1.0,1.0
5.0,-273.2380297834035,0.0,74.54326224731749,1.834734126756454,17.249664575382813,1.0,1.0
6.0,-276.36472559230754,0.0,74.55808626985446,1.1404378906329447,16.7936114673146,1.0,1.0
7.0,-277.55503638194494,0.0,74.56870797385984,0.1672708613988947,16.71299233019976,1.0,1.0
8.0,-277.5884087691575,0.0,74.57046122655201,0.0002940993858204091,16.715031924846006,0.0,0.0
