iter,val,proj,gnorm,dnorm,xnorm,step,maxstep
1.0,60.00000000000034,0.0,80.77489014541958,15.037742431279883,17.320508075688775,0.5094122463277558,1.0
2.0,-133.33559920951336,0.0,75.8924867302412,6.463911516809324,18.31549831892634,0.5883370379943298,1.0
3.0,-198.70562562510918,0.0,74.25162407832137,3.3963814369241687,19.0029085882962,1.0,1.0
4.0,-235.7841953183904,0.0,73.44920246481436,2.4943459562761943,18.58728313541597,1.0,1.0
5.0,-241.60348768428545,0.0,73.47108972857633,1.7982961158649047,17.186562535141206,1.0,1.0
6.0,-244.5925666639832,0.0,73.48834693929966,1.0906729648422344,16.716024451448174,1.0,1.0
7.0,-245.6213781523768,0.0,73.50123978982818,0.20100944595139708,16.62119759325203,1.0,1.0
8.0,-245.65481328237044,0.0,73.50395807879238,1.7315977924064473e-05,16.620820919778694,0.0,0.0
