iter,val,proj,gnorm,dnorm,xnorm,step,maxstep
1.0,59.999999999999886,0.0,82.5271185247928,14.877706956119008,17.320508075688775,0.50989218059675,1.0
2.0,-147.73440864421326,0.0,77.38876268648191,6.464829314615485,18.263192227509816,0.5889617855952463,1.0
3.0,-221.95813278190826,0.0,75.54878001161028,3.4039430565821736,18.945508179480232,1.0,1.0
4.0,-265.00602269807143,0.0,74.6008732512151,2.442488434335025,18.554090703613024,1.0,1.0
5.0,-270.618175965448,0.0,74.62030395621937,1.8090811005664555,17.2612193186164,1.0,1.0
6.0,-273.67725679177727,0.0,74.63344389477547,1.1341176950439167,16.836914191082446,1.0,1.0
7.0,-274.7867403971105,0.0,74.6456058580179,0.183293296534325,16.751936638946468,0.9999996351767253,1.0
8.0,-274.8213683283987,0.0,74.64791372800245,2.1572631735939462e-05,16.75171188655436,0.0,0.0
