iter,val,proj,gnorm,dnorm,xnorm,step,maxstep
1.0,60.000000000000114,0.0,79.6557192046158,14.729553722801018,17.320508075688775,0.5106485445276808,1.0
2.0,-136.69447795484058,0.0,74.61615732748268,6.425607877827274,18.22367022614662,0.5899232413125455,1.0
3.0,-205.32386898200025,0.0,72.8571709888542,3.3904754249254996,18.897984704480262,1.0,1.0
4.0,-244.43713626951035,0.0,71.98034567189474,2.506983690322527,18.51964164819389,1.0,1.0
5.0,-250.38833689988513,0.0,71.99970827972135,1.9114382472533282,17.18718979867358,1.0,1.0
6.0,-253.7890945077232,0.0,72.01536243497495,1.1930380810348273,16.700722829550294,1.0,1.0
7.0,-255.00947919207587,0.0,72.02772622102943,0.189859432587689,16.614469825644527,0.9999999818398031,1.0
8.0,-255.0430731811705,0.0,72.03023923894689,2.6301348346110584e-07,16.61596348332904,0.0,0.0
