iter,val,proj,gnorm,dnorm,xnorm,step,maxstep
1.0,60.000000000000114,0.0,85.96400040719254,15.176502372509079,17.320508075688775,0.5075899771331351,1.0
2.0,-168.49961549415968,0.0,80.47125361401994,6.666755407356712,18.377654773748127,0.57279470095263,1.0
3.0,-250.88612066021443,0.0,78.4591554999667,3.476510212585576,19.210055192045083,1.0,1.0
4.0,-301.0128013771676,0.0,77.33030571814038,2.3805209437409065,19.15338130949835,1.0,1.0
5.0,-306.2746863458143,0.0,77.34913933527547,1.739136389819943,17.93839438847128,1.0,1.0
6.0,-309.0862796006095,0.0,77.36129257539551,1.0676191947030458,17.55381937916335,1.0,1.0
7.0,-310.1036176624042,0.0,77.37179100980886,0.20659199423286578,17.473409431895217,1.0,1.0
8.0,-310.1420829506453,0.0,77.37408858623887,0.00013991861004480617,17.47623337676056,0.0,0.0
