iter,val,proj,gnorm,dnorm,xnorm,step,maxstep
1.0,60.000000000000114,0.0,80.98276170892666,14.969799937218811,17.320508075688775,0.5097721364855317,1.0
2.0,-140.70491865411822,0.0,75.92498308013862,6.510976631749482,18.303441823118707,0.5839279167263566,1.0
3.0,-209.72269851396578,0.0,74.18449570262837,3.4183348598670245,19.03536123279892,1.0,1.0
4.0,-249.52544681237111,0.0,73.30180969763752,2.4556494425254307,18.73814303566877,1.0,1.0
5.0,-255.17471754469824,0.0,73.32155637580802,1.8218276601449315,17.447810223402783,1.0,1.0
6.0,-258.2784898247645,0.0,73.33634423422218,1.1388382836320254,17.004409018929227,1.0,1.0
7.0,-259.42246907017727,0.0,73.34863107168394,0.18423088966390594,16.9136664984227,1.0,1.0
8.0,-259.4592646150722,0.0,73.35075641786787,4.51993064573728e-05,16.914004349391874,0.0,0.0
