iter,val,proj,gnorm,dnorm,xnorm,step,maxstep
1.0,60.0,0.0,85.17743285640042,15.094859660370538,17.320508075688775,0.5087855340719675,1.0
2.0,-157.29816378686678,0.0,79.95630306366195,6.578507000032952,18.354914205743658,0.5803977249903814,1.0
3.0,-234.65680555412177,0.0,78.08938038570665,3.430320201202253,19.130112695346117,1.0,1.0
4.0,-280.6785174851678,0.0,77.0874770210013,2.446548142599493,18.870835550569353,1.0,1.0
5.0,-286.2283847529907,0.0,77.10771303062327,1.7752079324817862,17.558697253334767,1.0,1.0
6.0,-289.1438843898054,0.0,77.12180629851778,1.0817787270631636,17.130604196097206,1.0,1.0
7.0,-290.1742951677214,0.0,77.13343548341697,0.18768892344501586,17.04900569402773,1.0,1.0
8.0,-290.2074439149957,0.0,77.13606621225583,4.6462572405752984e-07,17.050517020613274,0.0,0.0
