iter,val,proj,gnorm,dnorm,xnorm,step,maxstep
1.0,59.999999999999886,0.0,82.94870418521437,14.845074744504812,17.320508075688775,0.5100092455022756,1.0
2.0,-148.60850981854014,0.0,77.8068313506195,6.501549886302872,18.264700331739096,0.5864695386759875,1.0
3.0,-222.9648193388423,0.0,75.96907176893038,3.4072949725275627,18.98265323821533,1.0,1.0
4.0,-266.20705041052923,0.0,75.01657823909886,2.4740769989586253,18.65803353843302,1.0,1.0
5.0,-271.92056911789984,0.0,75.03641218971988,1.8232286569064886,17.34672158665582,1.0,1.0
6.0,-275.02135143500425,0.0,75.05021508466506,1.1114706943910417,16.90466340730699,1.0,1.0
7.0,-276.1304512233762,0.0,75.0596883475556,0.19458453656317765,16.834243400872843,1.0,1.0
8.0,-276.1692006584999,0.0,75.0616573751652,5.258783067134067e-05,16.838399941611577,0.0,0.0
