iter,val,proj,gnorm,dnorm,xnorm,step,maxstep
1.0,60.00000000000034,0.0,58.47426014925883,17.959997733097417,24.49489742783178,0.5060852892908229,1.0
2.0,-96.24458818222263,0.0,52.93773453703,5.926583607067478,25.33956371837802,0.5852149814396003,1.0
3.0,-127.83975999125755,0.0,51.84741619319586,2.899557481644602,25.242540866852774,1.0,1.0
4.0,-143.79223151686188,0.0,51.438886197067966,2.4075783480563597,23.766720985525733,1.0,1.0
5.0,-149.26325025509806,0.0,51.43923877473602,2.3202804668874535,21.986370274954297,1.0,1.0
6.0,-154.39746964165334,0.0,51.441753310945856,2.079279100888911,20.216715838891016,1.0,1.0
7.0,-158.79466750262947,0.0,51.44574144751015,1.9403194179902334,18.895230474387642,1.0,1.0
8.0,-162.47447812495562,0.0,51.45364359569647,1.7332874554196738,17.844983429561484,1.0,1.0
9.0,-165.40478880517296,0.0,51.4602659493354,1.5048859832085446,17.153487829557683,1.0,1.0
10.0,-167.63371852461594,0.0,51.466168251299706,1.230853214945334,16.76236739625913,1.0,1.0
11.0,-169.0740946192593,0.0,51.47314412827774,0.7943808037234144,16.58374182227825,1.0,1.0
12.0,-169.61262849589087,0.0,51.48137853374145,0.13129903579066518,16.542745328970067,0.9999999332061039,1.0
13.0,-169.6279075054889,0.0,51.48306177425882,1.7990095238654504e-06,16.54312491003694,0.0,0.0
