iter,val,proj,gnorm,dnorm,xnorm,step,maxstep
1.0,59.999999999999886,0.0,59.76943662109255,18.194661530795432,24.49489742783178,0.5055591179560864,1.0
2.0,-93.04101176982681,0.0,54.48740712519906,5.796680571688146,25.408915708367932,0.5916543189696124,1.0
3.0,-121.56189321199474,0.0,53.54810673678198,2.849978046916792,25.278834955789687,1.0,1.0
4.0,-135.93746432591638,0.0,53.215084709948655,2.425880385644223,23.654679909858185,1.0,1.0
5.0,-141.46084666507136,0.0,53.21542408499661,2.360133162716913,21.909637674356514,1.0,1.0
6.0,-146.68131324786617,0.0,53.218157313947515,2.078032711096638,20.048819363247446,1.0,1.0
7.0,-151.11359504324884,0.0,53.22078841470488,1.9458522778284297,18.73235309519038,1.0,1.0
8.0,-154.76690383805834,0.0,53.229822433591366,1.7272022546186983,17.636799165658857,1.0,1.0
9.0,-157.67887217941922,0.0,53.23581860896478,1.4755446938182508,16.951307668960776,1.0,1.0
10.0,-159.81042140040444,0.0,53.24241826855965,1.1490447317429269,16.556944445522536,1.0,1.0
11.0,-161.05685848460098,0.0,53.24998830296301,0.7265444857269502,16.385294841687095,1.0,1.0
12.0,-161.53832378063805,0.0,53.256554973525624,0.12883301059289995,16.342394275762736,1.0,1.0
13.0,-161.556373838253,0.0,53.25829057265476,0.0013126354756634758,16.339390259279387,1.0669868972636265,116.7012626000544
14.0,-161.5563747574685,0.0,53.25829312826771,8.32030282794546e-05,16.339463320649145,0.0,0.0
