iter,val,proj,gnorm,dnorm,xnorm,step,maxstep
1.0,60.0,0.0,57.38579615202877,17.352160534610498,24.49489742783178,0.5071587101187879,1.0
2.0,-72.57051744250077,0.0,52.64659626482562,5.487326219936952,25.169511773579412,0.6058532401481979,1.0
3.0,-96.36703934660432,0.0,51.85924785390995,2.753171920561937,24.859821229664178,1.0,1.0
4.0,-108.23185718977413,0.0,51.61658895272556,2.4600169472838065,23.085810211134465,1.0,1.0
5.0,-113.8802823356616,0.0,51.61705445444801,2.3846361105786396,21.224801562122163,1.0,1.0
6.0,-119.20165993873132,0.0,51.61981139918231,2.1484788852048324,19.301611335111534,1.0,1.0
7.0,-123.91396292137651,0.0,51.621251463348266,2.0265722411432905,17.883793963166475,1.0,1.0
8.0,-127.97835918310724,0.0,51.62877013129179,1.822099149520412,16.67945124819579,1.0,1.0
9.0,-131.2356155950286,0.0,51.636264016677515,1.5539564816897726,15.856381751250808,1.0,1.0
10.0,-133.5659065101255,0.0,51.64485612582785,1.2036314751868211,15.380032684822497,1.0,1.0
11.0,-134.93021304166825,0.0,51.65398976944565,0.7113461256886906,15.170253248460813,1.0,1.0
12.0,-135.31837967093173,0.0,51.663895645861516,0.11616883218094048,15.118289667300266,0.9999999807090827,1.0
13.0,-135.32932361492834,0.0,51.66550733515565,1.643898130930817e-06,15.117010186972974,0.0,0.0
