iter,val,proj,gnorm,dnorm,xnorm,step,maxstep
1.0,59.999999999999886,0.0,56.75288163611254,17.813131309421234,24.49489742783178,0.5062941101041633,1.0
2.0,-87.18626842755475,0.0,51.38460348363426,5.655812208414115,25.30220968452325,0.5974618476162887,1.0
3.0,-115.6915552692385,0.0,50.38716759563303,2.8509489426678214,25.10207260736498,1.0,1.0
4.0,-129.54482089894822,0.0,50.05307058920641,2.4515784689190543,23.57166211904905,1.0,1.0
5.0,-135.08360121247512,0.0,50.053655835081166,2.329580395195761,21.70264119465331,1.0,1.0
6.0,-140.27423557061672,0.0,50.054702466075945,2.1122564826223242,19.933529461306005,1.0,1.0
7.0,-144.8289817712194,0.0,50.05782049699025,1.9806769218962172,18.575716662975857,1.0,1.0
8.0,-148.65803189469443,0.0,50.0665250415223,1.753943790945087,17.447632402341206,1.0,1.0
9.0,-151.67619134898175,0.0,50.07378107224581,1.5088844745607273,16.71846904396183,1.0,1.0
10.0,-153.90664320191036,0.0,50.08071479743398,1.199270576473159,16.30552587418989,1.0,1.0
11.0,-155.25572484473196,0.0,50.089377322692876,0.7478468886749445,16.116411564673594,1.0,1.0
12.0,-155.73109391270293,0.0,50.097787459067796,0.11160843025558718,16.073935059216584,0.9999993840634488,1.0
13.0,-155.7457538785788,0.0,50.099154386679,4.3456355998137225e-05,16.073943985702197,0.0,0.0
