iter,val,proj,gnorm,dnorm,xnorm,step,maxstep
1.0,60.0,0.0,57.927318494834545,17.560032936704722,24.49489742783178,0.5064445202454595,1.0
2.0,-80.31370382097111,0.0,52.93806544624746,5.790859828481993,25.26763401606525,0.590906603220071,1.0
3.0,-105.20668619848425,0.0,52.10819930172121,2.804754176856011,25.122813510025715,1.0,1.0
4.0,-117.3112547160141,0.0,51.85610370086339,2.4646069929878847,23.44722884796969,1.0,1.0
5.0,-122.94220245456063,0.0,51.85668186624773,2.344825870126026,21.56158896718731,1.0,1.0
6.0,-128.12616905204163,0.0,51.85971194220588,2.103028076412298,19.70422962434286,1.0,1.0
7.0,-132.63405409100758,0.0,51.86245695701362,1.9996320866386716,18.349892654922535,1.0,1.0
8.0,-136.5102898617509,0.0,51.87044409101736,1.8014324395660886,17.21090972529602,1.0,1.0
9.0,-139.71433688680946,0.0,51.87599853518875,1.5572172282240972,16.453312042937718,1.0,1.0
10.0,-142.07345862767946,0.0,51.88380335601924,1.2326301731975418,15.999261847778952,1.0,1.0
11.0,-143.53803525788388,0.0,51.89127302168455,0.7714053981418988,15.800626140046914,1.0,1.0
12.0,-144.04023312382972,0.0,51.90039965605341,0.10834194089567213,15.751578287392505,1.0,1.0
13.0,-144.0548616047051,0.0,51.90170656600461,0.00014336259520123057,15.750743966573223,0.0,0.0
