iter,val,proj,gnorm,dnorm,xnorm,step,maxstep
1.0,60.000000000000114,0.0,56.545418488163996,17.716672941039203,24.49489742783178,0.5063909824090659,1.0
2.0,-83.82109855949085,0.0,51.2862339149077,5.603342318309382,25.285282052597427,0.6001794880958181,1.0
3.0,-111.05106906670841,0.0,50.33889683486264,2.8238643334577587,25.060801128015623,1.0,1.0
4.0,-124.44098322519903,0.0,50.02375111524515,2.413081858665728,23.448823150855223,1.0,1.0
5.0,-129.9526002505463,0.0,50.024000955488034,2.351818304939546,21.67134740513304,1.0,1.0
6.0,-135.19755501634268,0.0,50.02647192838727,2.1055777729778415,19.8324688884197,1.0,1.0
7.0,-139.77298406914116,0.0,50.02886930223709,1.9793183236362508,18.470470002952787,1.0,1.0
8.0,-143.5614479343752,0.0,50.039010762763446,1.7699371587217478,17.332319080578433,1.0,1.0
9.0,-146.60209827059674,0.0,50.045556137275035,1.5392210229191297,16.60556157241441,1.0,1.0
10.0,-148.92625952907346,0.0,50.05177300708731,1.247510254061344,16.18610410799598,1.0,1.0
11.0,-150.41707133616546,0.0,50.0594551201487,0.7836861309781982,15.992223193792492,1.0,1.0
12.0,-150.94423746036506,0.0,50.06832215844382,0.14359853957156693,15.9507857758438,1.0,1.0
13.0,-150.96105128878514,0.0,50.07066727049952,9.369926116122999e-06,15.95012807696211,0.0,0.0
