iter,val,proj,gnorm,dnorm,xnorm,step,maxstep
1.0,60.000000000000455,0.0,57.50155406597286,18.33939319862526,24.49489742783178,0.5056851672597874,1.0
2.0,-100.67869291482396,0.0,51.683890425418106,6.296697844510808,25.421940289727203,0.5737557212123885,1.0
3.0,-130.583634158684,0.0,50.629765925749815,2.9437380047832304,25.47917647985287,1.0,1.0
4.0,-144.9146499812187,0.0,50.276092670835354,2.4357721107074624,24.042349325257728,1.0,1.0
5.0,-150.3963561320516,0.0,50.27631671552493,2.315923128270118,22.25651517247731,1.0,1.0
6.0,-155.52976529704893,0.0,50.277928479841925,2.046947102206109,20.509653298327326,1.0,1.0
7.0,-159.77441315740236,0.0,50.283925146650645,1.872117196788382,19.21335608348029,1.0,1.0
8.0,-163.20905629382943,0.0,50.29324101795573,1.6428662776523872,18.217067234081277,1.0,1.0
9.0,-165.8196463776508,0.0,50.30058872574039,1.40789081139015,17.594826091581613,1.0,1.0
10.0,-167.7784419352062,0.0,50.30560319420446,1.0986541912991483,17.257582421797885,1.0,1.0
11.0,-168.87507213482044,0.0,50.31331643577722,0.6859629421294648,17.106135497884193,1.0,1.0
12.0,-169.28120487415228,0.0,50.31934825129396,0.10438182231620463,17.076865092071703,1.0,1.0
13.0,-169.29227079062866,0.0,50.32075069446863,0.0007276935168973505,17.076265472381483,0.0,0.0
