iter,val,proj,gnorm,dnorm,xnorm,step,maxstep
1.0,60.0,0.0,57.34889219508778,17.61487012261474,24.49489742783178,0.506597713230805,1.0
2.0,-97.08650336239106,0.0,51.66162485744461,5.865968794581508,25.254396439120043,0.5869624228248366,1.0
3.0,-131.72563150943574,0.0,50.42219459685118,2.8896743886334177,25.124554578566244,1.0,1.0
4.0,-149.6530072773715,0.0,49.92308473314933,2.380569354979376,23.686921264437608,1.0,1.0
5.0,-155.07826210630554,0.0,49.92342375140483,2.306356816256609,21.90316339343627,1.0,1.0
6.0,-160.26483748651418,0.0,49.92467422984568,2.0973700993869153,20.171131743306553,1.0,1.0
7.0,-164.70729195662625,0.0,49.9303829165129,1.951267715995565,18.800849008262936,1.0,1.0
8.0,-168.45843393129334,0.0,49.937594925564916,1.764573512365027,17.75242661782795,1.0,1.0
9.0,-171.5198735977994,0.0,49.94327824199837,1.5356716134543653,17.048244427025693,1.0,1.0
10.0,-173.82124375398973,0.0,49.950091244932125,1.2398791107313367,16.634931305383425,1.0,1.0
11.0,-175.29013623299684,0.0,49.9577594035786,0.7841249365627588,16.446835708720837,1.0,1.0
12.0,-175.80453495757104,0.0,49.966999806099196,0.1326893631765168,16.403354739480935,0.9999999995681735,1.0
13.0,-175.81938064896744,0.0,49.968974142773,4.4682861010206935e-08,16.40189705701133,0.0,0.0
