iter,val,proj,gnorm,dnorm,xnorm,step,maxstep
1.0,60.0,0.0,57.111969393488785,17.077565090743217,24.49489742783178,0.505362617079097,1.0
2.0,-85.29658476924806,0.0,51.76706108302936,5.875082519157779,25.118514074843112,0.6091610664906096,1.0
3.0,-118.02899023039339,0.0,50.67958593105119,2.877713013371335,24.946040345079904,1.0,1.0
4.0,-133.63903432132105,0.0,50.31121109480922,2.429239549181582,23.418957580026277,1.0,1.0
5.0,-139.12398951679268,0.0,50.312259737876396,2.3498601480207815,21.621396809868806,1.0,1.0
6.0,-144.34444097433425,0.0,50.31247693214208,2.1224715491431727,19.81681442101283,1.0,1.0
7.0,-148.94480291590986,0.0,50.31102608049603,1.9986306372179243,18.4600512106254,1.0,1.0
8.0,-152.86223453779118,0.0,50.31505406992358,1.7929687090172104,17.32936094960422,1.0,1.0
9.0,-156.00165956103683,0.0,50.322748244300676,1.5500764105033242,16.573219591508924,1.0,1.0
10.0,-158.34179886283516,0.0,50.330114734490714,1.258525582025693,16.145106934998974,1.0,1.0
11.0,-159.8620090997701,0.0,50.336984601039454,0.8140543640198367,15.962151447737247,1.0,1.0
12.0,-160.44931063915462,0.0,50.344860740822334,0.13007816029520908,15.928805057388445,1.0,1.0
13.0,-160.46881345081385,0.0,50.34683087835501,0.00021557772217517746,15.928632692830728,0.0,0.0
