iter,val,proj,gnorm,dnorm,xnorm,step,maxstep
1.0,60.000000000000455,0.0,57.90034664837681,18.33613016030635,24.49489742783178,0.505869304284291,1.0
2.0,-99.77714024392805,0.0,52.16800674707665,6.012763093007811,25.40542460592366,0.5822743674141747,1.0
3.0,-130.9275502611249,0.0,51.07729814163746,2.9368673928663562,25.35003507916305,1.0,1.0
4.0,-146.1031073145927,0.0,50.691982414236605,2.4425604860901933,23.96205831850831,1.0,1.0
5.0,-151.60032305136002,0.0,50.69267549510652,2.306096143798704,22.10771814503055,1.0,1.0
6.0,-156.746996568829,0.0,50.69304344400122,2.075319324148845,20.402205505827684,1.0,1.0
7.0,-161.12721647069392,0.0,50.69829200723304,1.9143348448581556,19.071398112708636,1.0,1.0
8.0,-164.72042971212804,0.0,50.70703193352406,1.670207322011209,18.031465788756286,1.0,1.0
9.0,-167.42190489075344,0.0,50.71504590203319,1.397976878620173,17.370977526583086,1.0,1.0
10.0,-169.3094887575781,0.0,50.7220579645713,1.0882515867764042,17.01751694061931,1.0,1.0
11.0,-170.40017374379093,0.0,50.729108862940826,0.6812234807846766,16.870951687671823,1.0,1.0
12.0,-170.80613894373596,0.0,50.73501014883068,0.1253619489326758,16.840723087576123,1.0,1.0
13.0,-170.82292051490253,0.0,50.73651837622499,0.00031730125241192066,16.841207055289097,0.0,0.0
