iter,val,proj,gnorm,dnorm,xnorm,step,maxstep
1.0,4.0,0.0,64.40845283037778,1.392562726547146,1.4142135623730951,0.5425230450773336,1.0
2.0,-13.827489406215108,0.0,63.85869875345199,0.644699620915895,1.5404028782977492,0.5814996431326458,1.0
3.0,-22.19991868617836,0.0,63.60072348451758,0.2858098268069307,1.7066857919978706,0.6573823004362971,1.0
4.0,-26.082187771034715,0.0,63.48185039415403,0.1147615992334189,1.7966249000150443,0.795728992301773,1.0
5.0,-27.677913981048707,0.0,63.433554915508346,0.035446079009527134,1.8324158102314096,1.0,1.0
6.0,-28.08607604990091,0.0,63.42154162281472,0.004323647801888968,1.8391413194531199,0.9999964947206988,3.2650397472985353
7.0,-28.086085396833347,0.0,63.42162913259793,5.973536703112738e-08,1.8383590016131464,0.0,0.0
