iter,val,proj,gnorm,dnorm,xnorm,step,maxstep
1.0,4.0,0.0,70.28283043535028,1.39792284683894,1.4142135623730954,0.5247652110231508,1.0
2.0,-15.273067348337754,0.0,69.73569634312537,0.6700807062383178,1.5547702572578748,0.5514019621564142,1.0
3.0,-24.52459222341471,0.0,69.47274470752332,0.313247279132333,1.7278417373617188,0.6018506016095816,1.0
4.0,-28.96829754091941,0.0,69.34681600105547,0.13755260245770864,1.8267471917849745,0.6869360891020471,1.0
5.0,-30.969361592591852,0.0,69.29043196753983,0.05056063119671474,1.872597650465226,0.7958701952532526,1.0
6.0,-31.692155287057254,0.0,69.27022036468328,0.01412335497529416,1.8886006776422255,0.9363688259799722,1.0
7.0,-31.86546397656468,0.0,69.26544209924269,0.002045994638363062,1.8919446820641952,1.0,1.0
8.0,-31.87723531287242,0.0,69.265135148668,8.454669915827252e-05,1.8920219441931498,0.0,0.0
