iter,val,proj,gnorm,dnorm,xnorm,step,maxstep
1.0,4.0,0.0,67.56789733300718,1.395764832149982,1.4142135623730954,0.5415042659520145,1.0
2.0,-14.580711002303289,0.0,67.01731801558434,0.6488291913362828,1.5420416205380314,0.5726442087435466,1.0
3.0,-23.222584359244426,0.0,66.76098102323792,0.2895239643644935,1.7120896611738021,0.6206561539436095,1.0
4.0,-27.146936014055072,0.0,66.64486264161148,0.11877599455303854,1.8060393855985977,0.6881996658790932,1.0
5.0,-28.782820080500382,0.0,66.59668022034202,0.042307283845163635,1.8467901770725914,0.7772191090878068,1.0
6.0,-29.356671390209634,0.0,66.57988175421191,0.012077306783113204,1.8607597060255865,0.8958142450048597,1.0
7.0,-29.503810200762324,0.0,66.57561879387013,0.0021173170817454503,1.8640293026407249,1.0,1.0
8.0,-29.520914985052933,0.0,66.57513605280876,0.00011498964956765508,1.8643020016731657,0.0,0.0
