iter,val,proj,gnorm,dnorm,xnorm,step,maxstep
1.0,4.000000000000007,0.0,67.66247790322491,1.3962654475421215,1.4142135623730954,0.5403972661684748,1.0
2.0,-15.270912690056527,0.0,67.09594890564026,0.6495321463691995,1.5442004424685876,0.573596629265765,1.0
3.0,-24.302945469629012,0.0,66.83024447687329,0.2909764350765189,1.7135640078112826,0.6308416794284668,1.0
4.0,-28.459241409615352,0.0,66.70837643091151,0.11872734450877445,1.8070461005182903,0.7196569625333404,1.0
5.0,-30.1945702641309,0.0,66.657814208088,0.041623396905533565,1.8466811223826833,0.8638015130950168,1.0
6.0,-30.77640174770446,0.0,66.64105706882518,0.009649003435690444,1.8587995372844084,1.0,1.0
7.0,-30.868019627008014,0.0,66.63849704550567,0.0007564993916731595,1.8600545536582778,0.0,0.0
