iter,val,proj,gnorm,dnorm,xnorm,step,maxstep
1.0,4.000000000000007,0.0,68.11180508549013,1.3982187054917758,1.4142135623730951,0.5467527933386895,1.0
2.0,-14.323109954876465,0.0,67.5777806813366,0.642686212853852,1.5417621205338492,0.5781066830718788,1.0
3.0,-22.737956003297263,0.0,67.33242572345034,0.28098136775256904,1.712467224760798,0.6184721139203412,1.0
4.0,-26.460447401805002,0.0,67.22411424583913,0.11464296807214694,1.804570369739103,0.6730805124682959,1.0
5.0,-27.99228828185025,0.0,67.17969440043835,0.041401430677616494,1.8445045522681665,0.7386709276084257,1.0
6.0,-28.539800932092966,0.0,67.16388203506452,0.012784365677306606,1.8587584316866368,0.8265312748436977,1.0
7.0,-28.699671163035458,0.0,67.15929244098072,0.002939382821765445,1.862755317266902,0.9278877341144488,1.0
8.0,-28.730789410263334,0.0,67.15840826650329,0.00037663748609066916,1.8634605869801981,0.0,0.0
