iter,val,proj,gnorm,dnorm,xnorm,step,maxstep
1.0,10.00000000000091,0.0,1761.9324182578628,6.8977483765839605,7.0710678118654755,0.5078233451052967,1.0
2.0,-266.2491962998556,0.0,1761.382379349939,3.3803371297560596,7.842302224833372,0.5177197430327336,1.0
3.0,-395.91389055506806,0.0,1761.1075341386536,1.6660737318992318,8.706703490021102,0.5436215990563622,1.0
4.0,-459.3714037401096,0.0,1760.9779547888468,0.8371733795671391,9.22448016501448,0.664459211202753,1.0
5.0,-494.1747269299294,0.0,1760.9088567768383,0.434078212373551,9.52042308739246,1.0,1.0
6.0,-511.6504752744513,0.0,1760.8727163824753,0.28937025270410804,9.655880925441352,1.0,1.0
7.0,-511.73133845712346,0.0,1760.871265752563,0.17518137323671185,9.638433266305004,1.0,1.0
8.0,-511.7602837264476,0.0,1760.8720212313874,0.03276737882558306,9.633257526460577,1.0,1.0
9.0,-511.7613039450007,0.0,1760.8730062030218,2.2229198543363375e-06,9.632342376615778,0.0,0.0
