iter,val,proj,gnorm,dnorm,xnorm,step,maxstep
1.0,9.99999999999909,0.0,1768.583741333726,6.925919400228503,7.0710678118654755,0.49524851395860897,1.0
2.0,-262.3154178256291,0.0,1768.3238359660263,3.4257763241624803,7.820874461812782,0.5035656145884018,1.0
3.0,-393.0149070239231,0.0,1768.204681742939,1.7310631098047462,8.642098517223417,0.5363537482352587,1.0
4.0,-459.81625687859014,0.0,1768.1444657075301,0.8979972704619549,9.130867946253414,0.6797778496818652,1.0
5.0,-498.40392844733833,0.0,1768.1092470356887,0.4673252525240351,9.40977627685513,1.0,1.0
6.0,-516.4837124932637,0.0,1768.0925079969227,0.27640926656831927,9.504965151027257,1.0,1.0
7.0,-516.5581975341802,0.0,1768.0922796350894,0.16777622847037324,9.476443090876819,1.0,1.0
8.0,-516.5811912465933,0.0,1768.0922786142687,0.009028186283999148,9.472621902142349,0.9996073866926165,1.0
9.0,-516.5815828544228,0.0,1768.09229707025,2.23320497014787e-05,9.472591346595813,0.0,0.0
