iter,val,proj,gnorm,dnorm,xnorm,step,maxstep
1.0,9.99999999999909,0.0,1772.1959195636357,6.923166794288466,7.0710678118654755,0.4920898780959374,1.0
2.0,-257.8463962671203,0.0,1771.7602310933758,3.462608854155397,7.807255090560341,0.5009348427022872,1.0
3.0,-387.23893795060576,0.0,1771.5365327530337,1.778695210436979,8.640246554919122,0.5506694203312164,1.0
4.0,-455.82475165903907,0.0,1771.378029885,0.8875703905950162,9.158439595654139,0.6802099879971722,1.0
5.0,-493.2123916396213,0.0,1771.2893750939616,0.4709548571299122,9.446896723841027,1.0,1.0
6.0,-510.7117434695656,0.0,1771.2496277636817,0.31440021262695067,9.548235098533283,1.0,1.0
7.0,-510.80547411007046,0.0,1771.2485927105074,0.1826896826534327,9.517717334602795,1.0,1.0
8.0,-510.83403503353384,0.0,1771.2384917258255,0.03553950065198551,9.511954227174847,1.0,1.0
9.0,-510.8349057324749,0.0,1771.2377078467741,0.0,9.511736057815089,0.0,0.0
