iter,val,proj,gnorm,dnorm,xnorm,step,maxstep
1.0,10.0,0.0,1761.7632947220804,6.918748200842886,7.0710678118654755,0.46749964288429047,1.0
2.0,-223.14886857203783,0.0,1761.040827698143,3.603256646209193,7.7343212626755395,0.47896717828726576,1.0
3.0,-341.11315839114286,0.0,1760.6872497217157,1.9211981116340668,8.528238181414217,0.5211312084440448,1.0
4.0,-405.36863119350255,0.0,1760.523119326977,1.000852873073138,9.037171717667734,0.6406797496394421,1.0
5.0,-442.38741310484966,0.0,1760.430298199597,0.5435555937098587,9.320332114478168,1.0,1.0
6.0,-462.985319439631,0.0,1760.3792379645786,0.3456782809484871,9.432059743407105,1.0,1.0
7.0,-463.10000134637994,0.0,1760.3803862273762,0.23951010002226195,9.38757309892491,1.0,1.0
8.0,-463.15484190515144,0.0,1760.3817775228524,0.09346091021332069,9.380256376749774,0.9999999999998044,1.0
9.0,-463.15957422604424,0.0,1760.3930262441047,1.4413786607261435e-13,9.379790762688517,0.0,0.0
