iter,val,proj,gnorm,dnorm,xnorm,step,maxstep
1.0,9.99999999999909,0.0,1758.9718048229197,6.990590068084383,7.0710678118654755,0.5094036875793464,1.0
2.0,-298.35614971148243,0.0,1758.3803429750437,3.4195281061802207,7.893061947526582,0.5384039663667884,1.0
3.0,-448.87065537438775,0.0,1758.1676835902188,1.607150171232139,8.805365401367302,0.5641354991187957,1.0
4.0,-519.4659195399381,0.0,1758.073584165037,0.7544413076248633,9.315121609713017,0.6674487088260445,1.0
5.0,-555.3460779216239,0.0,1758.0247383877854,0.37866103161217285,9.577263755053819,1.0,1.0
6.0,-573.1405933795513,0.0,1758.001540510986,0.22870573233957822,9.686557410521418,1.0,1.0
7.0,-573.1928005509571,0.0,1758.0027713777529,0.12518480576917973,9.666162633354023,0.9999999999999998,2.265017481923239
8.0,-573.2006361687454,0.0,1757.989495895889,1.962615573354719e-17,9.662223914860517,0.0,0.0
