iter,val,proj,gnorm,dnorm,xnorm,step,maxstep
1.0,10.0,0.0,1784.0162045502836,6.872923712143267,7.0710678118654755,0.5051111230737992,1.0
2.0,-266.0580012694436,0.0,1783.6394271769188,3.4397382947887047,7.823264713921042,0.5592484166712024,1.0
3.0,-408.0294022674252,0.0,1783.530951722146,1.563495688285736,8.722996858099743,0.5980971698950489,1.0
4.0,-472.72749126231065,0.0,1783.4687852368181,0.7307558394090434,9.220164658960092,0.808445040123295,1.0
5.0,-507.3428011866954,0.0,1783.4307794164758,0.4053558524188397,9.486747599352427,1.0,1.0
6.0,-515.6040315157688,0.0,1783.415083212812,0.30876259028556813,9.521946324917378,1.0,1.0
7.0,-515.6885936816589,0.0,1783.3806552524616,0.17414293738339295,9.498938133014061,1.0,1.0
8.0,-515.7061890863724,0.0,1783.3856645065919,0.0012713298897527603,9.494620541767565,1.0000000000000002,2.8941612796466716
9.0,-515.7061898945085,0.0,1783.3857383393074,0.0,9.494608479698307,0.0,0.0
