iter,val,proj,gnorm,dnorm,xnorm,step,maxstep
1.0,10.0,0.0,1764.666464539404,6.9252765484655745,7.0710678118654755,0.52483303523267,1.0
2.0,-260.1221164304716,0.0,1764.2855045528668,3.2523340535421412,7.910875714901791,0.5362715545609612,1.0
3.0,-382.3770936629344,0.0,1764.1183551667125,1.5461488738733773,8.781557255228536,0.5720823710893995,1.0
4.0,-440.8258614639535,0.0,1764.0405302324634,0.7556478279460932,9.270159683315926,0.7555907268330743,1.0
5.0,-473.33169539318806,0.0,1763.998519635538,0.3997620159911396,9.53874081775482,1.0,1.0
6.0,-483.8515042584286,0.0,1763.9889820511614,0.2500441094658858,9.596225831920634,1.0,1.0
7.0,-483.904831000792,0.0,1763.9946632025094,0.09290882488430675,9.573990559915535,1.0,1.0
8.0,-483.91060115313485,0.0,1763.9953397778295,0.010959422639333631,9.572628612365978,1.1165343014574711,4.934601105883961
9.0,-483.91066820601463,0.0,1763.995337967576,0.00017126464091453755,9.572082273231784,0.0,0.0
