iter,val,proj,gnorm,dnorm,xnorm,step,maxstep
1.0,10.0,0.0,1754.51943980225,6.964815862605414,7.0710678118654755,0.5119063915287676,1.0
2.0,-262.97988318213356,0.0,1754.1230981040444,3.3640716016801586,7.8891446485095305,0.517304226872657,1.0
3.0,-388.5760651292121,0.0,1753.9387636326524,1.6364389135714632,8.765689007184783,0.5488547303289093,1.0
4.0,-450.70417479952266,0.0,1753.8534582632924,0.8199853768068182,9.265243232426608,0.6986950358693448,1.0
5.0,-485.799223774181,0.0,1753.8171485396597,0.41530110367412626,9.536982971449373,1.0,1.0
6.0,-500.86426268702144,0.0,1753.810661266086,0.2061013699408457,9.617546191255364,1.0,1.0
7.0,-500.9016578840683,0.0,1753.8139977525245,0.05753469677499381,9.590842974838017,1.0,1.0
8.0,-500.90332171738373,0.0,1753.8135070506305,0.0,9.588605961387673,0.0,0.0
