iter,val,proj,gnorm,dnorm,xnorm,step,maxstep
1.0,9.999999999998181,0.0,1769.346404867063,6.8845830859004575,7.0710678118654755,0.5088284213256168,1.0
2.0,-270.54828737578737,0.0,1768.6637434429279,3.3653806671940125,7.842625519595192,0.5494060125151967,1.0
3.0,-410.1393505007327,0.0,1768.4208444696774,1.586503822214307,8.72205146503724,0.5957570671308394,1.0
4.0,-476.1662804207408,0.0,1768.3202014073224,0.7646591799530136,9.22703279441881,0.885182216704841,1.0
5.0,-515.234206007296,0.0,1768.2740720074291,0.4382092382877674,9.516775173127945,1.0,1.0
6.0,-520.4199773908413,0.0,1768.2775036433673,0.3455237024361853,9.504837126955264,1.0,1.0
7.0,-520.5386758008808,0.0,1768.281168626891,0.1930269985545278,9.483028407155011,1.0,1.0
8.0,-520.574816800452,0.0,1768.2719618159294,0.032860406398953705,9.47913997864032,0.9999844457010401,1.6338816851300775
9.0,-520.5753566952108,0.0,1768.267880739845,2.983189612032865e-06,9.479012625480395,0.0,0.0
