iter,val,proj,gnorm,dnorm,xnorm,step,maxstep
1.0,10.0,0.0,1782.7239766806301,6.870006968700979,7.0710678118654755,0.5308755527104555,1.0
2.0,-251.55647770180167,0.0,1782.7786253543002,3.2089931671304277,7.90283881680266,0.5400150344353782,1.0
3.0,-367.79428235083105,0.0,1782.7376577426962,1.5179471356953336,8.74234556213999,0.588384745116866,1.0
4.0,-424.1149458517739,0.0,1782.743901848619,0.7916785287840614,9.204283605442996,0.8678324908331483,1.0
5.0,-457.8118161813245,0.0,1782.6979551815002,0.4463798520029461,9.454282507209156,1.0,1.0
6.0,-463.01333398019597,0.0,1782.6898838833708,0.34962918633455126,9.451644045233053,0.8114988051899897,1.0
7.0,-463.0827359895111,0.0,1782.6549676499865,0.2498519313840431,9.434505227187877,1.0,1.0
8.0,-463.1251204946002,0.0,1782.6720608381684,0.13232543014579495,9.428433291872091,0.7016060706866829,1.0
9.0,-463.13276615318864,0.0,1782.6636224392869,0.056404320812694884,9.425610012265581,1.0,1.0
10.0,-463.1357363549787,0.0,1782.6653691750935,0.03605116045003617,9.423535381316242,0.9999594880698172,1.7389876654468006
11.0,-463.13638617174,0.0,1782.6628813975096,1.1741360932512774e-05,9.422573689456707,0.0,0.0
