iter,val,proj,gnorm,dnorm,xnorm,step,maxstep
1.0,6.0,0.0,4329.94578190813,1.7291751887340205,1.7320508075688779,0.44175002803842445,1.0
2.0,-136.17882508107914,0.0,4329.742847768992,0.9662639798002564,1.8869953812082685,0.4459128249503751,1.0
3.0,-215.71974565443998,0.0,4329.630769553575,0.5378191999075538,2.09326014670745,0.4522342154236326,1.0
4.0,-260.2358402605296,0.0,4329.569218505539,0.2977210731173486,2.2362190318015682,0.46186339660150977,1.0
5.0,-285.08298233402365,0.0,4329.535783286077,0.1621360754499484,2.3229532809947773,0.4722236207722949,1.0
6.0,-298.7368042720568,0.0,4329.517820651255,0.08717509405413987,2.3724429257306605,0.48771933405297724,1.0
7.0,-306.1742873764474,0.0,4329.50829877063,0.046087837998693204,2.399757094416433,0.5103581178888145,1.0
8.0,-310.1597256328164,0.0,4329.503348107301,0.023626235426746592,2.4144390330895367,0.5409754369148105,1.0
9.0,-312.2278164753393,0.0,4329.5008655758875,0.011542462774561378,2.4220380157467885,0.5805997809102125,1.0
10.0,-313.24654591072795,0.0,4329.499690895686,0.005253836738981334,2.425756631020713,0.6302659139084756,1.0
11.0,-313.7103250465143,0.0,4329.499181910658,0.0021601482017607034,2.4274323782874823,0.6906754137581853,1.0
12.0,-313.8982306799562,0.0,4329.498988559821,0.0007674084410071487,2.428101688454659,0.0,0.0
