iter,val,proj,gnorm,dnorm,xnorm,step,maxstep
1.0,5.999999999998636,0.0,4336.23768459387,1.7288594024192177,1.7320508075688774,0.45537560718671644,1.0
2.0,-143.94131097544823,0.0,4336.004742037523,0.9416142475112673,1.8958063473368043,0.458353190229715,1.0
3.0,-225.5619247605964,0.0,4335.879593287916,0.5127578160532563,2.107705700818858,0.4642869768110097,1.0
4.0,-270.17232533984,0.0,4335.81257257878,0.2780120333598207,2.2504601758501117,0.47367941831212346,1.0
5.0,-294.5030494175353,0.0,4335.776828078625,0.14727556581655404,2.33500495387482,0.4785126145730186,1.0
6.0,-307.42463436817525,0.0,4335.757871127205,0.07752692002219644,2.3815218376056677,0.48499613295346977,1.0
7.0,-314.2502110188857,0.0,4335.747862263135,0.040450342378435714,2.406464997402934,0.49336546489610006,1.0
8.0,-317.82491401170637,0.0,4335.742623740429,0.02084091368446129,2.419604811732285,0.5037051678957609,1.0
9.0,-319.67362329949265,0.0,4335.7399165625275,0.0105601977983249,2.42640772161528,0.5161130188151349,1.0
10.0,-320.6136460879038,0.0,4335.738541148603,0.005238911465867415,2.4298615509435817,0.5306981144030323,1.0
11.0,-321.08134391081967,0.0,4335.737857427593,0.002531884735594587,2.4315746646083913,0.5475776475765703,1.0
12.0,-321.30781141433954,0.0,4335.737526670376,0.0011852426082193683,2.43240077947218,0.5668717891314544,1.0
13.0,-321.4138793699194,0.0,4335.737371915117,0.0005339356010705923,2.4327858127161273,0.0,0.0
