iter,val,proj,gnorm,dnorm,xnorm,step,maxstep
1.0,5.999999999999545,0.0,4327.078720411498,1.7298904589597577,1.7320508075688779,0.46531034146768163,1.0
2.0,-145.08215476379428,0.0,4326.843521570885,0.925050677283774,1.9006119000053507,0.4683456589786742,1.0
3.0,-225.8169998735384,0.0,4326.720518779364,0.493916809921413,2.1158745071802025,0.47734875724478154,1.0
4.0,-269.3996058926382,0.0,4326.657978582625,0.2627966349488228,2.2585001489697887,0.49476002104530226,1.0
5.0,-292.9611887340475,0.0,4326.626385530285,0.13766213931971177,2.3420687186333944,0.5231025901812462,1.0
6.0,-305.53373902962085,0.0,4326.61080395546,0.06810007353839015,2.3885502521514734,0.549205452839183,1.0
7.0,-311.82510398190334,0.0,4326.603402423347,0.03191219840862928,2.4123353297109427,0.5746840364284695,1.0
8.0,-314.79192110248323,0.0,4326.600025549988,0.014302833527332753,2.423679663845121,0.6071671366522872,1.0
9.0,-316.12489237900263,0.0,4326.598564980692,0.006014783749790838,2.4288097970964064,0.6471833218153268,1.0
10.0,-316.68300213778775,0.0,4326.597980588901,0.0023149861253171687,2.430966618337021,0.6950418977900232,1.0
11.0,-316.8944679356882,0.0,4326.597771371734,0.0007885713703525347,2.431786308299408,0.0,0.0
