iter,val,proj,gnorm,dnorm,xnorm,step,maxstep
1.0,5.999999999998636,0.0,4321.261450937909,1.7286287436385332,1.7320508075688774,0.4104937502680805,1.0
2.0,-133.72804099530276,0.0,4321.043595151403,1.0227225620127722,1.86707007757072,0.42560478050927336,1.0
3.0,-218.54034542824274,0.0,4320.919020612348,0.5934102645165995,2.0644848758806833,0.43799038052312383,1.0
4.0,-268.46815703186485,0.0,4320.846570688172,0.33725435644327956,2.212700374296021,0.4473719267405064,1.0
5.0,-297.060132092558,0.0,4320.806522784559,0.18877363113897552,2.3065377200551285,0.4570106785266467,1.0
6.0,-313.17904733790647,0.0,4320.784659497021,0.10419372330501776,2.3620593491702166,0.4681748607876117,1.0
7.0,-322.1382819000778,0.0,4320.7728311873525,0.056678831719511186,2.393722290966243,0.4826564059910461,1.0
8.0,-327.0482811720158,0.0,4320.76653549742,0.03016990405834926,2.4113276873741385,0.5003167067612214,1.0
9.0,-329.6807522856243,0.0,4320.763261163355,0.015620179479912052,2.420842764213052,0.5217732697885029,1.0
10.0,-331.05238888304257,0.0,4320.761611420604,0.007800145406382528,2.4258239790871907,0.5473871982250866,1.0
11.0,-331.7404959308601,0.0,4320.76081461464,0.0037184832098522288,2.4283300804780215,0.5774918012715845,1.0
12.0,-332.0690590424547,0.0,4320.760450466095,0.0016711168808399705,2.4295288942041884,0.6123868938621186,1.0
13.0,-332.21626538576993,0.0,4320.760295579769,0.0006969161728716121,2.4300666652137815,0.0,0.0
