iter,val,proj,gnorm,dnorm,xnorm,step,maxstep
1.0,6.0,0.0,4350.856916170423,1.7299401145704436,1.7320508075688774,0.4683995506127569,1.0
2.0,-149.27168110054663,0.0,4350.569799557302,0.9214799091625474,1.906132177281753,0.4747322692141038,1.0
3.0,-232.3536296960442,0.0,4350.418829064785,0.48522316069800214,2.1241628650491533,0.48094734579349757,1.0
4.0,-276.40234822549974,0.0,4350.339963840141,0.2527570864664495,2.264750891952133,0.48546555722531276,1.0
5.0,-299.435765716873,0.0,4350.299057042841,0.13124058582392953,2.343677498949577,0.4928295258075784,1.0
6.0,-311.4547816858726,0.0,4350.277900609413,0.06754231512246252,2.386061820953453,0.5047028102438437,1.0
7.0,-317.6940142520739,0.0,4350.2670979951945,0.034483909009209925,2.4082702253139994,0.5325750304707949,1.0
8.0,-320.95405676820474,0.0,4350.26173768504,0.017067793019696038,2.419787588083491,0.5757147846354247,1.0
9.0,-322.60108265451936,0.0,4350.259190383926,0.007922358356231072,2.425529682699682,0.6368652564022853,1.0
10.0,-323.3740610421164,0.0,4350.258084851239,0.0032854306630943427,2.428173746196407,0.7183709621371882,1.0
11.0,-323.69066859407394,0.0,4350.257679674526,0.0011258709654164048,2.4292275599115927,0.8193898739578076,1.0
12.0,-323.79237161057745,0.0,4350.257571782708,0.0002770962098888014,2.4295518726144256,0.0,0.0
