iter,val,proj,gnorm,dnorm,xnorm,step,maxstep
1.0,6.0,0.0,4328.130831167422,1.7262641100879608,1.7320508075688779,0.48548382687004377,1.0
2.0,-160.22805186256664,0.0,4327.826360684127,0.8921970925910419,1.9126671754052424,0.4953246816743606,1.0
3.0,-246.9165271217421,0.0,4327.674671963891,0.4564756021235199,2.1364617467698026,0.508723590144248,1.0
4.0,-291.6964715133872,0.0,4327.599937735023,0.22746637405115167,2.2781661947109306,0.5226811041843077,1.0
5.0,-314.2596644351015,0.0,4327.563813931853,0.1094399005549012,2.355056978708672,0.5333544825714578,1.0
6.0,-325.23972953904376,0.0,4327.546854307777,0.05239748717682007,2.393480786803517,0.5579562397100265,1.0
7.0,-330.5976005922689,0.0,4327.539101420701,0.024368663679942167,2.4122933337898558,0.5963247589328534,1.0
8.0,-333.12836332595316,0.0,4327.535712722627,0.010664134748259916,2.421136925572444,0.6504625529789468,1.0
9.0,-334.2426084998333,0.0,4327.534361728368,0.0041991545562796865,2.4249906032261412,0.7219788270413031,1.0
10.0,-334.6748807994727,0.0,4327.5339065353055,0.0013888065198476274,2.4264617316470782,0.8101795387513385,1.0
11.0,-334.80974107339307,0.0,4327.533794535441,0.0003432708269405536,2.426909358471239,0.0,0.0
