iter,val,proj,gnorm,dnorm,xnorm,step,maxstep
1.0,6.0,0.0,4331.900788926727,1.7299289002730724,1.7320508075688779,0.4542125534801808,1.0
2.0,-139.72947707980939,0.0,4331.550817440082,0.9450921159825565,1.8943878566971721,0.45908824103861234,1.0
3.0,-219.54282559900503,0.0,4331.360035862548,0.5142099760726353,2.1055377181080246,0.4692275715729321,1.0
4.0,-263.49440292373356,0.0,4331.2559265464015,0.27732393962408014,2.2479826461903687,0.48892081585864305,1.0
5.0,-287.74966559414224,0.0,4331.199650497307,0.14726559379355145,2.332515409965116,0.5216016281510862,1.0
6.0,-300.9592804782451,0.0,4331.169878433434,0.07519246789171782,2.3799498064203184,0.5697302899068485,1.0
7.0,-307.85751539626517,0.0,4331.154859571592,0.03554375787611093,2.404992781396136,0.6337185627078178,1.0
8.0,-311.15788463723266,0.0,4331.147959799983,0.014839605610901776,2.4169857062043136,0.7144848575346905,1.0
9.0,-312.5205933919792,0.0,4331.145251978325,0.005139901501994828,2.421901650715662,0.8149578192758274,1.0
10.0,-312.96434776827255,0.0,4331.144436745637,0.0012881635540489197,2.423474163485521,0.9249809828918866,1.0
11.0,-313.0575441198039,0.0,4331.1442901413975,0.00017483154166126174,2.4237920107233157,0.0,0.0
