iter,val,proj,gnorm,dnorm,xnorm,step,maxstep
1.0,6.0,0.0,4327.970158673232,1.728921115095256,1.7320508075688779,0.41267749877108184,1.0
2.0,-133.95480760407463,0.0,4327.783153561422,1.0183863321676632,1.8608914417036633,0.41958936238513006,1.0
3.0,-216.94796764994044,0.0,4327.670329159245,0.593005949748723,2.053384032159294,0.42311057234925764,1.0
4.0,-265.32148436376656,0.0,4327.6042245282015,0.34287846991839316,2.19659253602705,0.42587442527840497,1.0
5.0,-293.34190371204977,0.0,4327.566219211587,0.19799243986653386,2.287906786130346,0.4305478490246993,1.0
6.0,-309.58283815527784,0.0,4327.544396374147,0.11383002479415187,2.343247161159682,0.43778943507491647,1.0
7.0,-318.9791723295584,0.0,4327.53203933298,0.06495158056827029,2.3760097138553133,0.4477603605196899,1.0
8.0,-324.37966495811133,0.0,4327.525097353032,0.036604950585716625,2.3950689930233433,0.4606466827509559,1.0
9.0,-327.44703083714694,0.0,4327.521249523667,0.020164798325929118,2.4059621763603714,0.47371615119594573,1.0
10.0,-329.1481003029735,0.0,4327.519164689646,0.010703974952955674,2.412021974803905,0.47914030230285387,1.0
11.0,-330.0535182523454,0.0,4327.518070788891,0.005636356019295954,2.415252657315535,0.48575173692022955,1.0
12.0,-330.5315992761107,0.0,4327.517501709044,0.0029372057015254432,2.4169590239664407,0.4935915246828846,1.0
13.0,-330.78141344449386,0.0,4327.5172089208245,0.0015109989894039626,2.417850252025486,0.5027060748890836,1.0
14.0,-330.9102558723066,0.0,4327.517060350319,0.0007652687572320305,2.4183094968051275,0.0,0.0
