iter,val,proj,gnorm,dnorm,xnorm,step,maxstep
1.0,6.000000000000455,0.0,4327.219729269361,1.72902443591755,1.7320508075688774,0.4331891734301069,1.0
2.0,-137.620518757818,0.0,4326.952892770968,0.9797439177477583,1.8804249505743207,0.4350357854759188,1.0
3.0,-218.79648704596048,0.0,4326.803196385176,0.5551730344208398,2.084113928609834,0.4411854778026066,1.0
4.0,-265.1195760901601,0.0,4326.718781082445,0.3146049259685828,2.2289030090131985,0.45542946705489146,1.0
5.0,-291.7805182555617,0.0,4326.671008772831,0.17635787757535398,2.3195857010298626,0.4797668952442201,1.0
6.0,-307.0553042549341,0.0,4326.644231602336,0.09646926196044063,2.3735339125316663,0.5167432371067129,1.0
7.0,-315.60789331413935,0.0,4326.6296123499205,0.04958919988572687,2.404321874779772,0.5595375606717767,1.0
8.0,-320.0814226339612,0.0,4326.622279665352,0.023786024725734118,2.420512310006886,0.6151833066056781,1.0
9.0,-322.2473260900283,0.0,4326.618905737864,0.010299986214129584,2.4283280055386256,0.6868250163692814,1.0
10.0,-323.1777626175749,0.0,4326.61755100929,0.003799547872105897,2.4316537760024817,0.7745783609384035,1.0
11.0,-323.5063652538088,0.0,4326.617118457733,0.001084619163205206,2.432807963539986,0.8735921600853898,1.0
12.0,-323.5899065343133,0.0,4326.617026781211,0.0002005836058752626,2.433092309468852,0.0,0.0
