iter,val,proj,gnorm,dnorm,xnorm,step,maxstep
1.0,5.999999999999545,0.0,4327.21845743406,1.728194626385196,1.7320508075688774,0.44581538352225003,1.0
2.0,-143.62567628062334,0.0,4327.040691308143,0.9611927679072877,1.8866196544293623,0.454558171178423,1.0
3.0,-227.5899205769283,0.0,4326.938223053511,0.5263269505304488,2.095731032948717,0.46344182853028265,1.0
4.0,-274.10310306922065,0.0,4326.883131273276,0.2860876468145792,2.2394705687783625,0.4767671192062748,1.0
5.0,-299.7235313182241,0.0,4326.8538062941025,0.1537997793518892,2.3253321478019835,0.49918887012410657,1.0
6.0,-313.7432290081406,0.0,4326.838422640906,0.08004590698449422,2.3740146574716934,0.5301496524498386,1.0
7.0,-321.19524848659876,0.0,4326.830555576743,0.03910825681028225,2.4002247833985835,0.55883440756502,1.0
8.0,-324.884799626142,0.0,4326.826708825489,0.01829972790486789,2.4132384872966175,0.5982314358141908,1.0
9.0,-326.6269644268432,0.0,4326.824918128951,0.007984587888279802,2.4193592031023767,0.6496042475018509,1.0
10.0,-327.38695826967205,0.0,4326.824150162859,0.0031303756267580026,2.422005616366094,0.7137795877633764,1.0
11.0,-327.6795542389359,0.0,4326.823860829091,0.0010441171970757895,2.423010427714155,0.7900824880975628,1.0
12.0,-327.77225230028034,0.0,4326.82377186352,0.000271781524217102,2.423322224701173,0.0,0.0
