iter,val,proj,gnorm,dnorm,xnorm,step,maxstep
1.0,5.999999999999545,0.0,4331.198684423055,1.7290471364309303,1.7320508075688774,0.43696259629988543,1.0
2.0,-139.51466291813404,0.0,4330.899995388099,0.9745921606007438,1.8805295278783432,0.4431432140075264,1.0
3.0,-222.02236815225024,0.0,4330.73407394528,0.548082803949577,2.0861244993335504,0.45804041748447766,1.0
4.0,-269.3246452513363,0.0,4330.641614537633,0.3019061747418675,2.2335055544556117,0.4740693048439992,1.0
5.0,-295.7985082305945,0.0,4330.590369989401,0.1604283833006963,2.3233569336071493,0.4825129238048675,1.0
6.0,-309.95232092209017,0.0,4330.562769303399,0.0837784012857277,2.3734635547268015,0.4889496031828924,1.0
7.0,-317.369508398313,0.0,4330.548123335063,0.04337227992473217,2.4002658819239553,0.49737128218227267,1.0
8.0,-321.22400751178975,0.0,4330.540416611646,0.022171973076221027,2.414331275128923,0.507867208426448,1.0
9.0,-323.20191335054506,0.0,4330.536411618173,0.011143983538205659,2.4215809239144845,0.5205409997637032,1.0
10.0,-324.1995027877156,0.0,4330.534365262523,0.005480952498181569,2.4252433413123664,0.5355084556194062,1.0
11.0,-324.6915354353814,0.0,4330.533342302032,0.0026238215782422025,2.4270498625756667,0.5528938175340767,1.0
12.0,-324.9274945469333,0.0,4330.532844785901,0.001215173721401233,2.4279154925961044,0.572823800355005,1.0
13.0,-325.03679493080426,0.0,4330.53261087884,0.0005406631397416161,2.428315920112852,0.0,0.0
