iter,val,proj,gnorm,dnorm,xnorm,step,maxstep
1.0,6.0000000000009095,0.0,4347.042288982016,1.7306832465821125,1.7320508075688774,0.47753145932292057,1.0
2.0,-149.1585582241014,0.0,4346.763558582661,0.9038301671058385,1.914138908147221,0.47886110173145124,1.0
3.0,-229.87972731001173,0.0,4346.618204309231,0.47257544586953376,2.13345493367956,0.48415840702681845,1.0
4.0,-272.2556490560469,0.0,4346.542243585767,0.24561557257846847,2.272577046249893,0.49086933909174757,1.0
5.0,-294.37512982343605,0.0,4346.502734565376,0.12671766200953766,2.3504626086321254,0.5005316312766814,1.0
6.0,-305.8469349353081,0.0,4346.482341726909,0.06453247220057412,2.392082762099763,0.5134355544311879,1.0
7.0,-311.72137481368145,0.0,4346.47195470601,0.03222431544492045,2.4136744763988554,0.5297810865135294,1.0
8.0,-314.6698677774243,0.0,4346.466771503125,0.015407542426847281,2.4245641733899235,0.5400504334700668,1.0
9.0,-316.08298621640597,0.0,4346.464295714748,0.0072350620145397206,2.4297901355066607,0.5523772166748063,1.0
10.0,-316.7477410292904,0.0,4346.463135209577,0.0033204584117514364,2.4322454658389256,0.5668495671806223,1.0
11.0,-317.05308692077915,0.0,4346.462604161627,0.0014813040952369007,2.4333703069143096,0.583558376877565,1.0
12.0,-317.18924423028693,0.0,4346.462368316065,0.0006384350857555414,2.433870132339977,0.0,0.0
