iter,val,proj,gnorm,dnorm,xnorm,step,maxstep
1.0,6.0,0.0,4335.465462535021,1.72888846758064,1.7320508075688774,0.4386466651715218,1.0
2.0,-140.14164060842586,0.0,4335.265778401575,0.9712188762057454,1.8827643802000829,0.4414717002861515,1.0
3.0,-222.12985904197285,0.0,4335.154214516856,0.544065286834404,2.0875547869030355,0.44549315907673975,1.0
4.0,-268.15715719060427,0.0,4335.091770003496,0.30395308703250823,2.2309212614849745,0.4531338461432139,1.0
5.0,-294.05968252326375,0.0,4335.057003717892,0.16665242434373717,2.3185837570319845,0.4567325823517438,1.0
6.0,-308.31957737419634,0.0,4335.03795796625,0.0911905281515273,2.3686011804364555,0.4626646372939539,1.0
7.0,-316.16175340332575,0.0,4335.027537905993,0.04963663921576034,2.396533521161873,0.47656064686276634,1.0
8.0,-320.50056524951697,0.0,4335.021650365569,0.02676228564426158,2.411993111973221,0.5007168002719893,1.0
9.0,-322.8863002885232,0.0,4335.018322793119,0.014036195167400648,2.420441474176505,0.5360179950530922,1.0
10.0,-324.1612931988543,0.0,4335.016491397,0.006999968728206122,2.4249118587388447,0.5843398517539233,1.0
11.0,-324.80615837215373,0.0,4335.015534222932,0.00321728210119207,2.42714244116225,0.6476512691466894,1.0
12.0,-325.10323569857974,0.0,4335.015075961768,0.0013015126570490453,2.428151536314371,0.7271239606821113,1.0
13.0,-325.22075329630206,0.0,4335.014885733713,0.0004309112322103783,2.4285407310010196,0.0,0.0
