iter,val,proj,gnorm,dnorm,xnorm,step,maxstep
1.0,20.0,0.0,264.25150946168907,13.708532441573274,14.142135623730951,0.30727781296638607,1.0
2.0,-367.2050493109434,0.0,259.4450402391554,9.400037862731496,14.714434913122142,0.3069482773296856,1.0
3.0,-601.4708428873123,0.0,256.5161391049429,6.405083306413754,15.733420361623164,0.3055128145659796,1.0
4.0,-747.3256723333861,0.0,254.68688370890848,4.415536500717306,16.642117095467153,0.3063341720146498,1.0
5.0,-841.5299315518155,0.0,253.50703635459223,3.073905726097575,17.34273741709475,0.31096330610033457,1.0
6.0,-904.3122967626239,0.0,252.72423828060528,2.147033468982908,17.856839500080113,0.3222862738887988,1.0
7.0,-947.3824267831058,0.0,252.19020211765118,1.5067286100305182,18.22346150191812,0.35030903535434543,1.0
8.0,-978.2001528121436,0.0,251.81168141795666,1.068978132853357,18.481757636024234,0.42645062869795514,1.0
9.0,-1002.0671090021458,0.0,251.5255620682087,0.7717880125325707,18.66456218586054,0.6778066355017226,1.0
10.0,-1023.4966277570687,0.0,251.27668486214506,0.562934195301961,18.79480113409596,1.0,1.0
11.0,-1033.7257530167851,0.0,251.16588491831786,0.4632094650353066,18.78111713460866,1.0,1.0
12.0,-1033.9234377879466,0.0,251.16987949973785,0.3907973398093261,18.700805882129515,1.0,1.0
13.0,-1034.0749853167865,0.0,251.1690208944855,0.31933383042321667,18.660092604436898,1.0,1.0
14.0,-1034.1675584047694,0.0,251.17364132326963,0.2844457010691669,18.63479702443851,1.0514553816370558,1.0514553816370558
15.0,-1034.2517650676905,0.0,251.17165342496307,0.26437225125761343,18.62358045688037,1.0,1.0
16.0,-1034.3164842641431,0.0,251.17118924854276,0.15500941609085933,18.620544689880173,1.0,1.0
17.0,-1034.345763707228,0.0,251.17316072340003,0.0017736137093174015,18.61808995226627,0.930922433585198,306.3665894125145
18.0,-1034.3457651714323,0.0,251.1730248596818,8.842360616882552e-05,18.618336502673476,0.0,0.0
