iter,val,proj,gnorm,dnorm,step,maxstep
1.0,82.7423267635674,0.0,68.99849767346565,12.298691457447282,0.5412637405982622,1.0
2.0,-68.44424656372001,0.0,64.68104273302248,5.930974178790475,0.8993974225348336,1.0
3.0,-144.00739172443795,0.0,62.79346439828374,3.50377548941424,1.0,1.0
4.0,-159.82389353249718,0.0,62.74441583287737,0.789589208422953,0.9999992684120077,1.0
5.0,-160.33824839667028,0.0,62.79746068786796,2.2096289460769193e-05,0.0,0.0
