iter,val,proj,gnorm,dnorm,step,maxstep
1.0,82.7423267635674,0.0,66.49554867204003,12.136939192053728,0.5411056644360197,1.0
2.0,-60.557207286299615,0.0,62.25001360913492,5.829145876056734,0.9732413101465142,1.0
3.0,-137.66174242225352,0.0,60.30676805409245,3.7275068195405736,1.0,1.0
4.0,-149.65509623743392,0.0,60.40899150085149,0.6134924211616678,0.9972097876395725,1.0
5.0,-149.9761848824956,0.0,60.437142372791364,0.018798300626795005,1.0,1.0
6.0,-149.97673463140814,0.0,60.43741082529963,5.2628944993705105e-05,0.0,0.0
