iter,val,proj,gnorm,dnorm,step,maxstep
1.0,82.74232676356735,0.0,64.8519617066041,12.206599692624762,0.5401101281649191,1.0
2.0,-58.07393103085212,0.0,60.57128442922172,5.837514126865412,0.9430645393464254,1.0
3.0,-130.2391415465915,0.0,58.721040053707966,3.7255078905180086,1.0,1.0
4.0,-143.9712528756239,0.0,58.779334252565626,0.6697052549847591,0.999893445965377,1.0
5.0,-144.3077699067104,0.0,58.82204340582253,0.003584604360391421,0.9944420714285754,1.0
6.0,-144.30778819690278,0.0,58.822035046525805,0.00014188182321920868,0.0,0.0
