iter,val,proj,gnorm,dnorm,step,maxstep
1.0,82.74232676356746,0.0,68.00318515477377,12.267264838165872,0.5415945636784127,1.0
2.0,-59.26917919611657,0.0,63.91387623180216,5.861513826131414,0.9633763663952762,1.0
3.0,-133.52014910868598,0.0,62.11947255868558,3.6482418008064204,1.0,1.0
4.0,-145.31003610699565,0.0,62.20340023634464,0.5706544733263553,1.0,1.0
5.0,-145.61290351758007,0.0,62.23564325366542,6.66263468067718e-09,0.0,0.0
