iter,val,proj,gnorm,dnorm,step,maxstep
1.0,82.74232676356746,0.0,63.09738957511193,12.10157825099754,0.5433732233939746,1.0
2.0,-52.51724954978084,0.0,58.907298059981244,5.844386107152849,0.9737080598141259,1.0
3.0,-122.37737386371879,0.0,57.121556191773585,3.7299287421475333,1.0,1.0
4.0,-134.08437983468235,0.0,57.23585955497188,0.5880812233644129,0.9998284434265682,1.0
5.0,-134.38225032117157,0.0,57.267118123963485,0.0024929603019672613,0.919565915264667,1.0
6.0,-134.38227289762142,0.0,57.26712554950694,8.866928175563348e-06,0.0,0.0
