iter,val,proj,gnorm,dnorm,step,maxstep
1.0,82.74232676356735,0.0,66.92740255826192,12.439306428600705,0.5338205151200089,1.0
2.0,-69.8216184993583,0.0,62.39113299619908,5.910868037325425,0.8585230837727076,1.0
3.0,-144.1477537844371,0.0,60.43439436221684,3.5215281312862867,1.0,1.0
4.0,-162.6154068261859,0.0,60.30317968725403,0.8723620469485169,1.0,1.0
5.0,-163.17095488274703,0.0,60.366008285806025,0.009085804429322353,0.9740653264933692,67.07428166041733
6.0,-163.17099508819052,0.0,60.366053082283926,0.00045183323579910004,0.0,0.0
