iter,val,proj,gnorm,dnorm,step,maxstep
1.0,82.7423267635674,0.0,66.27821879919257,12.199211495622723,0.54142063578868,1.0
2.0,-57.02136078975883,0.0,62.14809505042175,5.826809193258645,0.9663954230480394,1.0
3.0,-130.10806812317367,0.0,60.34522990404412,3.668643884133373,1.0,1.0
4.0,-141.9316510761225,0.0,60.44160991044447,0.6420437490496732,0.9999988148276955,1.0
5.0,-142.27646352600956,0.0,60.47596660531517,1.405086394466912e-06,0.0,0.0
