iter,val,proj,gnorm,dnorm,step,maxstep
1.0,82.74232676356735,0.0,65.87950117596402,12.347818085017423,0.5377754786742855,1.0
2.0,-65.02168189271805,0.0,61.44464953234462,5.89259069506866,0.8766349090650287,1.0
3.0,-136.61703176458929,0.0,59.57106508696278,3.526640229174515,1.0,1.0
4.0,-153.63834527682445,0.0,59.48924810011234,0.8395832106953423,0.999933989996414,1.0
5.0,-154.20771607142473,0.0,59.550130685842944,0.00047683314775988264,0.0,0.0
