iter,val,proj,gnorm,dnorm,xnorm,step,maxstep
1.0,2.9999999999997726,0.0,3056.9225755821817,1.222765206407183,1.2247448713915892,0.45053606500093774,1.0
2.0,-72.47430953205344,0.0,3056.821152547467,0.6720404146959804,1.34027127597993,0.45258575050130767,1.0
3.0,-113.8457464027872,0.0,3056.7661130230235,0.36905814506618406,1.4886336009736898,0.456215282668031,1.0
4.0,-136.58753812687883,0.0,3056.7363286583823,0.20136450428890693,1.5888536150905836,0.4600988136472666,1.0
5.0,-149.0331829284562,0.0,3056.7200041182805,0.1093437896608638,1.648034377553678,0.4657646203296714,1.0
6.0,-155.82750994638945,0.0,3056.7110979390213,0.05903976979575134,1.6812824446319656,0.47475733969168155,1.0
7.0,-159.52504108336552,0.0,3056.706300538947,0.03157919756134341,1.6994856895419383,0.4877330819704853,1.0
8.0,-161.51954317759714,0.0,3056.703740631415,0.016606229359515945,1.7092716012730198,0.5050037508878311,1.0
9.0,-162.5772451950022,0.0,3056.7023987333687,0.008511350633527199,1.7144150928204176,0.5269484785698761,1.0
10.0,-163.12350113721482,0.0,3056.7017143795583,0.004208800985392459,1.7170377383992623,0.5539993486132853,1.0
11.0,-163.3951597228729,0.0,3056.7013787602214,0.0019832637772755892,1.718321224219582,0.5866090353621671,1.0
12.0,-163.52344804323934,0.0,3056.7012227521723,0.0008769296476342352,1.718915684046572,0.0,0.0
