iter,val,proj,gnorm,dnorm,xnorm,step,maxstep
1.0,2.9999999999995453,0.0,3081.681050432377,1.2205108220194796,1.2247448713915885,0.5083604722461764,1.0
2.0,-79.04356288219628,0.0,3081.5406606291376,0.5996328477042848,1.3679838335645957,0.5130050501667581,1.0
3.0,-119.46856387583534,0.0,3081.470825983148,0.29481835475788737,1.527175761259575,0.5246233604584614,1.0
4.0,-139.53318923942106,0.0,3081.4360230824514,0.14344276572731746,1.6208665401651319,0.5451510587731285,1.0
5.0,-149.42813492620144,0.0,3081.4187899079448,0.06829629552902794,1.6695950284339043,0.5854564030989208,1.0
6.0,-154.25765253177178,0.0,3081.4106376727223,0.030973131410093457,1.6935642926928396,0.6527937808665432,1.0
7.0,-156.48908726816558,0.0,3081.4070316041384,0.012740032752089406,1.7045105310933768,0.7855509044466745,1.0
8.0,-157.42124728723047,0.0,3081.4058587724226,0.004148616833069679,1.70888739131921,1.0,1.0
9.0,-157.675700175369,0.0,3081.405761133948,0.000635640974757619,1.7099465790825858,0.0,0.0
