iter,val,proj,gnorm,dnorm,xnorm,step,maxstep
1.0,399.99999999999955,0.0,68.96442220453385,34.4259296999756,141.4213562373095,0.5033947598104599,1.6737707915180073
2.0,101.70220038364505,0.0,59.825048442246995,2.8380236679091695,141.05887880786292,43.49269041450864,43.49269041450864
3.0,-145.74061481698595,0.0,63.09525583305821,14.295184299811478,18.41821787982033,0.7043710767721046,1.0
4.0,-235.5189651533624,0.0,60.04016956766449,4.083319758856738,24.696235671122658,1.0,1.0
5.0,-245.5299561365764,0.0,59.859808618061464,2.7138945010782183,24.864538777282462,1.0,1.0
6.0,-250.54709471415453,0.0,59.868639477073394,2.5231415439806057,23.824546920343973,1.0,1.0
7.0,-254.3576601973148,0.0,59.88044874457957,1.3950048185253976,22.95625580326031,1.0,1.0
8.0,-256.44473353068287,0.0,59.86935898323086,1.276039409601119,22.834331991286543,1.0,1.0
9.0,-257.58278057002735,0.0,59.88241227277364,0.3360901411882666,22.707964881299954,1.0,1.0
10.0,-257.74039157076504,0.0,59.8837292652606,0.001145313394601339,22.704131479056358,0.9999998381938212,1.0
11.0,-257.7404018185898,0.0,59.88373572130019,1.4923053338238716e-08,22.70413047578129,0.0,0.0
