iter,val,proj,gnorm,dnorm,xnorm,step,maxstep
1.0,400.0,0.0,67.50658425667233,32.373923261929065,141.4213562373095,0.503860114261718,1.6635325159555236
2.0,135.95943642926886,0.0,59.30506116327815,2.83934024047497,140.93612356543505,43.580985128810774,43.580985128810774
3.0,-97.90538418536983,0.0,63.05776927309973,15.474416582910067,17.609613459999157,0.6613137095992033,1.0
4.0,-201.62586939451353,0.0,59.54766018577368,4.229338085151228,23.5263115883297,1.0,1.0
5.0,-212.87706714368687,0.0,59.33007808432481,2.8872225883812006,23.963514665143837,1.0,1.0
6.0,-218.5348780941884,0.0,59.346485383437994,2.52654531568225,22.4689544819389,1.0,1.0
7.0,-222.53114217991867,0.0,59.35805553893191,1.4355434559723932,21.55058501348766,1.0,1.0
8.0,-224.7676658061028,0.0,59.348465995927604,1.3435337497195212,21.411267505420874,1.0,1.0
9.0,-226.1006639541539,0.0,59.36263429891064,0.3436274702586407,21.275787526102732,1.0,1.0
10.0,-226.23373507407672,0.0,59.366477224762164,4.278644448444815e-05,21.2715660744873,0.0,0.0
