iter,val,proj,gnorm,dnorm,xnorm,step,maxstep
1.0,400.0,0.0,67.36289361364608,32.575228632217694,141.4213562373095,0.5037986583618903,1.6581770351550866
2.0,132.69815523748412,0.0,59.03082105850606,2.83915707510354,140.94784033410556,44.705493541362515,44.705493541362515
3.0,-106.12427001051554,0.0,62.9283628000137,15.134515098791958,14.5632274576676,0.7173386518798475,1.0
4.0,-211.48492047391312,0.0,59.26248626507628,3.9468429798423634,22.085298429828054,1.0,1.0
5.0,-221.32942270721202,0.0,59.061499966315466,2.2238041763475076,22.787794387544245,1.0,1.0
6.0,-225.28150863782932,0.0,59.070833871265435,1.9879326405900042,21.871692504271692,1.0,1.0
7.0,-227.7298210159001,0.0,59.08894249765002,0.7192076550859626,21.41585672478345,1.0,1.0
8.0,-228.41784094278853,0.0,59.0878826914988,0.34976333340562427,21.387216807306906,0.9939287500687035,1.0
9.0,-228.50968141594308,0.0,59.09372663874344,0.02255108303007601,21.37810578698507,1.0,1.0
10.0,-228.5101268170002,0.0,59.09380542453929,0.0002849538343253136,21.378035855141274,0.0,0.0
