iter,val,proj,gnorm,dnorm,xnorm,step,maxstep
1.0,400.00000000000045,0.0,68.23405157253964,33.549070393094354,141.4213562373095,0.5035737808572904,1.667048976565293
2.0,116.60375206473873,0.0,59.48472225512233,2.8385440225138487,141.00554178975102,44.0229550651821,44.0229550651821
3.0,-126.98959939565827,0.0,63.0298783604222,14.699445500437855,16.717483818369587,0.7038569381535231,1.0
4.0,-223.45061478809868,0.0,59.71779422224468,4.103791697993472,23.454025633379626,1.0,1.0
5.0,-233.68245410158045,0.0,59.51817417587036,2.577284173794485,23.90226782008322,1.0,1.0
6.0,-238.29776341783742,0.0,59.5287069319675,2.353269487749836,22.89111466413558,1.0,1.0
7.0,-241.58488666820188,0.0,59.54180666049223,1.1404237319575723,22.204712353994086,1.0,1.0
8.0,-243.1338857944327,0.0,59.53339376788819,0.9672623417973337,22.13916206627451,1.0,1.0
9.0,-243.76337312049924,0.0,59.54656669408198,0.036683233714939124,22.080039546034676,0.9999980493584086,1.0
10.0,-243.7658772343031,0.0,59.54681755475433,4.7572249184287985e-06,22.08002202015364,0.0,0.0
