iter,val,proj,gnorm,dnorm,xnorm,step,maxstep
1.0,400.0,0.0,68.07213556223574,33.434006061458675,141.4213562373095,0.5036095800806294,1.6646748416018209
2.0,118.52435623622432,0.0,59.363315528427556,2.8386079783917655,140.99865246679877,43.67144201345892,43.67144201345892
3.0,-123.33115393348282,0.0,62.88157714592579,14.838498994289568,17.636928871210667,0.6701421715501301,1.0
4.0,-219.18287860644966,0.0,59.608467542051564,4.171068016775101,23.796846350045882,1.0,1.0
5.0,-230.08158698574624,0.0,59.390166259813384,2.729557057726024,24.255999242432292,1.0,1.0
6.0,-235.15485370015944,0.0,59.406854254376626,2.4147143379724074,22.981477085192857,1.0,1.0
7.0,-238.68275995419987,0.0,59.41922968339183,1.1766397013949559,22.157225859015284,1.0,1.0
8.0,-240.37642889328012,0.0,59.41147838310005,1.1004212132217965,22.06865513545798,1.0,1.0
9.0,-241.25750398419083,0.0,59.424111351557876,0.21047771015236885,21.970750408064013,1.0,1.0
10.0,-241.31625247193904,0.0,59.42645777761482,5.859580663953596e-06,21.96901650845649,0.0,0.0
