iter,val,proj,gnorm,dnorm,xnorm,step,maxstep
1.0,399.99999999999955,0.0,66.97200782419472,32.906923917069484,141.4213562373095,0.5037181971357961,1.6459634638906075
2.0,127.27043561537039,0.0,58.399094011436134,2.8389350587712405,140.9673122792879,44.399327798586306,44.399327798586306
3.0,-113.17178637073499,0.0,62.2049417724502,15.007289500056809,15.49576613978871,0.7200043204905197,1.0
4.0,-215.6373017539159,0.0,58.62149870838192,3.9852836961320266,22.71828399783224,1.0,1.0
5.0,-225.5145502485285,0.0,58.43100906308851,2.365329377884203,23.2085196653707,1.0,1.0
6.0,-229.80791878221942,0.0,58.43985398620684,2.1600145160991078,22.269540052063697,1.0,1.0
7.0,-232.6387321002748,0.0,58.456943886462476,0.9710740736804734,21.70410242870571,1.0,1.0
8.0,-233.742331366406,0.0,58.45107446207629,0.5772750817291793,21.656288975038862,1.0,1.0
9.0,-234.0211837813194,0.0,58.459494443468046,0.00021491327720392668,21.63422109430504,0.0,0.0
