iter,val,proj,gnorm,dnorm,xnorm,step,maxstep
1.0,400.0,0.0,67.90376780417563,32.97314269265755,141.4213562373095,0.5037065213984129,1.6659491562479825
2.0,126.17804806127833,0.0,59.42790671875801,2.838909069993805,140.97122610188376,44.427282758748525,44.427282758748525
3.0,-114.62240364130156,0.0,63.16951780977302,14.94380491658457,15.446036299653635,0.7103909714045754,1.0
4.0,-216.23196174212188,0.0,59.66051503834415,4.023966978246426,22.62281846034569,1.0,1.0
5.0,-226.20634077755142,0.0,59.461569974264606,2.428315255049572,23.25492136301067,1.0,1.0
6.0,-230.43379864408604,0.0,59.47062052610169,2.208777136077947,22.277062030176978,1.0,1.0
7.0,-233.33744621207103,0.0,59.48695242596862,0.9911517221182139,21.739521155385642,1.0,1.0
8.0,-234.50487571160906,0.0,59.48049001898634,0.6361559045981143,21.69547126653841,0.9702003296068243,1.0
9.0,-234.79689863396382,0.0,59.4895807247119,0.08775077438905789,21.671554289079836,0.8759595822648525,1.0
10.0,-234.81217527606267,0.0,59.48951446938914,0.016202436761605,21.671021746097832,1.0,1.0
11.0,-234.81480481648538,0.0,59.48958036671446,3.576788569605948e-05,21.670950928243787,0.0,0.0
