iter,val,proj,gnorm,dnorm,xnorm,step,maxstep
1.0,400.0,0.0,65.87088315791583,32.570733448637895,141.4213562373095,0.5037973422743178,1.6256226612319193
2.0,132.7726202951235,0.0,57.325444491983454,2.8391547405673405,140.94757540850796,44.583825582298765,44.583825582298765
3.0,-105.75532157701105,0.0,61.30871756603857,15.120340060861713,14.891309093547727,0.7229556437701328,1.0
4.0,-211.02387250312654,0.0,57.556925180713584,3.9799987568692097,22.31395850233471,1.0,1.0
5.0,-220.97761472548729,0.0,57.35707346148614,2.368857540829311,22.911924586053267,1.0,1.0
6.0,-225.18608484563822,0.0,57.36858006896416,2.147860878847687,21.97137266217997,1.0,1.0
7.0,-228.08206226507744,0.0,57.38318035580412,0.8856556827191907,21.47682533109459,1.0,1.0
8.0,-229.18202303166697,0.0,57.37888739721277,0.5501155965566015,21.436907393565683,1.0,1.0
9.0,-229.376507648588,0.0,57.38997010404282,0.00039386233150255493,21.418484576690183,0.0,0.0
