iter,val,proj,gnorm,dnorm,xnorm,step,maxstep
1.0,400.0000000000009,0.0,66.85877703042586,32.83126266474501,141.4213562373095,0.5037259304694016,1.6442922476578077
2.0,128.51897299425718,0.0,58.31153536890409,2.8389926225499003,140.96284376207439,44.41108904720931,44.41108904720931
3.0,-111.32185920465065,0.0,62.14547978868793,15.011444388190478,15.443865494514391,0.7197570370375582,1.0
4.0,-214.35234225761724,0.0,58.53602596237138,3.973879672118495,22.667675356159858,1.0,1.0
5.0,-224.25743029309024,0.0,58.3428345859803,2.395552557325731,23.190587185353206,1.0,1.0
6.0,-228.63113003216986,0.0,58.3525490752707,2.1864862897598276,22.233200994764903,1.0,1.0
7.0,-231.62028804891588,0.0,58.368203445009335,1.0242406523615624,21.67686382320848,1.0,1.0
8.0,-232.89642347450626,0.0,58.36229285885535,0.6586249473400949,21.623010937604036,1.0,1.0
9.0,-233.22167086681347,0.0,58.37306930852998,0.0006137331528444783,21.5970220632672,0.0,0.0
