iter,val,proj,gnorm,dnorm,xnorm,step,maxstep
1.0,400.0,0.0,64.41918850779479,31.638843185494345,141.4213562373095,0.5040269717309495,1.6045854430757023
2.0,147.7303681022072,0.0,56.18682899877713,2.839818813040076,140.89386012124692,45.31253262534245,45.31253262534245
3.0,-85.11276424042052,0.0,60.62577739180993,15.582722266557747,12.626845608106622,0.7311788453046263,1.0
4.0,-199.9485823666048,0.0,56.426241124735895,3.7822478237276633,20.915009618785458,1.0,1.0
5.0,-209.40537914400184,0.0,56.21528556524403,1.999790316046534,21.86175516047385,1.0,1.0
6.0,-212.7455047012802,0.0,56.23175294247346,1.707988261864604,20.99967327311241,1.0,1.0
7.0,-214.59182110290408,0.0,56.24878600337952,0.48919585392526,20.73877960802533,1.0,1.0
8.0,-214.84786303636992,0.0,56.252083436139706,0.12408001915172603,20.730410855626303,0.9994420597096585,1.0
9.0,-214.86448507267164,0.0,56.25222112378642,0.0012884670809495608,20.72985250576755,1.0,1.0
10.0,-214.86449088569657,0.0,56.2522185573819,7.193433261467489e-07,20.729890294857075,0.0,0.0
