iter,val,proj,gnorm,dnorm,xnorm,step,maxstep
1.0,300.0,0.0,64.75446952915914,11.188003175022065,12.24744871391589,1.0,1.0
2.0,-23.242005769433035,0.0,60.208413808651706,4.475587642399601,9.692863607712713,1.0,1.0
3.0,-36.95822043122507,0.0,61.409735448128565,1.930889519821002e-08,7.0593327752317965,0.0,0.0
