iter,val,proj,gnorm,dnorm,xnorm,step,maxstep
1.0,300.0,0.0,63.25887913963225,11.072938499790117,12.24744871391589,1.0,1.0
2.0,-19.80462766251358,0.0,59.07304003944866,4.339201195618451,8.99669480174273,0.9997255907046535,1.0
3.0,-33.58989918559566,0.0,60.21655471912007,0.009799248032623525,6.568595433023453,1.0,1.0
4.0,-33.59114669809185,0.0,60.21690224809233,2.681843899092873e-06,6.568219316902526,0.0,0.0
