iter,val,proj,gnorm,dnorm,xnorm,step,maxstep
1.0,300.0,0.0,63.00797536822462,11.035208150419136,12.24744871391589,1.0,1.0
2.0,-15.038669150616684,0.0,58.41896623312278,5.002456101483835,9.800074688158816,0.9999995308789259,1.0
3.0,-31.638372607749545,0.0,59.94165259864445,1.9591340349939895e-05,6.41897886975901,0.0,0.0
