iter,val,proj,gnorm,dnorm,xnorm,step,maxstep
1.0,300.0,0.0,59.81782033810493,11.116503849682237,12.24744871391589,1.0,1.0
2.0,-14.17333779865443,0.0,56.09251813835388,3.854721328364901,8.20592577592559,1.0,1.0
3.0,-26.261726023696554,0.0,57.16975350854076,0.009202167115386174,5.805169735395068,1.0,12.233428923172024
4.0,-26.261768363636378,0.0,57.16983814457702,2.912087692897636e-15,5.805239984077082,0.0,0.0
