iter,val,proj,gnorm,dnorm,xnorm,step,maxstep
1.0,299.99999999999994,0.0,61.31131518735021,11.118259704046572,12.24744871391589,1.0,1.0
2.0,-16.78864583509022,0.0,57.05878529326058,4.521053863490406,9.092316216677084,0.9999999080364704,1.0
3.0,-30.73622851232509,0.0,58.34783142448771,3.4452576052996685e-06,6.209254503527008,0.0,0.0
