iter,val,proj,gnorm,dnorm,xnorm,step,maxstep
1.0,300.0,0.0,63.11373802907731,11.013437360923882,12.24744871391589,1.0,1.0
2.0,-18.599491527573562,0.0,58.97636829347304,4.339582208397435,8.887095878951495,1.0,1.0
3.0,-32.80179182523568,0.0,60.16539567619778,3.7933115282235215e-06,6.29021779313128,0.0,0.0
