iter,val,proj,gnorm,dnorm,step,maxstep
1.0,6241.797139055208,0.0,3980.303325607795,15.729256055446399,1.0,1.0
2.0,-40.659196144293446,0.0,3980.0848545131034,1.796778768145964,0.9999999999999999,1.0
3.0,-42.44470543378634,0.0,3980.1466422952362,2.607399605677454e-16,0.0,0.0
