iter,val,proj,gnorm,dnorm,step,maxstep
1.0,6241.797139055219,0.0,3971.7190018756955,15.68426428797404,1.0,1.0
2.0,-37.35049284435763,0.0,3971.2617880331827,2.196888528652612,0.9492197867778729,1.0
3.0,-40.61538380212869,0.0,3971.309666287681,0.10719421475695025,0.9645361369980757,1.0
4.0,-40.660750534433646,0.0,3971.3145020764355,0.0047875024067514866,0.9962560837053354,1.0
5.0,-40.66220515344821,0.0,3971.3148001794825,0.00010215988292765087,0.0,0.0
