iter,val,proj,gnorm,dnorm,step,maxstep
1.0,6241.797139055219,0.0,3959.1282004333316,15.738258164396107,1.0,1.0
2.0,-49.07327170332883,0.0,3958.504691769604,1.8545199647981785,1.0,1.0
3.0,-51.008066159878354,0.0,3958.6544748370097,4.1984656270366673e-05,0.0,0.0
