iter,val,proj,gnorm,dnorm,step,maxstep
1.0,2496.7188556220935,0.0,3546.4628065990055,13.926663856289258,1.0,1.0
2.0,-402.99754743384074,0.0,3544.5625464793875,2.408667383118229,0.9558125044511824,1.0
3.0,-406.90292753183076,0.0,3544.6759286540423,0.24129996278911087,1.0,1.0
4.0,-406.9819342216788,0.0,3544.6812575752233,0.06528437868039598,1.0,1.0
5.0,-406.9856388191274,0.0,3544.679610709253,0.05080105757197954,0.9999822547023492,1.1362775492993493
6.0,-406.9869291699806,0.0,3544.6810179991535,0.0004296962722048319,0.0,0.0
