iter,val,proj,gnorm,dnorm,step,maxstep
1.0,2496.7188556220863,0.0,3541.6124565319246,13.94436579450017,1.0,1.0
2.0,-515.5744180770471,0.0,3540.0388220768054,3.052127253311056,0.9366171402192935,1.0
3.0,-521.327896267203,0.0,3540.142728837222,0.3857901753107268,0.915978949686862,1.0
4.0,-521.4738615325932,0.0,3540.142819920915,0.08442783440076973,0.9278380902224023,1.0
5.0,-521.4840048227761,0.0,3540.143886819313,0.024968775703534875,1.0,1.0
6.0,-521.4848723697087,0.0,3540.143780353129,0.00906481685133671,1.0980137500480402,28.01078772304784
7.0,-521.4849174821375,0.0,3540.1438989773524,0.003548649698843695,0.9369643738566493,22.169462344795225
8.0,-521.4849233816803,0.0,3540.1438780102067,0.001185522973504356,1.098000148686518,206.69468010047876
9.0,-521.4849241532447,0.0,3540.14389372501,0.00046412809553300215,0.0,0.0
