iter,val,proj,gnorm,dnorm,step,maxstep
1.0,2496.71885562209,0.0,3551.4535731995843,13.9683627510541,1.0,1.0
2.0,-500.2575287335403,0.0,3549.697037336968,2.3743485130646538,0.9551885766967356,1.0
3.0,-504.9707906397671,0.0,3549.969984924462,0.326033992412897,0.9682185212370793,1.0
4.0,-505.17929134989845,0.0,3549.9226976840146,0.09676269985174404,1.0,1.0
5.0,-505.1896229620452,0.0,3549.930211547471,0.003255753103740159,0.999999999999999,38.45238469963273
6.0,-505.18962826202187,0.0,3549.9305131158885,0.0,0.0,0.0
