iter,val,proj,gnorm,dnorm,step,maxstep
1.0,2496.71885562209,0.0,3550.1224067919256,13.964493038673853,1.0,1.0
2.0,-491.9543726334341,0.0,3548.9294036025703,2.7322079806204727,0.9876698520507334,1.0
3.0,-497.0718978114455,0.0,3549.108819957544,0.13911938774481417,0.9315918572073004,1.0
4.0,-497.1001475492303,0.0,3549.1054172156196,0.016665890716646845,1.0,1.0
5.0,-497.10170663460485,0.0,3549.1060139377505,0.002107478038139396,0.9300390798037028,299.7208070524831
6.0,-497.1017086999582,0.0,3549.106043942508,0.00025341163138190346,0.0,0.0
