iter,val,proj,gnorm,dnorm,step,maxstep
1.0,2496.71885562209,0.0,3544.5249473047998,13.962404662109142,1.0,1.0
2.0,-477.73534813503284,0.0,3543.313207439589,2.8733982246461585,0.741611532426501,1.0
3.0,-482.8759560908002,0.0,3543.366904287502,0.8829449600524999,1.0,1.0
4.0,-484.1024213538585,0.0,3543.3381473667573,0.219795366546713,1.0,1.0
5.0,-484.1401921049328,0.0,3543.3127814396985,0.003062885375103983,1.2720254841692251,21.247219841246704
6.0,-484.1401980715309,0.0,3543.312819427889,0.0007951546664297338,0.0,0.0
