iter,val,proj,gnorm,dnorm,step,maxstep
1.0,2496.7188556220863,0.0,3536.186812086728,13.913309645702993,1.0,1.0
2.0,-412.116445470112,0.0,3535.866462009393,3.717632894446955,0.8300713987996932,1.0
3.0,-420.24415336706625,0.0,3535.85862694551,0.8440767454849051,1.0,1.0
4.0,-421.1826312787043,0.0,3535.869714716003,0.14545491536981223,0.9937480498938481,1.0
5.0,-421.19534660982845,0.0,3535.868231712899,0.00652616820772452,0.8128587337178103,1.0
6.0,-421.1953751774354,0.0,3535.8683207067,0.0008272727972212509,0.0,0.0
