iter,val,proj,gnorm,dnorm,xnorm,step,maxstep
1.0,200.0,0.0,376.59016378381995,9.844608858583294,10.0,0.23287866318369907,1.0
2.0,-112.6178558888646,0.0,372.79757850447817,7.551345438208858,10.10379104392579,0.2355746887067466,1.0
3.0,-339.7877235300489,0.0,370.076808075425,5.7960633330348115,10.500019060425037,0.23948274028315017,1.0
4.0,-507.1409064365239,0.0,368.09970623528835,4.436018044105119,10.975296473743137,0.24442819089763165,1.0
5.0,-631.5628326445985,0.0,366.64886453287824,3.376722832911364,11.429108004577978,0.25026132181643423,1.0
6.0,-724.5615009948913,0.0,365.57763880334204,2.563023969856699,11.820742959438185,0.2578350385529502,1.0
7.0,-794.4743056382586,0.0,364.7809290662441,1.939158557482012,12.143950832344359,0.26838841411379954,1.0
8.0,-847.3489074293129,0.0,364.184277274686,1.4555529742874496,12.40399489561943,0.2853174807774387,1.0
9.0,-887.7979373959258,0.0,363.73875198238653,1.0830335407492075,12.608171398643702,0.3090307246740822,1.0
10.0,-918.710352802552,0.0,363.40626959832906,0.7892922241844439,12.765917239654359,0.33999598201368364,1.0
11.0,-941.9788342040695,0.0,363.1618953218068,0.5566150011399807,12.884062291392134,0.3790091832504163,1.0
12.0,-958.9699456254039,0.0,362.98758181518656,0.37432978403888806,12.968799372252587,0.42711123272316875,1.0
13.0,-970.7943036356829,0.0,362.86888401627675,0.23587555699362014,13.026119614927692,0.4883664598809275,1.0
14.0,-978.509341386412,0.0,362.7928697135432,0.13631750266302656,13.06151839213711,0.5708955925381468,1.0
15.0,-983.1115428935818,0.0,362.7482265485644,0.07081365349278458,13.081156334901824,0.7414484499857116,1.0
16.0,-985.6722637559128,0.0,362.7252961652264,0.033385297532600874,13.090598124360005,1.0,1.0
17.0,-986.5648067648372,0.0,362.7191164303939,0.02296565309145708,13.09280828304613,2.0142471491293215,2.0142471491293215
18.0,-986.5658441140056,0.0,362.72027585393084,0.016080393218434894,13.092619146280578,0.9939610224836621,11.202387258043212
19.0,-986.5659726227509,0.0,362.7186966871346,0.0008121880160744449,13.093156109883997,0.0,0.0
