iter,val,proj,gnorm,dnorm,xnorm,step,maxstep
1.0,200.0,0.0,400.56399101579547,9.902403968156573,10.0,0.24366928845351288,1.0
2.0,-132.34101842498853,0.0,395.5482842034224,7.477984361281799,10.069384068956571,0.24502312069603152,1.0
3.0,-369.17555077816405,0.0,391.8993031825711,5.644882062405503,10.47545441605831,0.24767418588009796,1.0
4.0,-540.7664455440615,0.0,389.2097973600737,4.2552117283554445,10.960514591023582,0.2518780880019229,1.0
5.0,-666.7790024310345,0.0,387.2068738214186,3.2105735816854235,11.413091766341738,0.258965725075799,1.0
6.0,-760.6517156547193,0.0,385.6971947363507,2.417275098378155,11.798330289067014,0.27043772286173406,1.0
7.0,-831.5082697935866,0.0,384.549416824671,1.8137090216118172,12.111244138074602,0.28721149985742994,1.0
8.0,-885.3562076936034,0.0,383.6727148985973,1.343425619578981,12.360388257077767,0.3089928519885332,1.0
9.0,-926.0322913180864,0.0,383.0080266409472,0.9744059966956227,12.554314725722284,0.3363089800026782,1.0
10.0,-956.2720001304042,0.0,382.51290342135474,0.6875427166456713,12.701026429023209,0.3816765538361014,1.0
11.0,-978.851690357551,0.0,382.1532699046423,0.4703716779701324,12.808898441392955,0.4579448371598466,1.0
12.0,-995.496998944657,0.0,381.9001762731404,0.2989201506267716,12.88552713048521,0.5789362566458376,1.0
13.0,-1006.8514559700693,0.0,381.73906458120905,0.16218430544189869,12.934636172901198,0.7625516136355007,1.0
14.0,-1013.1292286375568,0.0,381.66055436546844,0.061538602646988634,12.958626476613277,0.9899272912005268,1.0
15.0,-1015.0608678837851,0.0,381.6440675319954,0.008505466663235949,12.963577414978301,1.0,1.0
16.0,-1015.0805355523054,0.0,381.6462766801153,0.00031744193398269073,12.962895010213074,0.0,0.0
