iter,val,proj,gnorm,dnorm,xnorm,step,maxstep
1.0,200.0,0.0,380.4349373906693,9.8592380050515,10.0,0.23283658549052497,1.0
2.0,-116.3239416027136,0.0,376.71816310586223,7.570777246133574,10.109599551659892,0.236477525852033,1.0
3.0,-347.2719414524463,0.0,374.0319514881845,5.8121771528320805,10.516013715813136,0.2416815997452315,1.0
4.0,-518.1958184760733,0.0,372.06619212969093,4.4442880720841424,11.005279115787818,0.24822376607527766,1.0
5.0,-645.7515752588793,0.0,370.6188565922319,3.3713206440282577,11.473046303868005,0.25445366600575037,1.0
6.0,-740.7537592465035,0.0,369.55479512104756,2.542438719900874,11.878212604814216,0.2620128654251122,1.0
7.0,-811.755076542288,0.0,368.7714604194541,1.9107673864497414,12.210837042073125,0.2726613031447065,1.0
8.0,-865.1567275586087,0.0,368.19236677609405,1.4257303996025938,12.476710004908448,0.28657269240588984,1.0
9.0,-905.3247523187699,0.0,367.7645250199079,1.052477988833079,12.685136192454497,0.3047403338084827,1.0
10.0,-935.42134393193,0.0,367.449829001102,0.7635558194088009,12.845616834527723,0.3279219559234316,1.0
11.0,-957.7249561956404,0.0,367.2215120672802,0.541135288960433,12.966007894534465,0.3572482986081099,1.0
12.0,-973.9388092524815,0.0,367.0592703006869,0.37097548061032537,13.05384729076829,0.39379279866341743,1.0
13.0,-985.3657924448421,0.0,366.94776402137626,0.24292955235205535,13.115488473438658,0.43881167670545196,1.0
14.0,-993.0555995640478,0.0,366.8748428932503,0.149438673878866,13.156453898163383,0.49366966733920487,1.0
15.0,-997.8978444761796,0.0,366.83045321160637,0.08441819513551078,13.181688978967076,0.5596869981960917,1.0
16.0,-1000.6727604757581,0.0,366.80605815237175,0.04242226168299954,13.195668716673806,0.6379171749376094,1.0
17.0,-1002.0639452056694,0.0,366.7944797355755,0.018107472937216595,13.202334302076862,0.7290395547240077,1.0
18.0,-1002.6393033526272,0.0,366.79004848629904,0.006113184012224725,13.204891618956106,0.8341902190547642,1.0
19.0,-1002.8176419933778,0.0,366.7888369135351,0.0014451856693967233,13.205594739847767,0.9599645030622528,1.0
20.0,-1002.8516673677963,0.0,366.78866189098517,0.00018941585572526483,13.205701005675483,0.0,0.0
