iter,val,proj,gnorm,dnorm,xnorm,step,maxstep
1.0,200.0,0.0,385.16425792136266,9.806555220828656,10.0,0.2469084866780244,1.0
2.0,-113.79412131669801,0.0,381.45750977794364,7.416337106008492,10.047923624912203,0.25156408184023693,1.0
3.0,-338.65427894873346,0.0,378.8216857999833,5.5878838848611965,10.441234860725727,0.25760809570302784,1.0
4.0,-501.752843189563,0.0,376.92795808992116,4.184620534957149,10.925436883183048,0.26644724310494544,1.0
5.0,-621.6419358940848,0.0,375.55230533722704,3.121485848724786,11.377935948699594,0.2794528307691213,1.0
6.0,-710.787915041574,0.0,374.5382780188923,2.305389660791697,11.762734086364587,0.29701923557025783,1.0
7.0,-777.2793993077394,0.0,373.7852757192772,1.6828827612865855,12.073638597117888,0.320934570419377,1.0
8.0,-826.7719326261179,0.0,373.22670095947916,1.2057139257929161,12.31717314395663,0.3666281342042421,1.0
9.0,-864.5830402212982,0.0,372.820662285085,0.8509438549625008,12.503412562076154,0.4588658167285699,1.0
10.0,-894.2219098477607,0.0,372.5285583690177,0.5611918135289322,12.642671719887915,0.6250971801806505,1.0
11.0,-915.8903018716992,0.0,372.34277045114334,0.3010902987081829,12.736260066799455,0.8887540293878334,1.0
12.0,-927.3739419143808,0.0,372.27259380648087,0.08731972040011479,12.776303066082788,1.0,1.0
13.0,-928.8077080006567,0.0,372.28074665519324,0.0072553820173610955,12.775130903240079,1.02276069746497,25.035277951729864
14.0,-928.8077349200084,0.0,372.28306518715,0.00045541868241087956,12.77474149674437,0.0,0.0
