iter,val,proj,gnorm,dnorm,xnorm,step,maxstep
1.0,39.99999999999636,0.0,2503.8026670362824,19.376556595926722,20.0,0.5022440983530153,1.0
2.0,-1025.4459373384925,0.0,2502.606059452109,9.704726388279614,22.16553565690756,0.5703508321788598,1.0
3.0,-1552.4218551906088,0.0,2502.061025336024,4.276010666434843,24.785926255423288,0.6326595846416191,1.0
4.0,-1786.1487203541874,0.0,2501.89083831318,1.7582308839233924,26.153427226632942,0.7999906821359418,1.0
5.0,-1891.2570364931853,0.0,2501.834299774128,0.8662665068929004,26.744704522030574,1.0,1.0
6.0,-1917.6472157529352,0.0,2501.828587748946,0.7392708387801016,26.736211264820344,1.0,1.0
7.0,-1918.164188178831,0.0,2501.8334304483183,0.6726007031013037,26.59270909999368,1.0,1.0
8.0,-1918.584711588086,0.0,2501.84694260207,0.5794053749484404,26.49134913114859,1.0,1.0
9.0,-1918.902730108035,0.0,2501.8209015443194,0.5078485113719318,26.431825343670223,1.0,1.0
10.0,-1919.14180051113,0.0,2501.8282383133983,0.41196681507855365,26.394422662155808,1.0,1.0
11.0,-1919.3130303550388,0.0,2501.822835906097,0.32103382285288196,26.37743787850015,1.0,1.0
12.0,-1919.4119840259737,0.0,2501.821254418667,0.18652651970530387,26.36999412136023,1.0,1.0
13.0,-1919.4336850047766,0.0,2501.833991010403,6.060208889885578e-07,26.369047212012912,0.0,0.0
