iter,val,proj,gnorm,dnorm,xnorm,step,maxstep
1.0,39.999999999992724,0.0,2498.7540474064267,19.320360384190565,20.0,0.48958405883994865,1.0
2.0,-897.6069169901202,0.0,2497.1285091366585,10.01096164497565,22.040441690183922,0.5709978971931803,1.0
3.0,-1381.054864686197,0.0,2496.8153361938234,4.410516296572517,24.662635580136968,0.6329676081937404,1.0
4.0,-1592.5822324012333,0.0,2496.5923522952594,1.8467584614635078,26.07809476874504,0.788790478683946,1.0
5.0,-1685.7810147937162,0.0,2496.5843322296214,0.9317883207692794,26.661372967802365,1.0,1.0
6.0,-1710.7816753537045,0.0,2496.5328774408977,0.9139495183606207,26.669464261768606,0.9963509865849395,1.0
7.0,-1711.2128512267118,0.0,2496.613190609005,1.1219599441278958,26.527809249396633,0.575526189596396,1.0
8.0,-1711.5800893396554,0.0,2496.54530102025,0.7651602355088878,26.460294172562886,1.0,1.0
9.0,-1711.959750949558,0.0,2496.597166679368,0.8514857956186395,26.386233909073844,0.7040149748076235,1.0
10.0,-1712.2382502869877,0.0,2496.5494218009735,0.6895497416962669,26.336918306684186,1.0,1.0
11.0,-1712.5162875401838,0.0,2496.5921836725365,0.6839275289687738,26.30279942182475,0.7225876122321101,1.0
12.0,-1712.723816613554,0.0,2496.5654400257104,0.43959809320402937,26.278802658785256,1.0,1.0
13.0,-1712.8598147312914,0.0,2496.59977360337,0.2328516873684972,26.273054804652936,0.7137469594591597,1.0
14.0,-1712.8999437301973,0.0,2496.5831792030617,0.09970485375026665,26.26818509605864,1.0,1.0
15.0,-1712.9142833944388,0.0,2496.5834025135405,0.02697825406002003,26.268400164163786,1.0,1.0
16.0,-1712.914782435466,0.0,2496.5824881232866,0.009380409114193796,26.267888700000277,1.5542758907699727,23.871246253465603
17.0,-1712.9148508174985,0.0,2496.581753951446,0.0012982832813335234,26.26751575852931,0.7484790281912088,128.8705376631153
18.0,-1712.9148514482586,0.0,2496.581848493112,8.669397513132067e-05,26.267540397537157,0.0,0.0
