iter,val,proj,gnorm,dnorm,xnorm,step,maxstep
1.0,10.0,0.0,381.45393283465467,4.974248645413253,5.0,0.23208336312061387,1.0
2.0,-134.96368721908345,0.0,379.1433230645189,3.810570260907086,5.124274609315181,0.23232973189119346,1.0
3.0,-242.50467412260605,0.0,377.41837340731695,2.9229684411718186,5.383313326549042,0.23327521403569168,1.0
4.0,-323.1019964178515,0.0,376.1215460986267,2.244474518165127,5.66541696058013,0.23496891374320467,1.0
5.0,-383.9888654732856,0.0,375.13991791307944,1.7248626747254916,5.924223887077305,0.23779602089331825,1.0
6.0,-430.32201850114507,0.0,374.39204569236136,1.3255058787329201,6.1451296404637,0.2424015512878425,1.0
7.0,-465.8378100170928,0.0,373.8183342156543,1.0128555111006483,6.327061276014067,0.2472602633010601,1.0
8.0,-492.99519162397803,0.0,373.37857678815624,0.7714498395448595,6.472952150992282,0.25339148169430836,1.0
9.0,-513.7733825484083,0.0,373.04125234460224,0.5851776938391117,6.5881921651356725,0.2619226700670064,1.0
10.0,-529.7074660187345,0.0,372.78213525337964,0.4398008341503254,6.6781163636404814,0.27203236638091133,1.0
11.0,-541.8624306082701,0.0,372.5844431336414,0.3287622260884102,6.747099445171772,0.28617304752029527,1.0
12.0,-551.1361159981232,0.0,372.43363541413896,0.24343180153335425,6.79968530527147,0.30561101645537214,1.0
13.0,-558.185442230797,0.0,372.3190353649684,0.1774999909961524,6.839400494002693,0.3321135530707702,1.0
14.0,-563.4933860979066,0.0,372.2327789687947,0.12643586492277117,6.868946941714822,0.36850704660444555,1.0
15.0,-567.4205395479712,0.0,372.16898672658857,0.08627534225735108,6.890405835688162,0.4144413152388843,1.0
16.0,-570.2062484520502,0.0,372.1238953172774,0.05576042746380199,6.9052170726320385,0.4758135566435307,1.0
17.0,-572.0773695821905,0.0,372.09378739867935,0.03341538582781549,6.914773905624057,0.5628665920592721,1.0
18.0,-573.2369422096251,0.0,372.0752703613003,0.0177457482297044,6.920340316416094,0.6918188148448842,1.0
19.0,-573.8597202734512,0.0,372.0654304936419,0.007622712936824323,6.923019105467258,0.8939307954875153,1.0
20.0,-574.1076658365217,0.0,372.06158212176354,0.0021055169291189814,6.923831534144184,1.0,1.0
21.0,-574.1370836725553,0.0,372.06115216608316,0.0004535112766785045,6.923780858936454,0.0,0.0
