iter,val,proj,gnorm,dnorm,xnorm,step,maxstep
1.0,9.999999999999886,0.0,367.88826002795713,4.9374295089078135,5.0,0.2425935173666107,1.0
2.0,-157.2534573592991,0.0,366.07369710191267,3.7391166160068985,5.124549150293778,0.24314123361614545,1.0
3.0,-280.2762867237618,0.0,364.7410273142105,2.834964827257651,5.392831749796341,0.24461805906123762,1.0
4.0,-371.6805905451222,0.0,363.7532750027469,2.1482868802791466,5.68282840924686,0.2501796336182061,1.0
5.0,-440.9682098922299,0.0,363.0080405259647,1.6347238490548295,5.9453647581651285,0.2623619309223091,1.0
6.0,-494.66275858047845,0.0,362.4336076820414,1.2389846320278226,6.170543112845899,0.2798509061978395,1.0
7.0,-536.4346094527706,0.0,361.9871034562222,0.9268703920375412,6.358000531235956,0.3015305751731764,1.0
8.0,-568.5620697901265,0.0,361.6436822455046,0.6779300382031492,6.50958465608353,0.3290992606660427,1.0
9.0,-592.8872573031235,0.0,361.3829668130666,0.47253789429049364,6.62830027548812,0.3558149465351182,1.0
10.0,-610.4408714518894,0.0,361.1934585742958,0.3228878838746312,6.716274337795272,0.3958022594060424,1.0
11.0,-622.9731182353216,0.0,361.0559618525324,0.20189321429527413,6.78022136403491,0.42424521136456805,1.0
12.0,-631.0679378275499,0.0,360.96739967968654,0.12344212810504676,6.82127508357319,0.46906784558920067,1.0
13.0,-636.2124056200298,0.0,360.91155447543156,0.07166413409044495,6.84673492481226,0.5317882563532758,1.0
14.0,-639.3057330705097,0.0,360.8778350610712,0.03841134570284171,6.861712279764049,0.6281886488340426,1.0
15.0,-641.0155234707049,0.0,360.8589394140684,0.018084917209875453,6.869769665564366,0.8042334474870366,1.0
16.0,-641.8291066797427,0.0,360.849715179346,0.006982515913378917,6.873430995412402,1.0,1.0
17.0,-642.0271277263105,0.0,360.8473126238547,0.004164872023326872,6.874204199659848,1.3511765017560977,1.3511765017560977
18.0,-642.0271505663798,0.0,360.8472434343214,0.0040811382592841824,6.874166613147968,3.4013298160464718,3.4013298160464718
19.0,-642.0272070310449,0.0,360.84728288917694,0.0028260065471478173,6.874259128983062,1.0,1.0
20.0,-642.0272112702628,0.0,360.847571966946,9.802977923207271e-05,6.874051292578723,0.0,0.0
