iter,val,proj,gnorm,dnorm,xnorm,step,maxstep
1.0,200.0,0.0,2501.834364557334,9.797120932775535,10.0,0.5967771575353639,1.0
2.0,-447.8430826484273,0.0,2501.27931892058,4.061646284427625,10.817163112891459,0.674019796005053,1.0
3.0,-725.1330183418704,0.0,2501.0571963818165,1.5701151857634144,12.018047907297754,0.8697992294461777,1.0
4.0,-838.8964318174567,0.0,2500.9811691370865,0.3714632551654397,12.585671692098314,1.0,1.0
5.0,-855.7809557516575,0.0,2500.9831365648474,0.03860055541742693,12.648205330632221,1.010324819139925,8.710239256793713
6.0,-855.7817084451235,0.0,2500.9851539213573,0.00067816954985125,12.642808071555113,0.0,0.0
