iter,val,proj,gnorm,dnorm,xnorm,step,maxstep
1.0,200.0,0.0,2509.4010841095132,9.820826107236165,10.0,0.511328286923524,1.0
2.0,-382.88533432702934,0.0,2508.2155919530405,4.972696567034581,10.653389657814262,0.5860650071466775,1.0
3.0,-689.5527543416683,0.0,2507.713121541378,2.2389656612363296,11.830956070703925,0.7002748776736428,1.0
4.0,-836.3900567238506,0.0,2507.5427229045977,0.7720277034175568,12.549862846073905,0.8405222260544251,1.0
5.0,-888.4335202860693,0.0,2507.4928779344614,0.20174439846164244,12.803931335641806,1.0,1.0
6.0,-898.2598101409476,0.0,2507.4882391491997,0.020797963231456013,12.839480403212368,1.0000000135262408,17.626936617994765
7.0,-898.2600264185967,0.0,2507.4891450982714,5.302065202277478e-10,12.836588359659743,0.0,0.0
