iter,val,proj,gnorm,dnorm,xnorm,step,maxstep
1.0,200.0,0.0,2525.8952079597443,9.834939238154032,10.0,0.6026730394463593,1.0
2.0,-355.91285264711223,0.0,2525.058255734565,4.038053047496745,10.896982169616196,0.727846047372832,1.0
3.0,-604.1344810108003,0.0,2524.8374361646825,1.5177147482155724,12.130997538044712,1.0,1.0
4.0,-694.6823192330703,0.0,2524.8245270053467,0.3162139228504253,12.600217734365097,1.0,1.0
5.0,-694.7394540957539,0.0,2524.8366817887922,0.048921669270582654,12.559342098054872,1.0141669032636047,2.560581964766033
6.0,-694.7406677136678,0.0,2524.832781223146,0.0026581497613197436,12.56061427851559,1.1721643851958845,7.8631899223585515
7.0,-694.7406718547954,0.0,2524.832797194083,0.0002767740615705677,12.560497493839447,0.0,0.0
