iter,val,proj,gnorm,dnorm,xnorm,step,maxstep
1.0,200.0,0.0,2498.0976036164,9.847380896782443,10.0,0.5321589164598144,1.0
2.0,-368.3890979320331,0.0,2497.630845323421,4.6593352958332375,10.816818522631104,0.5916834067121411,1.0
3.0,-644.9541838752757,0.0,2497.4229151598292,2.072104278363342,11.979013369725363,0.7315272049743894,1.0
4.0,-780.2462578770519,0.0,2497.300782275421,0.7974855775251205,12.61439046242658,1.0,1.0
5.0,-829.2605475377477,0.0,2497.240470632872,0.1555155006900658,12.801265113462284,0.9984508428935237,2.7709233777058024
6.0,-829.2726213400347,0.0,2497.234649441206,0.000845815626181798,12.769315335727747,0.0,0.0
