iter,val,proj,gnorm,dnorm,xnorm,step,maxstep
1.0,200.0,0.0,2498.4500314330885,9.820650305405065,10.0,0.5307428689954055,1.0
2.0,-365.6147185132504,0.0,2497.5828903931756,4.742682806813222,10.815637844489553,0.6147212727831788,1.0
3.0,-653.5254185553786,0.0,2497.2189622382216,1.9811775052043485,12.082815935553075,0.7330770545272548,1.0
4.0,-781.6027287851903,0.0,2497.0641100770395,0.7104879360538213,12.768644580498192,0.9854558198883411,1.0
5.0,-826.9676372474532,0.0,2497.022157052413,0.14069099515523018,12.986273005498374,1.0,1.0
6.0,-827.6427900638864,0.0,2497.029561385764,0.002375412565589491,12.9661031702482,1.0050915003234326,119.01771804355201
7.0,-827.64279289958,0.0,2497.0297282564907,1.85433352841597e-05,12.965697662720624,0.0,0.0
