iter,val,proj,gnorm,dnorm,xnorm,step,maxstep
1.0,200.0,0.0,2509.565040145005,9.818090436443423,10.0,0.550943282273491,1.0
2.0,-362.97432834562824,0.0,2508.6289566264118,4.557647502102112,10.686804613819815,0.6699702145596027,1.0
3.0,-650.5719209195777,0.0,2508.305896469134,1.8707900074181731,11.915042635492082,1.0,1.0
4.0,-788.2569663338363,0.0,2508.238017128601,0.48749551497731425,12.57142150225607,0.9996635010879249,1.0
5.0,-788.3870983398901,0.0,2508.2518536568873,0.001653834902453684,12.502929755001018,0.9917109449485745,1.0
6.0,-788.387103479412,0.0,2508.2517972810447,2.439853957206171e-05,12.503037488663121,0.0,0.0
