iter,val,proj,gnorm,dnorm,xnorm,step,maxstep
1.0,200.0,0.0,2503.267898335294,9.790596489744635,10.0,0.5583576636827062,1.0
2.0,-398.73051383265556,0.0,2502.3176857200033,4.493880546274391,10.826471179569149,0.6638204490071085,1.0
3.0,-693.7514709945408,0.0,2501.8321250469803,1.7612725883048446,12.08310329264089,0.8646556997399806,1.0
4.0,-819.3276693857697,0.0,2501.664450931612,0.4819434335696526,12.715149945803972,1.0,1.0
5.0,-838.8130996798591,0.0,2501.664977362827,0.05268189711465246,12.784229019049748,1.0,1.0
6.0,-838.8144879046213,0.0,2501.669212816227,4.189295281856793e-09,12.777872633979149,0.0,0.0
