iter,val,proj,gnorm,dnorm,xnorm,step,maxstep
1.0,200.0,0.0,2501.090271546391,9.752180339117334,10.0,0.5351348516142703,1.0
2.0,-338.7470175796898,0.0,2500.5340300610087,4.644018209966838,10.635941933891637,0.618724857568448,1.0
3.0,-609.1358028259474,0.0,2500.319813864187,2.048571922840401,11.73078476655271,0.8512108482724912,1.0
4.0,-746.5123187534246,0.0,2500.1886692183484,0.7129627536104626,12.385488559619413,1.0,1.0
5.0,-770.353467392968,0.0,2500.1068908587044,0.10075223015557394,12.44474009336441,1.0,1.0
6.0,-770.3597714858442,0.0,2500.097104243522,0.02098532594261235,12.434895435165922,0.9999997137619816,36.92796108214458
7.0,-770.3599916777075,0.0,2500.0988747925207,1.1637118466033918e-07,12.435204479092343,0.0,0.0
