iter,val,proj,gnorm,dnorm,xnorm,step,maxstep
1.0,29.999999999999943,0.0,57.111388794195854,10.410810622404663,12.24744871391589,0.5111398042742898,1.0
2.0,-63.58900320835585,0.0,53.78074682914326,4.541349658763876,12.877159902621923,0.5904077354978468,1.0
3.0,-95.19227138096983,0.0,52.6657334776317,2.3969010056823166,13.347863093323731,1.0,1.0
4.0,-112.86188551078325,0.0,52.132550293029226,1.7901683781524758,13.07650902767428,1.0,1.0
5.0,-115.87435851805392,0.0,52.146622773842324,1.3342614301302822,12.0974602350811,1.0,1.0
6.0,-117.55210522682776,0.0,52.158005449452546,0.8374888707270722,11.750579864386005,1.0,1.0
7.0,-118.18435633771588,0.0,52.16727015964443,0.14419132825799927,11.678265085269432,0.9999999999382769,1.0
8.0,-118.20353334024762,0.0,52.16930346899112,6.151161371644934e-10,11.678010820408042,0.0,0.0
