iter,val,proj,gnorm,dnorm,xnorm,step,maxstep
1.0,30.0,0.0,59.125980363988894,10.702576961221055,12.24744871391589,0.5089455208502485,1.0
2.0,-74.64046434379921,0.0,55.513562917900416,4.61318945998444,12.982798269373179,0.5846762928136622,1.0
3.0,-111.30497296176554,0.0,54.2457273531688,2.4071391451826347,13.499939508311932,1.0,1.0
4.0,-132.78648260558916,0.0,53.58640703795774,1.7390454118269851,13.22583666034095,1.0,1.0
5.0,-135.61446516827166,0.0,53.60099762881686,1.2411122924763043,12.273299091582778,1.0,1.0
6.0,-137.03894016747913,0.0,53.61216958116691,0.719608390480926,11.955657686163589,1.0,1.0
7.0,-137.46864863773266,0.0,53.62119829200995,0.11296647525133634,11.888324840883964,0.9999999762506626,1.0
8.0,-137.4843999565834,0.0,53.62247439267699,1.0130362754546842e-06,11.88738766478842,0.0,0.0
