iter,val,proj,gnorm,dnorm,xnorm,step,maxstep
1.0,30.000000000000057,0.0,56.38536118533958,10.556409364841418,12.24744871391589,0.5100095232326197,1.0
2.0,-62.06861156881661,0.0,53.064585446366024,4.5041658641956825,12.923791473395397,0.5954450716528361,1.0
3.0,-92.8180759229607,0.0,51.970231283184816,2.387766278197796,13.360743278110057,1.0,1.0
4.0,-109.91651404995636,0.0,51.458623061764825,1.7541027502965316,12.963818986185688,1.0,1.0
5.0,-112.86112068617862,0.0,51.472660525661965,1.294855216724674,12.006856718614635,1.0,1.0
6.0,-114.3988310989067,0.0,51.48562752934561,0.8021219130707146,11.65800856076492,1.0,1.0
7.0,-114.99217994460406,0.0,51.49350993143863,0.1479575519082312,11.595919047096356,0.9999978213655181,1.0
8.0,-115.01456762597803,0.0,51.495368203881576,3.0557656591656e-05,11.597488778275483,0.0,0.0
