iter,val,proj,gnorm,dnorm,xnorm,step,maxstep
1.0,30.0,0.0,55.86643582690415,10.728557642614831,12.24744871391589,0.5084767217498702,1.0
2.0,-72.11129387894442,0.0,52.12248767063758,4.665788213299698,13.015701449452045,0.5810218884750087,1.0
3.0,-106.91182507179789,0.0,50.84206821284519,2.426097761608001,13.567698368319522,1.0,1.0
4.0,-127.12721187548587,0.0,50.18580160257642,1.6961941810121672,13.343083278357959,1.0,1.0
5.0,-129.81242511061643,0.0,50.201019194015466,1.2474426640692173,12.441850990373087,1.0,1.0
6.0,-131.24499355325932,0.0,50.21142751634873,0.7898914061062545,12.149491996734763,1.0,1.0
7.0,-131.76919005074745,0.0,50.21987533065666,0.12795263514133304,12.090525848098617,0.9999999986809686,1.0
8.0,-131.78233141807476,0.0,50.2218162695558,7.399088056577099e-08,12.08911651781799,0.0,0.0
