iter,val,proj,gnorm,dnorm,xnorm,step,maxstep
1.0,30.000000000000114,0.0,59.2422279966191,10.492853129117822,12.24744871391589,0.5101313027407808,1.0
2.0,-80.13380526715719,0.0,55.44180976930597,4.668479380264307,12.921081123127449,0.5768695045404444,1.0
3.0,-119.76527670348676,0.0,54.057214360757804,2.428482866113605,13.495646218677761,1.0,1.0
4.0,-143.41614384631245,0.0,53.30321369430595,1.73147337682818,13.444762176015166,1.0,1.0
5.0,-146.18355655350888,0.0,53.31662650561084,1.3213589660373553,12.553493371006702,1.0,1.0
6.0,-147.87146066401897,0.0,53.324080729229834,0.8617567876841563,12.262872885344136,1.0,1.0
7.0,-148.53596850112277,0.0,53.3335991139019,0.14677206758344635,12.188675419514198,0.9999995230601499,1.0
8.0,-148.55657896537681,0.0,53.335422868702636,3.425039098541594e-06,12.191065376085083,0.0,0.0
