iter,val,proj,gnorm,dnorm,xnorm,step,maxstep
1.0,30.000000000000057,0.0,60.60970831479063,10.86035655513745,12.24744871391589,0.5083382222240946,1.0
2.0,-79.30181971192405,0.0,56.92516675251484,4.722675194435961,13.036760509804518,0.5751147430043153,1.0
3.0,-117.294983872286,0.0,55.636924203470244,2.434313275214223,13.630118724824671,1.0,1.0
4.0,-140.08897064754038,0.0,54.94221098698983,1.7260185024983825,13.464421125355983,1.0,1.0
5.0,-142.7727730746579,0.0,54.95828933927009,1.1583973569465091,12.49060743462175,1.0,1.0
6.0,-143.9869078136516,0.0,54.96883608485321,0.6411032841389933,12.207443332863276,1.0,1.0
7.0,-144.30916129635239,0.0,54.9764510238178,0.11917051073708684,12.15284991483697,0.9999999980997656,1.0
8.0,-144.320517880451,0.0,54.97793784262041,4.078756555304208e-08,12.150805817342805,0.0,0.0
