iter,val,proj,gnorm,dnorm,step,maxstep
1.0,51.71395422722958,0.0,74.54348541793081,13.4808709738694,0.5119567371387073,1.0
2.0,-114.76489896450869,0.0,69.99875139576936,5.813753719681233,0.6027819903476257,1.0
3.0,-174.43185079053023,0.0,68.37674329800441,3.11222778489614,1.0,1.0
4.0,-207.85574494027827,0.0,67.59330710804923,2.3383624031624017,1.0,1.0
5.0,-213.00341612802893,0.0,67.61414373831505,1.7060258293995245,1.0,1.0
6.0,-215.6783301129924,0.0,67.6306266111652,0.9574983566567093,1.0,1.0
7.0,-216.49175125009458,0.0,67.64194433693937,0.07395809158069001,1.0,1.0
8.0,-216.4976328602398,0.0,67.64268555521285,0.00013138882402366766,0.0,0.0
