iter,val,proj,gnorm,dnorm,step,maxstep
1.0,51.71395422722952,0.0,75.54376814968303,13.649856673013334,0.5103225220965927,1.0
2.0,-123.26380735782232,0.0,70.816288365836,5.999181085133459,0.5880391175525774,1.0
3.0,-185.27636428509652,0.0,69.13834546362133,3.1560331649061997,1.0,1.0
4.0,-221.22158675200401,0.0,68.28056415856159,2.267609941151905,1.0,1.0
5.0,-225.98084308438752,0.0,68.30250939596334,1.6536630520327835,1.0,1.0
6.0,-228.52893479643598,0.0,68.31529593104007,0.9811834502944629,1.0,1.0
7.0,-229.41877224959933,0.0,68.32524092774689,0.08475742951206724,0.9999996054559703,1.0
8.0,-229.42467082645632,0.0,68.32611083499549,7.422341936784477e-06,0.0,0.0
