iter,val,proj,gnorm,dnorm,step,maxstep
1.0,51.713954227229465,0.0,73.76606318797462,13.517834570010983,0.5111487590731035,1.0
2.0,-112.2991937656119,0.0,69.23991107645507,5.7945686976355,0.6051977067714662,1.0
3.0,-170.87128356004024,0.0,67.63504716765684,3.1315492799663636,1.0,1.0
4.0,-203.30581422520362,0.0,66.87109987705804,2.320575333787242,1.0,1.0
5.0,-208.4934924138294,0.0,66.89058200136276,1.6986441750697658,1.0,1.0
6.0,-211.16019369765328,0.0,66.90837042337373,0.966713461733113,1.0,1.0
7.0,-211.947830043052,0.0,66.92150020815224,0.06190125823321401,0.9999998817555116,1.0
8.0,-211.9523831552211,0.0,66.92230923718816,1.6476539792136513e-06,0.0,0.0
