iter,val,proj,gnorm,dnorm,step,maxstep
1.0,51.71395422722975,0.0,78.03202391489063,13.809041009548276,0.5097394547149483,1.0
2.0,-130.32794944485227,0.0,73.27082788439294,6.010973422078627,0.5866986956140589,1.0
3.0,-195.66218526014796,0.0,71.55677101139824,3.1732785858893338,1.0,1.0
4.0,-233.91532527993013,0.0,70.6598837292773,2.2195455901684458,1.0,1.0
5.0,-238.55568949071596,0.0,70.67953724817096,1.5683952720831762,1.0,1.0
6.0,-240.81018514416704,0.0,70.69350192285597,0.8630401936387555,1.0,1.0
7.0,-241.44843165816036,0.0,70.70297805989024,0.07836205431817972,1.0,1.0
8.0,-241.45384525443149,0.0,70.70369036217373,0.00042825703838408934,0.0,0.0
