iter,val,proj,gnorm,dnorm,step,maxstep
1.0,51.713954227229635,0.0,73.1759528824276,13.629481720088112,0.5101138714881275,1.0
2.0,-118.33353198056545,0.0,68.4335268337881,5.976478257088232,0.5897982134223911,1.0
3.0,-177.99539763667605,0.0,66.76862482494052,3.155617083828315,1.0,1.0
4.0,-212.07605648777093,0.0,65.93634828981426,2.280431764541377,1.0,1.0
5.0,-216.92449708629601,0.0,65.95796699115706,1.6514196539705437,1.0,1.0
6.0,-219.45426336591657,0.0,65.97232232873871,0.954235969043876,1.0,1.0
7.0,-220.2313168420851,0.0,65.98388713761382,0.08094993120531568,0.9999966657441662,1.0
8.0,-220.23755351236406,0.0,65.98490802727245,5.738867472722045e-05,0.0,0.0
