iter,val,proj,gnorm,dnorm,step,maxstep
1.0,62.05674507267571,0.0,58.993189093289686,10.626777224393521,0.539316305618914,1.0
2.0,-52.93292900707124,0.0,55.141384039927715,5.111161928416476,0.895448815763831,1.0
3.0,-111.12170556385516,0.0,53.424854539459886,3.043837689809873,1.0,1.0
4.0,-123.40012222532702,0.0,53.36701279188835,0.6868792623490552,1.0,1.0
5.0,-123.77194314678192,0.0,53.41210531162458,1.4164954037043117e-08,0.0,0.0
