iter,val,proj,gnorm,dnorm,step,maxstep
1.0,62.056745072675426,0.0,59.47128541907459,10.638119985727121,0.5396822118765235,1.0
2.0,-50.10653424242116,0.0,55.75312363454625,5.129673265279886,0.9003167546201389,1.0
3.0,-106.35343421152984,0.0,54.1300340018212,3.0491964679343466,1.0,1.0
4.0,-118.17356212156724,0.0,54.093690675714605,0.6776318470645922,1.0,1.0
5.0,-118.55556821089314,0.0,54.13821952444818,2.910622537442149e-08,0.0,0.0
