iter,val,proj,gnorm,dnorm,step,maxstep
1.0,62.05674507267548,0.0,57.74201355509551,10.36531781234517,0.5491039632407534,1.0
2.0,-44.86246449354357,0.0,54.1311556913911,5.0247881250613196,1.0,1.0
3.0,-103.50383553279863,0.0,52.4754650489502,3.213865793299272,1.0,1.0
4.0,-111.49664742471255,0.0,52.60180804951053,0.5100081494349135,1.0,1.0
5.0,-111.71976811124519,0.0,52.62210207323508,0.001356935999624615,1.0000005045133795,387.031094428251
6.0,-111.71976903188327,0.0,52.622120116088084,2.5108577338651625e-08,0.0,0.0
