iter,val,proj,gnorm,dnorm,step,maxstep
1.0,62.05674507267554,0.0,58.361949825176616,10.424809815001419,0.5472489096356409,1.0
2.0,-48.464900950775245,0.0,54.64695786864477,5.051325935162059,1.0,1.0
3.0,-109.90466604897901,0.0,52.8938132299917,3.1345716089912234,1.0,1.0
4.0,-117.46733528566371,0.0,53.00662414007475,0.4999617310510733,0.9999999064851873,1.0
5.0,-117.6843289357923,0.0,53.025805043927285,2.3740817760123424e-06,0.0,0.0
