iter,val,proj,gnorm,dnorm,step,maxstep
1.0,62.056745072675824,0.0,59.7130337145705,10.53430961269706,0.543009288528069,1.0
2.0,-53.74439745001692,0.0,55.89783852499632,5.069596431007003,0.9776001381827195,1.0
3.0,-118.14204288288337,0.0,54.051265685509925,3.1155850984919913,1.0,1.0
4.0,-126.46226372635117,0.0,54.129928145848815,0.47169525666005085,0.999998486180063,1.0
5.0,-126.64495777753218,0.0,54.15157927638601,4.817808860024827e-05,0.0,0.0
