iter,val,proj,gnorm,dnorm,step,maxstep
1.0,62.05674507267554,0.0,58.665006446736484,10.567431873092131,0.5419728720372479,1.0
2.0,-48.63676667897596,0.0,54.94694752646747,5.090801097347955,0.9194345380583009,1.0
3.0,-104.72899117064017,0.0,53.32161404344553,3.1262610596427822,1.0,1.0
4.0,-116.05693919697619,0.0,53.31626371668062,0.6259271002801228,1.0,1.0
5.0,-116.40078978844181,0.0,53.35486179243034,0.009060480006935368,1.0000000000000002,32.35516410562744
6.0,-116.40083083459086,0.0,53.35499105021454,4.965068306494546e-16,0.0,0.0
