iter,val,proj,gnorm,dnorm,step,maxstep
1.0,62.05674507267548,0.0,56.41375599440294,10.563292765438272,0.542303293964864,1.0
2.0,-42.73443853663687,0.0,52.770555764606705,5.090904542374844,0.9292041821929199,1.0
3.0,-94.92592878372764,0.0,51.24010297302614,3.128585060648988,1.0,1.0
4.0,-105.38335702604161,0.0,51.26886220500367,0.6148029614364271,0.9999888211140835,1.0
5.0,-105.69820797768158,0.0,51.31188262524971,3.882572336009036e-05,0.0,0.0
