iter,val,proj,gnorm,dnorm,step,maxstep
1.0,62.05674507267554,0.0,58.49656088520789,10.717829578764755,0.5348820975331455,1.0
2.0,-52.41653820832141,0.0,54.59276177985212,5.080136482399772,0.8985266751917224,1.0
3.0,-111.17291762145973,0.0,52.828252649052295,3.115201230474828,1.0,1.0
4.0,-123.36367387174246,0.0,52.775949580430925,0.6329192139095597,1.0,1.0
5.0,-123.66549741082764,0.0,52.818430888528916,1.6437509509491776e-10,0.0,0.0
