iter,val,proj,gnorm,dnorm,xnorm,step,maxstep
1.0,300.0000000000001,0.0,64.33103952217468,11.119481225636056,12.24744871391589,1.0,1.0
2.0,-23.564532956163205,0.0,59.93248969209972,4.3576531150171,9.312525031780181,0.99999998609443,1.0
3.0,-37.13609017145947,0.0,61.09045942106906,6.503056084876419e-07,6.683375660868821,0.0,0.0
