iter,val,proj,gnorm,dnorm,xnorm,step,maxstep
1.0,299.9999999999999,0.0,62.308787823243684,11.122952331532147,12.24744871391589,1.0,1.0
2.0,-15.549207140328136,0.0,58.05044449656822,4.671187059558783,9.289972645188165,1.0,1.0
3.0,-29.373307253991385,0.0,59.38608814118195,2.187741538561994e-08,6.2496276325621904,0.0,0.0
