iter,val,proj,gnorm,dnorm,xnorm,step,maxstep
1.0,300.0,0.0,60.783632336361734,11.144147375947703,12.24744871391589,1.0,1.0
2.0,-15.1266268929418,0.0,56.65348198790576,4.46110632108993,8.960989706852462,0.9998421936449973,1.0
3.0,-28.50555863695203,0.0,57.94023510833397,0.0031451558794317993,6.105690052485976,1.0,1.0
4.0,-28.50610469636944,0.0,57.94031907245671,4.981665335726133e-07,6.105734229748674,0.0,0.0
