iter,val,proj,gnorm,dnorm,xnorm,step,maxstep
1.0,299.99999999999994,0.0,66.28007100179812,11.106127409024161,12.24744871391589,1.0,1.0
2.0,-22.395869310999444,0.0,61.66569974842266,4.826241676917024,9.927182769810523,0.9999917129127492,1.0
3.0,-37.713686050705284,0.0,62.97988041513413,0.00043939759571467313,7.086527395817824,0.0,0.0
