iter,val,proj,gnorm,dnorm,xnorm,step,maxstep
1.0,300.0,0.0,65.72088535620621,11.178646505665618,12.24744871391589,1.0,1.0
2.0,-28.20670796243138,0.0,60.882935644964064,4.443948800927267,9.994016053454803,1.0,1.0
3.0,-41.44117316212699,0.0,62.076173559963514,8.376398227727362e-06,7.398794103938089,0.0,0.0
