iter,val,proj,gnorm,dnorm,xnorm,step,maxstep
1.0,300.0000000000001,0.0,60.71934767438135,11.29101951023111,12.24744871391589,1.0,1.0
2.0,-16.040631809329156,0.0,56.933714543558864,4.100620686623062,8.531958999996565,0.9999999980794162,1.0
3.0,-27.445993940478388,0.0,58.02961111259057,6.57979264679175e-08,5.998541538612134,0.0,0.0
