iter,val,proj,gnorm,dnorm,xnorm,step,maxstep
1.0,299.9999999999999,0.0,63.79506350809755,11.270403875216251,12.24744871391589,1.0,1.0
2.0,-24.02449636136491,0.0,59.23669929547246,4.121494600142839,9.654019236907155,0.9999999998749666,1.0
3.0,-35.683101870626245,0.0,60.33635488361038,5.67530705263376e-09,7.189122598687072,0.0,0.0
