iter,val,proj,gnorm,dnorm,xnorm,step,maxstep
1.0,300.0,0.0,63.34449175739277,11.128916557920837,12.24744871391589,1.0,1.0
2.0,-16.615594367159616,0.0,59.314612982019604,4.571175688790294,8.990306957840902,0.9999582940161394,1.0
3.0,-30.875472590116274,0.0,60.555422711968795,0.002153665401295951,6.214575890732499,0.9947410974989,1.0
4.0,-30.875633063405026,0.0,60.55543948445289,1.0059554796173887e-06,6.214608386074133,0.0,0.0
