iter,val,proj,gnorm,dnorm,xnorm,step,maxstep
1.0,30.0,0.0,56.2236597350457,10.490067595278344,12.24744871391589,0.5101343247875069,1.0
2.0,-69.30211032972608,0.0,52.617424099778695,4.602358637928136,12.91843889122711,0.5836556951959271,1.0
3.0,-103.47506923955837,0.0,51.373243393935645,2.4042943522781863,13.441844741094148,1.0,1.0
4.0,-123.08276589443818,0.0,50.74570704177821,1.7735007208630338,13.254183818813594,1.0,1.0
5.0,-126.02022994881808,0.0,50.760619212542714,1.336813841316188,12.277695949218456,1.0,1.0
6.0,-127.68685043983973,0.0,50.77196861458668,0.8682151723627515,11.940946569315148,1.0,1.0
7.0,-128.35193555718115,0.0,50.78121499237008,0.14383838464085785,11.87066250287308,1.0,1.0
8.0,-128.37235757022847,0.0,50.78349083055867,3.8131127641469e-07,11.86856512580558,0.0,0.0
