iter,val,proj,gnorm,dnorm,xnorm,step,maxstep
1.0,30.0,0.0,61.03470137555848,10.618195143718717,12.24744871391589,0.5091753052548882,1.0
2.0,-81.77319759448898,0.0,57.29351545500116,4.662740687967275,12.965732209558306,0.5789210462284293,1.0
3.0,-122.20886258710146,0.0,55.927460160864904,2.450080925441691,13.529611938829914,1.0,1.0
4.0,-146.23665305769154,0.0,55.18407674727295,1.6711079854746718,13.496501874221355,1.0,1.0
5.0,-148.9208478123475,0.0,55.19529545874217,1.2876677884571268,12.686035496423326,1.0,1.0
6.0,-150.44650776300838,0.0,55.204512657525015,0.8395104294135529,12.396142949148896,1.0,1.0
7.0,-151.0837156022478,0.0,55.21197840797611,0.14147893300920278,12.332210499463244,0.9999992311241287,1.0
8.0,-151.10545037079413,0.0,55.21376520328857,8.68715294590729e-06,12.33379707700795,0.0,0.0
