iter,val,proj,gnorm,dnorm,xnorm,step,maxstep
1.0,30.00000000000017,0.0,60.674496058925776,10.580041958670213,12.24744871391589,0.5094001602912268,1.0
2.0,-79.55933090135187,0.0,56.98706358396908,4.662940894251315,12.961565457187307,0.5799527392812661,1.0
3.0,-118.811135032923,0.0,55.65801794732735,2.420582247849094,13.517122573093577,1.0,1.0
4.0,-142.39078136618423,0.0,54.93771231808917,1.734114888509072,13.285570033869874,1.0,1.0
5.0,-145.15839673059986,0.0,54.95244300173173,1.2685969935284396,12.337647306190568,1.0,1.0
6.0,-146.67472460541677,0.0,54.96130509485465,0.8052415034188434,12.043626872518375,1.0,1.0
7.0,-147.26276345200836,0.0,54.96799555459085,0.14785189533548712,11.996113098824459,0.9999463719524166,1.0
8.0,-147.28567227094615,0.0,54.96944911475463,0.00045040660578091234,12.000534312903138,0.0,0.0
