iter,val,proj,gnorm,dnorm,step,maxstep
1.0,9986.875422488345,0.0,3611.6025238245015,14.142135623730951,1.0,1.0
2.0,0.0,0.0,3611.6025238245015,0.0,0.0,0.0
