iter,val,proj,gnorm,dnorm,step,maxstep
1.0,9986.875422488345,0.0,3615.3685125457832,14.142135623730951,1.0,1.0
2.0,0.0,0.0,3615.3685125457832,0.0,0.0,0.0
