iter,val,proj,gnorm,dnorm,step,maxstep
1.0,9986.875422488349,0.0,3609.874641534732,14.142135623730951,1.0,1.0
2.0,0.0,0.0,3609.874641534732,0.0,0.0,0.0
