iter,val,proj,gnorm,dnorm,step,maxstep
1.0,374.5078283433104,0.0,3066.69100051091,12.108876114195796,0.5316758279833402,1.0
2.0,-580.2882041271769,0.0,3065.494619215244,5.75889303512945,0.5786382631688642,1.0
3.0,-1038.4754864973547,0.0,3064.988732561666,2.581175504756391,0.6791488308414058,1.0
4.0,-1258.6098163769366,0.0,3064.751455391934,1.0371269599069703,0.9065484977076275,1.0
5.0,-1351.7067246943589,0.0,3064.625998724367,0.29936585939131166,1.0,1.0
6.0,-1361.283384340797,0.0,3064.6068210751937,0.06219793144911743,1.0,1.0
7.0,-1361.286809930114,0.0,3064.6067337694026,0.05291315767725307,5.048873366007071,5.048873366007071
8.0,-1361.2981770641836,0.0,3064.6058233611066,0.04586352764962363,1.0001399565623241,6.26199209562061
9.0,-1361.299228942762,0.0,3064.6078021538315,8.471763143382161e-05,0.0,0.0
