iter,val,proj,gnorm,dnorm,step,maxstep
1.0,374.5078283433031,0.0,3056.610527624447,12.023758439171576,0.5340088063896175,1.0
2.0,-494.80054899890456,0.0,3056.095533701408,5.72526003833115,0.6079057173563018,1.0
3.0,-926.9907702747932,0.0,3055.8297335064026,2.5116521618459284,0.7809033211690488,1.0
4.0,-1138.1421288559086,0.0,3055.672509911083,0.8761508117350549,1.0,1.0
5.0,-1196.7325207572176,0.0,3055.61977066584,0.16703156865511476,1.0,1.0
6.0,-1196.746671941859,0.0,3055.622952840266,0.005377243680073773,1.0822534652211424,151.52052738419107
7.0,-1196.7466875884347,0.0,3055.62266425204,1.8143869452778924e-05,0.0,0.0
