iter,val,proj,gnorm,dnorm,step,maxstep
1.0,374.50782834331403,0.0,3074.79593719528,12.05432267967739,0.5286304425688971,1.0
2.0,-487.67612797878246,0.0,3073.582168649398,5.8000932576504205,0.6034073557752414,1.0
3.0,-922.4150753921931,0.0,3073.0537848174163,2.4887537410245195,0.7446754390895333,1.0
4.0,-1128.6066695333411,0.0,3072.8275567709607,0.9486655456777054,1.0,1.0
5.0,-1198.5055483029573,0.0,3072.795139765391,0.19914006589002603,0.9981168399058082,1.3863697989998371
6.0,-1198.525339345877,0.0,3072.8113302257293,0.0020532876881525536,0.99015080589985,27.931167992572867
7.0,-1198.5253414330564,0.0,3072.8111438345823,6.57534411378782e-05,0.0,0.0
