iter,val,proj,gnorm,dnorm,step,maxstep
1.0,374.50782834331403,0.0,3076.0298978905594,11.988478508338938,0.5314677189726706,1.0
2.0,-474.56245829915133,0.0,3075.3295968916277,5.817514534440181,0.6403355292149437,1.0
3.0,-924.0526476376072,0.0,3075.03292262062,2.426979836913071,0.8409732389079357,1.0
4.0,-1129.9463284844442,0.0,3075.0078532591806,0.7183414372173701,1.0,1.0
5.0,-1168.4851600400161,0.0,3075.0386608704493,0.0971732847152718,1.0000000043128494,1.472897374193064
6.0,-1168.4898813636355,0.0,3075.0394071692763,3.6577748868930744e-09,0.0,0.0
