iter,val,proj,gnorm,dnorm,step,maxstep
1.0,374.50782834331403,0.0,3071.59185634918,11.996945047081573,0.5614024084728184,1.0
2.0,-488.7600285188237,0.0,3070.1383956498767,5.516535196540249,0.6810823770902169,1.0
3.0,-918.997862106542,0.0,3069.656054531616,2.0672842400937665,0.8967241534438893,1.0
4.0,-1094.384571427625,0.0,3069.521388291602,0.5486822984159296,1.0,1.0
5.0,-1114.454886540596,0.0,3069.539550441925,0.051093313762727785,1.0007751066157942,5.49375961999411
6.0,-1114.4561928156836,0.0,3069.5435795412327,0.00024773935876944007,0.0,0.0
