iter,val,proj,gnorm,dnorm,step,maxstep
1.0,374.5078283433104,0.0,3050.726852706188,12.069338631187325,0.5479253408141568,1.0
2.0,-533.0252761913325,0.0,3049.5753034910153,5.654525933600595,0.6387423781696803,1.0
3.0,-982.2744626607673,0.0,3049.0358311249897,2.2151281958578624,0.7738355918685035,1.0
4.0,-1173.079512325421,0.0,3048.8167102465113,0.7650936247230028,1.0,1.0
5.0,-1228.3077766045935,0.0,3048.790823684231,0.19211412730018168,1.010184914322088,1.010184914322088
6.0,-1228.335678787842,0.0,3048.804088738248,0.09710880728361464,1.0009365377177595,3.23150980585069
7.0,-1228.3403982638883,0.0,3048.7986852818995,0.001723440306116344,0.9999432136193211,146.79899285836558
8.0,-1228.340399748964,0.0,3048.7986956780096,3.066733663069083e-05,0.0,0.0
