iter,val,proj,gnorm,dnorm,step,maxstep
1.0,374.5078283433104,0.0,3055.793644859974,12.01747516324131,0.5066802059818525,1.0
2.0,-405.2969457999425,0.0,3055.1029747632265,6.112567879628796,0.6225776819390084,1.0
3.0,-846.8062163727118,0.0,3054.966612312828,2.7293093953029968,0.9384431162863471,1.0
4.0,-1089.9672012223891,0.0,3054.8804232074485,0.8841353537345045,1.0,1.0
5.0,-1106.057151342362,0.0,3054.8547708784804,0.04719785512433206,1.0012766563959252,1.9865304825087555
6.0,-1106.0582665830461,0.0,3054.8531596546877,0.00031252649143413637,0.0,0.0
