iter,val,proj,gnorm,dnorm,xnorm,step,maxstep
1.0,19.999999999996362,0.0,2503.417122386519,9.805821725601874,10.0,0.5025714712664525,1.0
2.0,-478.04967939187736,0.0,2503.186911683997,4.884003323629089,11.09548506725692,0.5269592947697254,1.0
3.0,-719.3440863394153,0.0,2503.0504033120856,2.3600052281610546,12.368615562049454,0.5668588076564525,1.0
4.0,-837.5092398295728,0.0,2502.998347025898,1.1267378228096592,13.10925674799671,0.691467069744225,1.0
5.0,-898.7824983222326,0.0,2502.9692229907937,0.5809132194909999,13.49962632240543,1.0,1.0
6.0,-925.9994826161856,0.0,2502.9524827058085,0.4064934652977908,13.646956517372999,1.0,1.0
7.0,-926.1587057068682,0.0,2502.956956679881,0.25735897539128805,13.620365142469643,1.0,1.0
8.0,-926.2144761695345,0.0,2502.9603543899257,0.05665806888000576,13.619798129329578,1.0,1.0
9.0,-926.21835805714,0.0,2502.958712300208,3.6934935634929894e-05,13.620013201699251,0.0,0.0
