iter,val,proj,gnorm,dnorm,xnorm,step,maxstep
1.0,20.00000000000182,0.0,2493.5664600018185,9.78931683009596,10.0,0.5007446972919947,1.0
2.0,-494.8329967900827,0.0,2493.0387090754652,4.881828655006766,11.077199605949616,0.5416356733777554,1.0
3.0,-754.1399349457406,0.0,2492.771198987025,2.311172993079859,12.336596493020634,0.59470204100241,1.0
4.0,-880.0000052743435,0.0,2492.6610468941826,1.1022714074055255,13.058074312080008,0.819215468557675,1.0
5.0,-949.0872117902909,0.0,2492.608893736976,0.5642596990230617,13.450406642838338,1.0,1.0
6.0,-964.4244956882194,0.0,2492.5969284878934,0.3688754745463331,13.485316623252421,1.0,1.0
7.0,-964.5338629490107,0.0,2492.611631380885,0.1517720347272419,13.455096222431845,1.0,1.0
8.0,-964.5558377303223,0.0,2492.610753294108,0.026049568267664306,13.45190829893828,1.0,1.0
9.0,-964.556229381089,0.0,2492.6110621116736,0.0070201605083960285,13.450715168419409,1.1490630886806195,4.528915397405831
10.0,-964.5562576955399,0.0,2492.6108129622435,0.0020979895794878524,13.450572892477865,0.9057716601959162,346.10679873561475
11.0,-964.5562596889595,0.0,2492.6108431221087,0.0004943235794578495,13.450493670285498,0.0,0.0
