iter,val,proj,gnorm,dnorm,xnorm,step,maxstep
1.0,5.0,0.0,74.86610309081807,1.5606029603970386,1.58113883008419,0.5369059849829579,1.0
2.0,-17.9140521968838,0.0,74.2570990250773,0.7326642673592638,1.7284623687911767,0.5644829626985902,1.0
3.0,-28.61066437364316,0.0,73.97240875168906,0.3294729174989764,1.9214296330715936,0.6077161562818995,1.0
4.0,-33.52565120432335,0.0,73.84196171651728,0.13919219652369544,2.0275321608159373,0.6802706590960175,1.0
5.0,-35.664186305821715,0.0,73.78553485806161,0.05274986922255796,2.0742677421011164,0.8037477545063263,1.0
6.0,-36.46886787305971,0.0,73.76451164155876,0.015056246026071037,2.0905514012039013,0.9724548127560484,1.0
7.0,-36.659638037820244,0.0,73.75963242876851,0.00188866301485281,2.0934774150206894,1.0,1.0
8.0,-36.66503971321444,0.0,73.7595208161213,4.342341270128674e-05,2.093297616943885,0.0,0.0
