iter,val,proj,gnorm,dnorm,xnorm,step,maxstep
1.0,5.000000000000007,0.0,74.00301607369933,1.5560135589551187,1.58113883008419,0.5416663645065275,1.0
2.0,-18.41550526999997,0.0,73.37411374743559,0.7239354915611348,1.7221896993666743,0.584805819087293,1.0
3.0,-29.5392086314912,0.0,73.07562405361958,0.32165369216770207,1.908275762253113,0.6632743729019271,1.0
4.0,-34.677982130178336,0.0,72.93847944094725,0.12821240295514486,2.010486798864753,0.7998994559220507,1.0
5.0,-36.74686784189136,0.0,72.88383623577262,0.03850458960279764,2.0516168164740862,0.9919765748008159,1.0
6.0,-37.258455247409096,0.0,72.87064413524321,0.004597235911665997,2.0600260018985885,1.0,1.0
7.0,-37.2625966821773,0.0,72.87061854839486,3.535403782740681e-05,2.05950290960683,0.0,0.0
