iter,val,proj,gnorm,dnorm,xnorm,step,maxstep
1.0,4.999999999999993,0.0,77.25891586091926,1.5644363293440322,1.5811388300841898,0.5343396786384941,1.0
2.0,-19.497092225088103,0.0,76.62733545018442,0.7349211737298039,1.733054648712986,0.5614321334011727,1.0
3.0,-31.02061939756075,0.0,76.32980680651096,0.33593736414492464,1.9250112026272888,0.6075530555267425,1.0
4.0,-36.38769124144541,0.0,76.19151409294862,0.1435776295614214,2.032909746135381,0.6798426122933457,1.0
5.0,-38.72403794631397,0.0,76.13158304792351,0.0541761506264534,2.0817004421826315,0.7899877916560988,1.0
6.0,-39.58987151906382,0.0,76.10953682864921,0.01540932011165453,2.0992254635553156,0.9330683073842391,1.0
7.0,-39.80430810479535,0.0,76.1041551199953,0.0023127542454269684,2.1029554648303628,1.0,1.0
8.0,-39.81968288419788,0.0,76.10379006562675,0.0001012166950128373,2.103032655685822,0.0,0.0
