iter,val,proj,gnorm,dnorm,xnorm,step,maxstep
1.0,4.999999999999986,0.0,75.04960983245816,1.5606843050405808,1.5811388300841898,0.5429570790748763,1.0
2.0,-18.381286718299386,0.0,74.43036360954105,0.7270228476349186,1.72431680587382,0.5793094137212395,1.0
3.0,-29.320919294427142,0.0,74.14050626380872,0.3207126088557665,1.916332319213249,0.6334143068018357,1.0
4.0,-34.25479934700047,0.0,74.0101969487417,0.12833881545097328,2.0212346641657666,0.7074724694830803,1.0
5.0,-36.25709697926772,0.0,73.95758199762673,0.043925994305414835,2.065351174063945,0.8135816890657908,1.0
6.0,-36.92820932270011,0.0,73.94009063154911,0.0113649314556581,2.079296500414838,0.9529070290196969,1.0
7.0,-37.0745475657846,0.0,73.936336451511,0.0014249691407439782,2.081783023920154,1.0,1.0
8.0,-37.08177696779006,0.0,73.93616462220403,4.699595807016579e-05,2.081764901282932,0.0,0.0
