iter,val,proj,gnorm,dnorm,xnorm,step,maxstep
1.0,5.0,0.0,73.6688294735555,1.5639457640663814,1.58113883008419,0.5275672270992999,1.0
2.0,-16.804626496537402,0.0,73.07554269438214,0.7416619523880676,1.7358553542206687,0.5546623178791208,1.0
3.0,-27.170263389831177,0.0,72.793384054225,0.34380497349495903,1.925654552006469,0.6064603283221425,1.0
4.0,-32.11221176793633,0.0,72.65937030840345,0.15026775735801184,2.032757714333109,0.6986103102032073,1.0
5.0,-34.33051474633594,0.0,72.599643387693,0.056275005141602816,2.081672119623329,0.8409926026315186,1.0
6.0,-35.13176424088442,0.0,72.57832708917168,0.014395063043736727,2.098168209828031,1.0,1.0
7.0,-35.28298806037267,0.0,72.57441858959288,0.0012491526700612737,2.1004696754914907,1.0,6.087548730135306
8.0,-35.28298884056388,0.0,72.57444032387927,2.8780270159990897e-15,2.100297504621632,0.0,0.0
