iter,val,proj,gnorm,dnorm,xnorm,step,maxstep
1.0,5.000000000000007,0.0,74.6616668847167,1.5631800919919625,1.5811388300841898,0.5335057239214485,1.0
2.0,-17.680388933279943,0.0,74.05685465222655,0.7364226647049745,1.7325191252856174,0.561270140514214,1.0
3.0,-28.348971331170517,0.0,73.77208942956898,0.3349520991814345,1.9245142447481998,0.6071025266588324,1.0
4.0,-33.309635944456524,0.0,73.64006636964999,0.14309066190228328,2.0313200095936925,0.6809752753570959,1.0
5.0,-35.47534244178685,0.0,73.58273670946076,0.054053251504694796,2.0792544388696146,0.7985260060313243,1.0
6.0,-36.28218491800999,0.0,73.56157155931699,0.01529692582248638,2.096142593024249,0.9506926746543803,1.0
7.0,-36.4754001768121,0.0,73.55659148375321,0.0020925394398942417,2.0994806066369165,1.0,1.0
8.0,-36.48541626621565,0.0,73.55635576482159,7.386127465032172e-05,2.099451067945196,0.0,0.0
