iter,val,proj,gnorm,dnorm,xnorm,step,maxstep
1.0,5.0,0.0,73.42255367395225,1.5613159429417902,1.58113883008419,0.537923546283236,1.0
2.0,-17.326104540866886,0.0,72.81809540984554,0.7339496737099516,1.7283248803932059,0.5736462811913688,1.0
3.0,-27.86315533213132,0.0,72.5327948838666,0.3241123263004214,1.9209383832353648,0.6198221206602592,1.0
4.0,-32.61744838481086,0.0,72.40446954801214,0.1352229365288933,2.0253801742746154,0.7015430083010054,1.0
5.0,-34.64434175909542,0.0,72.35010015015348,0.04883321104918562,2.0707700001851883,0.8259129090524209,1.0
6.0,-35.35369355152885,0.0,72.33125953332093,0.012353845686102025,2.0857507926371976,0.9716286976047751,1.0
7.0,-35.49874532726699,0.0,72.32748095548631,0.001345548041902794,2.0882232059985184,1.0,1.0
8.0,-35.50297914020866,0.0,72.3273863482822,3.023632246657696e-05,2.0881549782312208,0.0,0.0
