iter,val,proj,gnorm,dnorm,xnorm,step,maxstep
1.0,5.0,0.0,73.57447917589903,1.557785579931808,1.58113883008419,0.5396302511287223,1.0
2.0,-17.539183770825318,0.0,72.96549803429559,0.7282580537736497,1.7247194074497796,0.579602323036952,1.0
3.0,-28.220632621612708,0.0,72.67712157940916,0.3221688233645003,1.913310142231277,0.6471779126150211,1.0
4.0,-33.13467500813755,0.0,72.54516636543744,0.1308663353251135,2.0152827199670065,0.7695793667994718,1.0
5.0,-35.17799007008389,0.0,72.49083578117818,0.04203121898587095,2.0570607880687297,0.9505955792108568,1.0
6.0,-35.75739157760312,0.0,72.47572534977643,0.006724478080575222,2.067028341930161,1.0,1.0
7.0,-35.78747197446812,0.0,72.4750323182589,0.0002603254315192119,2.0667745433083504,0.0,0.0
