iter,val,proj,gnorm,dnorm,xnorm,step,maxstep
1.0,5.0,0.0,72.6857959989708,1.549243478973805,1.58113883008419,0.540605231400096,1.0
2.0,-16.964378050686996,0.0,72.08583909331406,0.72944360244144,1.7182892416610724,0.5935392237625511,1.0
3.0,-27.57666362814453,0.0,71.79666318008702,0.3189498325172297,1.9051158566715798,0.6807887743843731,1.0
4.0,-32.423783150227294,0.0,71.6655132933601,0.1217853223508795,2.0067115563384403,0.8285807389823068,1.0
5.0,-34.28999402384909,0.0,71.61565951874485,0.03310143946525773,2.0449667798269844,1.0,1.0
6.0,-34.67473856795342,0.0,71.60568296744408,0.003404854845222972,2.0508456060759426,0.9999999999999957,4.322049473250344
7.0,-34.674744364471664,0.0,71.60574573373002,1.4873510288263844e-15,2.0503308984015605,0.0,0.0
