iter,val,proj,gnorm,dnorm,xnorm,step,maxstep
1.0,5.0,0.0,76.74991506188265,1.5565806634100685,1.58113883008419,0.5376382178580479,1.0
2.0,-18.359917579352818,0.0,76.14397175791117,0.7351059314946932,1.7252562959271815,0.5790165316248234,1.0
3.0,-29.526807035269414,0.0,75.85442258005764,0.3244988964622047,1.9167620600106434,0.6330160213609696,1.0
4.0,-34.56592838119948,0.0,75.72418513576496,0.13200564050560626,2.022101769905636,0.7182336442306527,1.0
5.0,-36.64561273385081,0.0,75.67075288669615,0.045889963993218395,2.0671296021583725,0.8530228740964717,1.0
6.0,-37.33897977112757,0.0,75.65313569081357,0.010727660088575024,2.081166798856096,1.0,1.0
7.0,-37.45828378639487,0.0,75.65018293206421,0.0008725179654894665,2.082933552768525,0.0,0.0
