iter,val,proj,gnorm,dnorm,xnorm,step,maxstep
1.0,5.000000000000007,0.0,73.84491492312385,1.5590171857185713,1.5811388300841898,0.5367779207590991,1.0
2.0,-17.67363888275517,0.0,73.23403872325368,0.7298729220937015,1.7274311951626435,0.5717972114133102,1.0
3.0,-28.399088903530824,0.0,72.94514021457974,0.3299802120548468,1.9155538602426485,0.6390269789967257,1.0
4.0,-33.4301347842525,0.0,72.81030231681872,0.1363715230872964,2.0196609440036957,0.7546839310079392,1.0
5.0,-35.555367221232395,0.0,72.7538505636807,0.04458563332578956,2.0637964909750424,0.9233941607844807,1.0
6.0,-36.19078814038031,0.0,72.73725276908688,0.008086319192985584,2.075293000957689,1.0,1.0
7.0,-36.24343703815953,0.0,72.73597142931547,0.0004422889745309824,2.0754293716657988,0.0,0.0
