iter,val,proj,gnorm,dnorm,xnorm,step,maxstep
1.0,5.0,0.0,76.7198416839086,1.567288741744801,1.58113883008419,0.538175907231124,1.0
2.0,-18.339260016886662,0.0,76.11423087561701,0.7293474310278207,1.73206969968741,0.5609113861645003,1.0
3.0,-29.113735850506863,0.0,75.83418670719068,0.3288545101256226,1.9248038072999225,0.5936241735230031,1.0
4.0,-34.021974226968325,0.0,75.70678673855718,0.1424268665215685,2.0309694552333357,0.6514367553695832,1.0
5.0,-36.19100683388396,0.0,75.65071306981217,0.056342243152518366,2.079354865887539,0.7440489164614577,1.0
6.0,-37.05106721659635,0.0,75.62862433639839,0.01831564983954425,2.097795206818133,0.8738340409243688,1.0
7.0,-37.309167482505416,0.0,75.62206714554557,0.0038056814403238633,2.102734663367276,1.0,1.0
8.0,-37.346410268450256,0.0,75.62114587602358,0.0002515023200044831,2.1032082662503204,0.0,0.0
