iter,val,proj,gnorm,dnorm,xnorm,step,maxstep
1.0,4.999999999999986,0.0,76.71535719792875,1.5571519710258102,1.5811388300841898,0.5339345157225028,1.0
2.0,-19.625565315391874,0.0,76.07613372190886,0.7351272118538995,1.7274862247327802,0.5742054988778513,1.0
3.0,-31.502302924773993,0.0,75.76793696896945,0.3334904530440215,1.9150864187031542,0.6464707095078543,1.0
4.0,-37.09238227028524,0.0,75.62350120267857,0.13659797532618925,2.020459594484778,0.7696075459626779,1.0
5.0,-39.42528128600344,0.0,75.56373987936614,0.04366043845916964,2.064765092682689,0.949341708453441,1.0
6.0,-40.085931498970865,0.0,75.54711248382682,0.006914283295006559,2.075570226494271,1.0,1.0
7.0,-40.12114818718457,0.0,75.54631467150055,0.00026839717227064423,2.075422308913331,0.0,0.0
