iter,val,proj,gnorm,dnorm,xnorm,step,maxstep
1.0,500.0000000000002,0.0,81.51137420020349,14.500562894707725,15.811388300841896,1.0,1.0
2.0,-44.08830099027446,0.0,75.63871753731637,5.616889135355483,12.120593093502958,0.9999874835146215,1.0
3.0,-65.08350006581537,0.0,77.10371388778952,0.0009996875051606375,8.818931720432357,0.0,0.0
