iter,val,proj,gnorm,dnorm,xnorm,step,maxstep
1.0,499.99999999999994,0.0,80.10561091461821,14.345301366783694,15.811388300841896,1.0,1.0
2.0,-28.578905881960964,0.0,74.64909762973787,5.787344480715926,11.76141745431287,0.9999373090729805,1.0
3.0,-51.485948599271524,0.0,76.27872269692661,0.005553940540841367,8.184300741295976,0.985555583935658,1.0
4.0,-51.48634448199215,0.0,76.27874938041676,5.258998682441265e-06,8.184151600102005,0.0,0.0
