iter,val,proj,gnorm,dnorm,xnorm,step,maxstep
1.0,500.00000000000006,0.0,78.90856092974704,14.404514319566928,15.811388300841896,1.0,1.0
2.0,-30.17104481743445,0.0,73.77940492111806,5.451154783602855,11.093520933213771,0.9999994157027101,1.0
3.0,-51.78745866155805,0.0,75.22780257270583,5.899290367643658e-05,7.926069166618561,0.0,0.0
