iter,val,proj,gnorm,dnorm,xnorm,step,maxstep
1.0,499.9999999999999,0.0,81.3534276229625,14.42700042108546,15.811388300841896,1.0,1.0
2.0,-32.54239365704379,0.0,75.85280649690773,5.826655975271852,11.90866696327963,0.9999997650902085,1.0
3.0,-55.13845444416209,0.0,77.44611922622569,1.396076251432792e-05,8.382530675700835,0.0,0.0
