iter,val,proj,gnorm,dnorm,xnorm,step,maxstep
1.0,500.0,0.0,78.64164385364919,14.300088416958282,15.811388300841896,1.0,1.0
2.0,-27.511447641108788,0.0,73.19164024938752,5.828496152700279,11.569786681150532,0.9999875951002741,1.0
3.0,-50.794553478625076,0.0,74.86245752068947,0.0006047454980530429,7.911833277010775,0.0,0.0
