iter,val,proj,gnorm,dnorm,xnorm,step,maxstep
1.0,500.00000000000006,0.0,80.95670220558888,14.561291222460532,15.811388300841896,1.0,1.0
2.0,-31.339777711352298,0.0,75.67985462459903,5.405834892558164,11.718717716646688,1.0,1.0
3.0,-52.137483987575706,0.0,77.16089499044696,6.1655461335965e-11,8.3600681310194,0.0,0.0
