iter,val,proj,gnorm,dnorm,xnorm,step,maxstep
1.0,500.0,0.0,82.24970239463606,14.408383900652128,15.811388300841896,1.0,1.0
2.0,-46.18782553687919,0.0,76.32314731138155,5.228826034265204,12.098199903881806,0.9999964535646433,1.0
3.0,-66.32752111425864,0.0,77.68559257543738,0.0006772771295008905,9.104115718603001,0.0,0.0
