iter,val,proj,gnorm,dnorm,xnorm,step,maxstep
1.0,499.9999999999999,0.0,78.18018055749936,14.41549267488017,15.811388300841896,1.0,1.0
2.0,-24.66596060351125,0.0,73.0640316027942,5.711329450620197,11.236964956805561,0.9999593931908001,1.0
3.0,-46.43148692707183,0.0,74.65529619713182,0.0034962558141681307,7.632875348571394,0.9908770213612555,1.0
4.0,-46.43171253352254,0.0,74.6553088340023,2.125790494687318e-06,7.632940948272804,0.0,0.0
