iter,val,proj,gnorm,dnorm,xnorm,step,maxstep
1.0,499.9999999999999,0.0,80.89731112963273,14.474374212933391,15.811388300841896,1.0,1.0
2.0,-32.55938261348621,0.0,75.41138553951741,5.788272079606067,11.888261511857783,1.0,1.0
3.0,-54.46773048442125,0.0,76.97095943751876,3.5117639182730108e-06,8.300101131987692,0.0,0.0
