iter,val,proj,gnorm,dnorm,xnorm,step,maxstep
1.0,500.0000000000001,0.0,81.48328994342705,14.374527818331982,15.811388300841896,1.0,1.0
2.0,-28.28566750027315,0.0,75.8248249007159,6.1949777479050665,12.282039158764961,0.9999807471346326,1.0
3.0,-52.98299189298214,0.0,77.58509042563806,0.0011251118319334922,8.247704126943178,0.9979450568010116,1.0
4.0,-52.98309836478688,0.0,77.58510367937562,1.084976269239557e-06,8.247671767613367,0.0,0.0
