iter,val,proj,gnorm,dnorm,xnorm,step,maxstep
1.0,500.0000000000001,0.0,79.87826261258064,14.330167693408619,15.811388300841896,1.0,1.0
2.0,-34.26156386128244,0.0,74.41851416129288,5.333663127698126,11.476294806462949,1.0,1.0
3.0,-55.64219413012012,0.0,75.87117175013746,0.00012926044482572177,8.33255615018794,0.0,0.0
