iter,val,proj,gnorm,dnorm,xnorm,step,maxstep
1.0,500.00000000000006,0.0,82.02127923902187,14.363856362411871,15.811388300841896,1.0,1.0
2.0,-35.693450126223865,0.0,76.44147031465978,5.665482591332703,11.903618340655918,0.9999997413703812,1.0
3.0,-58.810636608940584,0.0,77.98237117108944,2.2355299323301254e-05,8.47901169766139,0.0,0.0
