iter,val,proj,gnorm,dnorm,xnorm,step,maxstep
1.0,500.00000000000006,0.0,81.58896030718125,14.552205951953988,15.811388300841896,1.0,1.0
2.0,-45.59549441677689,0.0,76.25085853301007,5.0025716488529435,11.259215808451165,1.0,1.0
3.0,-63.16847309924792,0.0,77.43201005080563,3.043352853923186e-05,8.684559681769056,0.0,0.0
