iter,val,proj,gnorm,dnorm,xnorm,step,maxstep
1.0,500.00000000000006,0.0,80.84569039846465,14.390929567696237,15.811388300841896,1.0,1.0
2.0,-26.966002262000387,0.0,75.54303279091545,5.88479379981388,11.726433055314486,0.9982043163219673,1.0
3.0,-49.96440284054475,0.0,77.14314100065548,0.11229189553467306,8.123583882343452,0.8299891151861203,1.0
4.0,-49.978151657559096,0.0,77.14519372381417,0.0019409789247903729,8.121033063695375,1.0,1.0
5.0,-49.979898482105426,0.0,77.14580837867534,0.0001553063858304513,8.120348578109757,0.0,0.0
