iter,val,proj,gnorm,dnorm,xnorm,step,maxstep
1.0,500.0,0.0,80.0373257799397,14.288069993154343,15.811388300841896,1.0,1.0
2.0,-27.376410232347865,0.0,74.46701342563392,5.922519884561964,11.914440276196656,0.9999423899256001,1.0
3.0,-50.88691730238068,0.0,76.16627093344466,0.0040056462430535286,8.093605297817808,1.0,1.0
4.0,-50.88726940354121,0.0,76.16634757387358,2.306077057109196e-07,8.093591064279888,0.0,0.0
