iter,val,proj,gnorm,dnorm,xnorm,step,maxstep
1.0,500.00000000000006,0.0,82.93559778529843,14.390690324092763,15.811388300841896,1.0,1.0
2.0,-35.82670849440174,0.0,77.04890235328787,5.9357517379684595,12.311079107508755,0.9966676308511917,1.0
3.0,-59.70091789787425,0.0,78.71063104559994,0.08117373577289755,8.850270580388624,1.0,1.0
4.0,-59.77804465097901,0.0,78.70876564140752,4.735306040918258e-07,8.853665543920465,0.0,0.0
