iter,val,proj,gnorm,dnorm,xnorm,step,maxstep
1.0,500.00000000000006,0.0,80.40924410790589,14.455016756991254,15.811388300841896,1.0,1.0
2.0,-34.05740608965806,0.0,74.6182003266122,5.886954290414628,12.176238790264874,0.9948348314278264,1.0
3.0,-56.72646047334794,0.0,76.27828697516921,0.16790311500359903,8.402837517289406,0.8627326342545183,1.0
4.0,-56.7629973344021,0.0,76.27597633164777,0.006258349548285785,8.404146781280966,1.0,1.0
5.0,-56.76689561246279,0.0,76.27747525557776,0.0007985406722822015,8.402364933169448,0.0,0.0
