iter,val,proj,gnorm,dnorm,xnorm,step,maxstep
1.0,499.99999999999983,0.0,82.13606547676848,14.344607621278078,15.811388300841896,1.0,1.0
2.0,-30.664416129246774,0.0,76.76863563953714,5.796469946584326,11.76468926076243,0.9994754262210002,1.0
3.0,-53.23766918460376,0.0,78.33092056855433,0.04085135599646734,8.24310828626011,0.9141381649822458,1.0
4.0,-53.241204575583964,0.0,78.3313736809849,0.00034555001324694366,8.24174814475115,0.0,0.0
