iter,val,proj,gnorm,dnorm,xnorm,step,maxstep
1.0,500.0,0.0,82.2903158336666,14.412785402252522,15.811388300841896,1.0,1.0
2.0,-31.319010057285794,0.0,76.63911629545503,5.990691074111967,12.28563010846637,1.0,1.0
3.0,-55.22339790844718,0.0,78.29475251902511,0.00043051797283333624,8.550441840716669,0.0,0.0
