iter,val,proj,gnorm,dnorm,xnorm,step,maxstep
1.0,500.0000000000001,0.0,82.62346919614063,14.326216712505794,15.811388300841896,1.0,1.0
2.0,-37.1090652053673,0.0,76.51150764332793,6.182952985321859,12.695872136586372,0.9999997123527976,1.0
3.0,-62.20273489611725,0.0,78.2666227309171,2.3472141191910233e-05,8.753866485987945,0.0,0.0
