iter,val,proj,gnorm,dnorm,xnorm,step,maxstep
1.0,499.9999999999999,0.0,81.93589081718828,14.322271453401015,15.811388300841896,1.0,1.0
2.0,-41.37250423687314,0.0,76.05285389451521,5.663398514811116,12.097875501937413,0.9989379619407316,1.0
3.0,-63.662401608084195,0.0,77.570079090887,0.07464402903641441,8.763761549193747,0.8649865641738378,1.0
4.0,-63.67057112482776,0.0,77.57132529834436,0.0022946337212054586,8.762626159935982,1.0,1.0
5.0,-63.67147327836008,0.0,77.57160217432217,0.0003496401386434265,8.762398915618922,0.0,0.0
