iter,val,proj,gnorm,dnorm,xnorm,step,maxstep
1.0,9.999999999999886,0.0,268.4558993530586,6.905213879721878,7.0710678118654755,0.3180273708483956,1.0
2.0,-208.73769226672903,0.0,265.8757759401867,4.670420144377627,7.374648943877426,0.32043726516685483,1.0
3.0,-350.3374408254642,0.0,264.1856166731037,3.1802957996522596,7.914912561301062,0.32474480459926286,1.0
4.0,-443.82837447971303,0.0,263.062943554085,2.1667314216511118,8.406174399544236,0.33191374897198184,1.0
5.0,-506.45895923047317,0.0,262.3088004743273,1.4783549287395217,8.788716931394482,0.34671223878553353,1.0
6.0,-549.263730336058,0.0,261.793151249455,1.0107926636415085,9.070625251946176,0.3805200648515284,1.0
7.0,-579.5090824300671,0.0,261.42930104016466,0.6919954302880559,9.27590811725968,0.4643564926008065,1.0
8.0,-602.1404484426023,0.0,261.15793073036633,0.47290706709634645,9.429166122616337,0.7422330134866554,1.0
9.0,-621.380307821498,0.0,260.9290796392838,0.3379675388863271,9.554553630316894,1.0,1.0
10.0,-628.0993794594108,0.0,260.8518226708011,0.23427686087014069,9.586016631151473,1.0,1.0
11.0,-628.1484706963033,0.0,260.8568857643027,0.024851518836447838,9.579478080027599,1.0,1.0
12.0,-628.1492658065001,0.0,260.85732005420044,0.001635513876736797,9.579444350554393,1.0273166326072438,57.2313383442725
13.0,-628.1492671804875,0.0,260.85738895029306,8.625008893142795e-05,9.579484541681579,0.0,0.0
