iter,val,proj,gnorm,dnorm,xnorm,step,maxstep
1.0,10.000000000000114,0.0,268.1277704105885,6.978337128089546,7.0710678118654755,0.297357918533974,1.0
2.0,-195.37027560867716,0.0,265.7223266328808,4.865775862157378,7.350101065804193,0.29626653716746604,1.0
3.0,-330.5291013851647,0.0,264.1521764860558,3.4015367457523915,7.854442790180083,0.2963892651344177,1.0
4.0,-421.4896529336701,0.0,263.10596254520976,2.3935402591145363,8.323755875104505,0.29939302672535645,1.0
5.0,-484.06880606708,0.0,262.39205372874017,1.6932404670255288,8.699310786929566,0.30730531812866557,1.0
6.0,-528.0256768382355,0.0,261.8936433508078,1.2010296288322442,8.984099718027231,0.32340457924597726,1.0
7.0,-559.5286083773948,0.0,261.53825475072847,0.8522781693833387,9.196242808830467,0.35657190170272607,1.0
8.0,-582.7400899107756,0.0,261.27770876434175,0.6014138758100065,9.354215235437668,0.4294936355366554,1.0
9.0,-600.5676082993684,0.0,261.0788632161127,0.4131988394561743,9.472901884164456,0.6058557183283918,1.0
10.0,-614.8208608678103,0.0,260.9222531335363,0.26057675297327154,9.56275911401866,1.0,1.0
11.0,-624.0609644736664,0.0,260.82743257393315,0.12463493560458458,9.609968957708906,1.0,1.0
12.0,-624.0735744080318,0.0,260.83138413562335,0.03705971527487947,9.599873010074583,1.074693386547752,1.074693386547752
13.0,-624.074425752534,0.0,260.83205234830695,0.0072376993901824655,9.599371477233243,1.1399882926517868,14.328620714983593
14.0,-624.0744556112741,0.0,260.83234620809657,0.0008511600904995045,9.59943870507511,0.0,0.0
