iter,val,proj,gnorm,dnorm,xnorm,step,maxstep
1.0,10.0,0.0,263.68246000161565,6.986696062288023,7.0710678118654755,0.31278849174610707,1.0
2.0,-200.75780897740196,0.0,260.89088430837876,4.772664463654848,7.384845357303586,0.31227696638465186,1.0
3.0,-336.53556938260635,0.0,259.0717961250701,3.2662812037618063,7.933219580902155,0.3126830890961851,1.0
4.0,-425.9114829770109,0.0,257.8645160728035,2.243579589308256,8.429044574501615,0.3158761154400242,1.0
5.0,-486.02008432115474,0.0,257.0491314252092,1.5511694113407395,8.811851286455184,0.3253468261346576,1.0
6.0,-527.435209562919,0.0,256.4861178072333,1.0766984869512546,9.093785029744415,0.3460020093628366,1.0
7.0,-556.682591158469,0.0,256.08808269224005,0.7460065396281095,9.298873424300291,0.3882208107441192,1.0
8.0,-577.9035278667341,0.0,255.798844507709,0.5060514883121463,9.448411970047673,0.4724777626916223,1.0
9.0,-593.5768078849179,0.0,255.58490561645792,0.32697629670972067,9.55717581034208,0.6683826617132937,1.0
10.0,-605.2073412690546,0.0,255.42593671316388,0.19801233107736108,9.634097586966679,1.0,1.0
11.0,-610.9678645586548,0.0,255.34688343397187,0.08437503399747105,9.666510289432807,1.0,1.0
12.0,-610.9794125574247,0.0,255.34662931916301,0.007646669477306619,9.663544120348046,1.1260075177752213,46.205320761790844
13.0,-610.9794454771295,0.0,255.34693052108162,0.0011478076069041119,9.66365328529744,1.0831020049149196,320.5374551322182
14.0,-610.9794461906021,0.0,255.34687550415163,0.00020886029596519447,9.663627354694764,0.0,0.0
