iter,val,proj,gnorm,dnorm,xnorm,step,maxstep
1.0,100.0,0.0,31.32235320024343,16.202722072095415,70.71067811865476,0.5038383560406482,1.5602865385093072
2.0,33.86411100756732,0.0,26.843564608289153,1.4196314395513332,70.46897135592614,44.44726423893064,44.44726423893064
3.0,-25.38123530547702,0.0,28.968494775163276,7.706051356208679,7.607448500804913,0.7295708413975844,1.0
4.0,-51.965193014988955,0.0,26.976071386993425,2.1713492950949007,11.238575632314284,1.0,1.0
5.0,-54.59841344576466,0.0,26.868340675957892,1.261758866300768,11.427169244842545,1.0,1.0
6.0,-55.77561950070786,0.0,26.864915729767052,1.1843849174904326,11.036986517552892,1.0,1.0
7.0,-56.59426800890621,0.0,26.87523120668784,0.43397282990643465,10.700476401787874,1.0,1.0
8.0,-56.86143882761495,0.0,26.87203617450026,0.30475568203390824,10.681922963562723,1.0,1.0
9.0,-56.92290985155998,0.0,26.878003753898092,0.0,10.669855655214835,0.0,0.0
