iter,val,proj,gnorm,dnorm,xnorm,step,maxstep
1.0,100.0,0.0,35.096918126824185,16.225176346004687,70.71067811865476,0.5038276581968789,1.724495020434404
2.0,33.68208547714653,0.0,31.153693604110792,1.4196163681748661,70.47027790140837,45.04537804348241,45.04537804348241
3.0,-26.031751934559097,0.0,33.046335649770306,7.549060984294655,6.798765835287492,0.7410198534745926,1.0
4.0,-52.886157741680975,0.0,31.25694383807154,1.8988067127415122,10.853018826274592,1.0,1.0
5.0,-55.17334544119052,0.0,31.16941929936893,1.0773351070684052,11.223002265866965,1.0,1.0
6.0,-56.07682653386506,0.0,31.17450742115837,0.9724174193424056,10.830773053038666,1.0,1.0
7.0,-56.638965809026686,0.0,31.18191545975128,0.2572125998776379,10.658408048812271,1.0,1.0
8.0,-56.72783332097005,0.0,31.18244131268953,0.05934401961422288,10.652454992271592,0.9999999999998399,1.0
9.0,-56.73226472891362,0.0,31.18320115306318,3.9380079104073076e-13,10.651973031215082,0.0,0.0
