iter,val,proj,gnorm,dnorm,xnorm,step,maxstep
1.0,99.99999999999989,0.0,32.15342886847995,14.0308633499294,70.71067811865476,0.5051317545563936,1.6370310569019557
2.0,50.27858665934548,0.0,28.96546890133549,1.4214524326285356,70.35058904236907,49.216281586093544,49.43005020943064
3.0,0.5571733187080072,0.0,32.153428868480454,9.098907258798171,0.3939810319489611,0.9558577830389634,1.0
4.0,-41.296277160532824,0.0,29.004448978021166,0.260230241528462,8.905265039386004,0.9832716056133984,1.0
5.0,-41.35439275204232,0.0,28.99809863462449,0.011805527335457916,9.100440272055597,1.0,1.0
6.0,-41.35487779571331,0.0,28.998823858051775,0.0002013000819157659,9.094645860947125,0.0,0.0
