iter,val,proj,gnorm,dnorm,xnorm,step,maxstep
1.0,100.0,0.0,35.066953959547156,16.63528569976933,70.71067811865476,0.5036399012191263,1.7139902223713783
2.0,30.313177520543377,0.0,30.902638872642044,1.419351825614954,70.4944405505557,44.41725543537859,44.41725543537859
3.0,-30.44349460447927,0.0,32.66931961758409,7.359669831970926,7.779765980929934,0.7328133547376139,1.0
4.0,-55.5073408116579,0.0,30.997119879242558,1.8849583871670677,11.4707296391837,1.0,1.0
5.0,-57.75427466610486,0.0,30.918313509207962,1.1827445288934537,11.700168098730078,1.0,1.0
6.0,-58.78547316148202,0.0,30.923217051519277,1.0872818288775914,11.234379845225572,1.0,1.0
7.0,-59.503282602345124,0.0,30.930038819864286,0.5574801506006755,10.986681056189084,1.0,1.0
8.0,-59.83269967871998,0.0,30.92554844931089,0.33557067819180225,10.958664265763048,1.0,1.0
9.0,-59.92328696012637,0.0,30.93070146019704,2.220446049250313e-15,10.947445999878362,0.0,0.0
