iter,val,proj,gnorm,dnorm,xnorm,step,maxstep
1.0,3.0000000000000036,0.0,58.47426014925883,1.209733855027625,1.2247448713915885,0.5427187407092784,1.0
2.0,-11.103454213190041,0.0,57.9948760460151,0.5609099466202969,1.3365024423974947,0.5738650313937622,1.0
3.0,-17.647108850358784,0.0,57.77225254617139,0.25058924536428506,1.4843155839337716,0.6251969223515361,1.0
4.0,-20.626283965134487,0.0,57.67117548651229,0.10252261730567232,1.566096692383469,0.6970762449981714,1.0
5.0,-21.860193942365633,0.0,57.62950767683618,0.036858785036938686,1.6015312793998424,0.8092127705077363,1.0
6.0,-22.292469707566664,0.0,57.61503084127733,0.009910615871557553,1.6135282963786595,0.9546089482372657,1.0
7.0,-22.389620528317323,0.0,57.61183214104289,0.00126601212446635,1.6158385408315001,1.0,1.0
8.0,-22.394238064335315,0.0,57.61169311988276,4.12003818446338e-05,1.6158441761851403,0.0,0.0
