iter,val,proj,gnorm,dnorm,xnorm,step,maxstep
1.0,2.9999999999999964,0.0,56.844560285066855,1.210816557882368,1.2247448713915892,0.5367555663269195,1.0
2.0,-10.751103450341464,0.0,56.36274185151896,0.5688399010276824,1.3402968464133171,0.5663273621779836,1.0
3.0,-17.194609612367245,0.0,56.1366651637334,0.2564628969384163,1.489938169530848,0.6114965111992648,1.0
4.0,-20.15133718128401,0.0,56.03317183002395,0.10723852765633987,1.5730803536710871,0.6783109963173062,1.0
5.0,-21.413735717185926,0.0,55.98919896827479,0.04004289749816441,1.6096516380895747,0.7873936962784852,1.0
6.0,-21.883271161666723,0.0,55.97298386245407,0.011535498887609286,1.6224022658306656,0.9358433902282765,1.0
7.0,-22.001733512967256,0.0,55.968957770539355,0.001754682871115677,1.6250101740350094,1.0,1.0
8.0,-22.009850823628824,0.0,55.96869956247612,7.619435785036579e-05,1.6250059299657071,0.0,0.0
