iter,val,proj,gnorm,dnorm,xnorm,step,maxstep
1.0,3.000000000000014,0.0,60.36516251948139,1.2110765980382034,1.2247448713915885,0.5355481791281176,1.0
2.0,-11.120523595493758,0.0,59.899580075343785,0.5669582271071317,1.3411012474302562,0.560274981166469,1.0
3.0,-17.705555797481168,0.0,59.68219019322867,0.2582354747783084,1.4894808718832557,0.6072411548599081,1.0
4.0,-20.783218278252967,0.0,59.580906572276255,0.11011219188302403,1.5717421856363676,0.6872914189465728,1.0
5.0,-22.13910841334079,0.0,59.53656550422469,0.041414996268145765,1.6081855024452263,0.8185774521813439,1.0
6.0,-22.642133422036043,0.0,59.52028331764162,0.011326918935712376,1.620565945509319,0.9868368557114471,1.0
7.0,-22.751982692749653,0.0,59.516805978734276,0.001218689611000576,1.6225411192187373,1.0,1.0
8.0,-22.75344769537732,0.0,59.516777363172224,1.4531071871045552e-05,1.6223820721645077,0.0,0.0
