iter,val,proj,gnorm,dnorm,xnorm,step,maxstep
1.0,2.9999999999999964,0.0,58.86419206956977,1.2121977036470875,1.2247448713915885,0.5440634198407086,1.0
2.0,-11.58012826872229,0.0,58.37172082371105,0.5586447908864004,1.3375273759199846,0.5716170392958617,1.0
3.0,-18.28954456576902,0.0,58.14474321337835,0.24702415783514756,1.4855915027868367,0.6146083404186371,1.0
4.0,-21.322168512890144,0.0,58.042392884292845,0.10421941064458055,1.5654052551344162,0.6951624913600343,1.0
5.0,-22.633029489334838,0.0,57.99839623285369,0.03789139170749389,1.6004286511572572,0.8157636498159906,1.0
6.0,-23.1002463844856,0.0,57.98285355113828,0.010159547962788774,1.6120624425901566,0.9709048158310348,1.0
7.0,-23.20255145257033,0.0,57.97951252697704,0.001178590591395966,1.6140557272723652,1.0,1.0
8.0,-23.205616136794525,0.0,57.97942659964918,2.7503551344379827e-05,1.6139765933299839,0.0,0.0
