iter,val,proj,gnorm,dnorm,xnorm,step,maxstep
1.0,3.0000000000000036,0.0,57.12184515579482,1.2102836444404264,1.2247448713915892,0.5412912373569647,1.0
2.0,-11.4227625315703,0.0,56.61955883872269,0.5586761886428419,1.3375891897507421,0.5652610521620864,1.0
3.0,-18.057836653017603,0.0,56.388001804376124,0.25024865884317415,1.484074109369402,0.6065324081588183,1.0
4.0,-21.094814493545137,0.0,56.28223836157784,0.10780959344733702,1.5640960944169748,0.6926308511042402,1.0
5.0,-22.4477968033394,0.0,56.235419515563024,0.04084329171830446,1.5998873565461658,0.8401639128847287,1.0
6.0,-22.95036143747373,0.0,56.21823113291183,0.010628449196339776,1.6119494897378637,1.0,1.0
7.0,-23.045830711574823,0.0,56.215058151127664,0.000995323009571448,1.613474265925028,0.0,0.0
