iter,val,proj,gnorm,dnorm,xnorm,step,maxstep
1.0,3.0000000000000107,0.0,58.78478156804361,1.2012137611599356,1.2247448713915885,0.5445717981862446,1.0
2.0,-11.612050009429439,0.0,58.291000517042086,0.5604496601158672,1.3297365092141642,0.596883741799717,1.0
3.0,-18.627186318402334,0.0,58.05427484465745,0.24164120060005592,1.4742461475510098,0.6737625475691966,1.0
4.0,-21.76114487232788,0.0,57.949029012858226,0.09106311508726102,1.5522765815178765,0.7894283353656525,1.0
5.0,-22.94943348941605,0.0,57.90944482058646,0.026783008217077336,1.582251903852481,0.9550375389966459,1.0
6.0,-23.251193336564935,0.0,57.89955759406336,0.00383689335706263,1.5889428623275494,1.0,1.0
7.0,-23.265387398608752,0.0,57.89913774599686,0.00013225438608555727,1.5889046382178502,0.0,0.0
