iter,val,proj,gnorm,dnorm,xnorm,step,maxstep
1.0,2.9999999999999964,0.0,57.38579615202877,1.2120315796215875,1.2247448713915892,0.5388865559417937,1.0
2.0,-9.754082083236085,0.0,56.944182967206594,0.5651614511885003,1.3400637334018648,0.5587407514611075,1.0
3.0,-15.577944480069945,0.0,56.74212781361167,0.2540393484628733,1.49078409314558,0.5788585466958817,1.0
4.0,-18.18193224509454,0.0,56.6517967462385,0.11049662542501724,1.5741865352936022,0.6117031506654437,1.0
5.0,-19.32911591936287,0.0,56.61210812775377,0.04525287958265241,1.6127251275760326,0.6537004553796478,1.0
6.0,-19.803016837389833,0.0,56.59576430195761,0.017208974218617244,1.6286480689504603,0.7149609832828436,1.0
7.0,-19.982170738419498,0.0,56.589611101713096,0.005689903379599151,1.6345075556269875,0.7960613766325523,1.0
8.0,-20.038986630818375,0.0,56.58767073642141,0.0014676816439352436,1.6362704868091136,0.8919680156414944,1.0
9.0,-20.051966068781525,0.0,56.58723141602676,0.00024019335215056027,1.636635434165358,0.0,0.0
