iter,val,proj,gnorm,dnorm,xnorm,step,maxstep
1.0,3.0,0.0,56.75288163611254,1.2132642150642852,1.2247448713915892,0.5366182135643628,1.0
2.0,-10.509701133869473,0.0,56.27914716005378,0.5666642281353818,1.3420463960571494,0.5649003496375418,1.0
3.0,-16.821813714344767,0.0,56.05763677203758,0.25726010396629606,1.4900608941769655,0.6136463890474094,1.0
4.0,-19.744718130566316,0.0,55.955358233684855,0.10843611170435932,1.5725676883793125,0.6881879945634912,1.0
5.0,-20.999217664312603,0.0,55.91169384792128,0.039750406155414836,1.6091775091957226,0.8001570334293211,1.0
6.0,-21.45215942726238,0.0,55.89606745311626,0.01106843404006171,1.6216732487304302,0.9472402773245698,1.0
7.0,-21.559144376596937,0.0,55.89243848279948,0.001487797887663221,1.6241254950217665,1.0,1.0
8.0,-21.56510039358829,0.0,55.89225146327677,5.3989041205249615e-05,1.624121163468707,0.0,0.0
