iter,val,proj,gnorm,dnorm,xnorm,step,maxstep
1.0,3.0,0.0,57.7650139790808,1.198533009557934,1.2247448713915885,0.5403194514613894,1.0
2.0,-10.916802891209358,0.0,57.28629937808378,0.5630748801451373,1.3300945067963168,0.6008029001673761,1.0
3.0,-17.749170865741874,0.0,57.052092041581226,0.246232634791163,1.4712122628545345,0.7127393293282562,1.0
4.0,-20.92410800744611,0.0,56.94421943393056,0.09184139704908811,1.5472279625730065,0.913914762314214,1.0
5.0,-22.08402199721114,0.0,56.90551409927488,0.01991470642043157,1.5726578255567112,1.0,1.0
6.0,-22.192995311357883,0.0,56.902155962539084,0.0012911291684024927,1.572898056617717,1.0,1.0
7.0,-22.192996157477722,0.0,56.90218195210404,1.2560739669470201e-15,1.5726819013391076,0.0,0.0
