iter,val,proj,gnorm,dnorm,xnorm,step,maxstep
1.0,3.0000000000000036,0.0,57.927318494834545,1.2094997129208243,1.2247448713915892,0.5403024632004133,1.0
2.0,-10.067762959210885,0.0,57.47909241799029,0.5609817121071575,1.337579671785389,0.5727937766136203,1.0
3.0,-16.159865227651913,0.0,57.270274518447735,0.25121032761833056,1.4833178715301638,0.631769238767855,1.0
4.0,-18.971058110087714,0.0,57.17438372473857,0.10485120297161331,1.5631056229477192,0.7433115547148664,1.0
5.0,-20.177556340813034,0.0,57.133623677608036,0.03493894110113716,1.597051304308795,0.9030243306601975,1.0
6.0,-20.552269646633984,0.0,57.12116617019495,0.006969998045705782,1.6062776652471502,1.0,1.0
7.0,-20.59245478144931,0.0,57.11990180273462,0.00044152123948651103,1.6066309519831292,0.0,0.0
