iter,val,proj,gnorm,dnorm,xnorm,step,maxstep
1.0,2.9999999999999964,0.0,60.561673573328534,1.2099564248352088,1.2247448713915892,0.5328353265128805,1.0
2.0,-11.244965762404519,0.0,60.09318722520706,0.5720346680838163,1.3417484662875958,0.5623656193099672,1.0
3.0,-17.990332228149285,0.0,59.871166722301304,0.2618027601310651,1.4908862639543028,0.6203430150137473,1.0
4.0,-21.184206560593516,0.0,59.76647389922742,0.11038511156796983,1.5740394196047567,0.7131653782593895,1.0
5.0,-22.56575310384853,0.0,59.72149164276871,0.03945658868368509,1.6104862305996905,0.8549647876279208,1.0
6.0,-23.038972873357856,0.0,59.70625675776416,0.00934300058651392,1.6220129706608928,1.0,1.0
7.0,-23.119130499354313,0.0,59.70374548612296,0.0007541489495872827,1.6233749093393997,0.0,0.0
