iter,val,proj,gnorm,dnorm,xnorm,step,maxstep
1.0,3.0000000000000036,0.0,57.45905503923642,1.2105051837972445,1.2247448713915892,0.5339965936388442,1.0
2.0,-10.244680879857931,0.0,57.001013408044905,0.571640028220916,1.3415683547552606,0.560405877333975,1.0
3.0,-16.44501715583572,0.0,56.78632363419624,0.2593645655788149,1.4920498927453714,0.5974212726290258,1.0
4.0,-19.289723971831634,0.0,56.68801687556891,0.11193715409750879,1.5760213100693512,0.6555158913378835,1.0
5.0,-20.53404349420525,0.0,56.64518468972105,0.0423343815386645,1.6146500315504964,0.7264161344783165,1.0
6.0,-21.00698155192815,0.0,56.6289945470665,0.013886911380630446,1.6290616837364327,0.8343030609436759,1.0
7.0,-21.155332715384635,0.0,56.62396167908316,0.0032859737327680964,1.6332202448696993,0.9629639476034361,1.0
8.0,-21.183687661944717,0.0,56.62301650446257,0.00035174533637733765,1.633858634350675,0.0,0.0
