iter,val,proj,gnorm,dnorm,xnorm,step,maxstep
1.0,2.999999999999993,0.0,57.870824134468656,1.2108971880386874,1.2247448713915892,0.5322059833312633,1.0
2.0,-10.596698746098788,0.0,57.40296054922254,0.5725047935452822,1.3426922931804581,0.5633217240582503,1.0
3.0,-17.049798665120036,0.0,57.18082898879501,0.26082689696607647,1.4913168952286446,0.6170778563850347,1.0
4.0,-20.07449004384039,0.0,57.07710443973524,0.10829895713894838,1.574167974663657,0.6945191466755218,1.0
5.0,-21.365839247867942,0.0,57.03309315704074,0.039787697802583614,1.6099147577198551,0.8251845888258428,1.0
6.0,-21.832677487367462,0.0,57.01735291369123,0.010572663308080356,1.621640645598014,0.9912836047508217,1.0
7.0,-21.930564846381873,0.0,57.01412926682238,0.001062575757874291,1.6233763141150437,1.0,1.0
8.0,-21.931425573008568,0.0,57.01411726219088,8.635492259821624e-06,1.6232240060139789,0.0,0.0
