iter,val,proj,gnorm,dnorm,xnorm,step,maxstep
1.0,3.000000000000014,0.0,57.84606437782262,1.2053980884853503,1.2247448713915885,0.5215215660796358,1.0
2.0,-10.7096013936215,0.0,57.37314786106371,0.5809218994713771,1.344658439804436,0.5587009101313716,1.0
3.0,-17.455660152577522,0.0,57.14064584186951,0.27108208963839714,1.489916601456017,0.6347104505944645,1.0
4.0,-20.771487917733342,0.0,57.02706374534551,0.11623054034751994,1.5721895910471626,0.7810317957821428,1.0
5.0,-22.248272274140888,0.0,56.977074697300594,0.038706753692205595,1.607298709125734,1.0,1.0
6.0,-22.66067107291454,0.0,56.96350746546376,0.005199025532771876,1.6143031127518916,1.0000000000002365,5.423406330750119
7.0,-22.66068458784776,0.0,56.963619631033104,5.532665223068701e-15,1.6132611498162763,0.0,0.0
