iter,val,proj,gnorm,dnorm,xnorm,step,maxstep
1.0,3.0,0.0,57.50155406597286,1.2069451934532898,1.2247448713915885,0.5315138479773023,1.0
2.0,-11.172342831992221,0.0,57.01013225403245,0.5703436571265754,1.3402652908893558,0.5705710105528747,1.0
3.0,-18.019929797922472,0.0,56.77283484624796,0.26102186086752566,1.484620372967092,0.6437873886709162,1.0
4.0,-21.27512669340314,0.0,56.66055561809952,0.10754361091452519,1.5661898653502815,0.7644799638526719,1.0
5.0,-22.63989957746253,0.0,56.61388538554893,0.03461693356994291,1.6008100266785035,0.9351093311946946,1.0
6.0,-23.031587986495648,0.0,56.600709723985766,0.005700824121001728,1.609696944927677,1.0,1.0
7.0,-23.05873534123107,0.0,56.59986098312191,0.0002639304313605381,1.6098404701902054,0.0,0.0
