iter,val,proj,gnorm,dnorm,xnorm,step,maxstep
1.0,3.0,0.0,56.62096002366968,1.203342818732027,1.2247448713915892,0.5507049735317494,1.0
2.0,-10.245519142840443,0.0,56.15739996570813,0.5523130412701386,1.32805220272253,0.6039416859067158,1.0
3.0,-16.49450066715822,0.0,55.939345944664964,0.23688534858224986,1.470991847628824,0.6955101444062912,1.0
4.0,-19.28788868251563,0.0,55.842595884096006,0.08804424743028719,1.5468673355680043,0.8487188713376778,1.0
5.0,-20.316794706181227,0.0,55.80743037032981,0.02224723268026683,1.5743717816995109,1.0,1.0
6.0,-20.499593714569972,0.0,55.80139061008984,0.0020649218885346937,1.5779192393493808,1.0,1.0
7.0,-20.49959584652116,0.0,55.8014278220779,0.0,1.5776292340086033,0.0,0.0
