iter,val,proj,gnorm,dnorm,xnorm,step,maxstep
1.0,3.0000000000000213,0.0,59.949357928201366,1.2046672332462363,1.2247448713915885,0.5403418634370399,1.0
2.0,-12.230879096803967,0.0,59.44388641197501,0.5698483262104609,1.3342752635454884,0.5860127008223,1.0
3.0,-19.543931141631923,0.0,59.201093912313844,0.2467961371712954,1.4843971964303448,0.6320897215316198,1.0
4.0,-22.750378758443304,0.0,59.094790147481966,0.09625943366322884,1.566706595892893,0.679503431236451,1.0
5.0,-24.008270498592676,0.0,59.05318228519407,0.03377302512352475,1.6011051712972435,0.7389270694265299,1.0
6.0,-24.445246920116343,0.0,59.03877363384244,0.0099480091687737,1.6131169924641178,0.803634544240813,1.0
7.0,-24.569170776857405,0.0,59.034702178194316,0.0023734617931517846,1.616445239729806,0.8826206258295829,1.0
8.0,-24.595886776066003,0.0,59.03382916875258,0.0003880125231843086,1.6171255556396498,0.0,0.0
