iter,val,proj,gnorm,dnorm,xnorm,step,maxstep
1.0,3.0,0.0,57.111969393488785,1.2065867146624807,1.2247448713915885,0.5528540031479615,1.0
2.0,-10.437691376460979,0.0,56.63658664490746,0.5499553946175135,1.3262511339590808,0.5991294716648329,1.0
3.0,-16.67326205421461,0.0,56.41623412692657,0.23293665008559641,1.4693791000128835,0.6739424651536482,1.0
4.0,-19.429349106986304,0.0,56.31942406229447,0.08957044797306296,1.5434781383526215,0.8206450936122577,1.0
5.0,-20.51441121816812,0.0,56.281789093449966,0.025854391878554206,1.57074111077659,1.0,1.0
6.0,-20.75080668042412,0.0,56.27385144748826,0.002916845922790754,1.5744248677247725,1.0,6.31184574161808
7.0,-20.750810934419192,0.0,56.27390901618966,1.2362920382602608e-15,1.5738290602446392,0.0,0.0
