iter,val,proj,gnorm,dnorm,xnorm,step,maxstep
1.0,20.00000000000003,0.0,46.16246317086427,8.639219886077678,10.0,0.5095814645431821,1.0
2.0,-45.53608828844594,0.0,43.26483698539904,3.7715471567644236,10.575424044913623,0.5828879054503932,1.0
3.0,-67.71304349768079,0.0,42.28526448141768,1.9555096377385093,11.00887890732843,1.0,1.0
4.0,-80.51473755759864,0.0,41.79409597872467,1.4481275861052678,10.780799901062439,1.0,1.0
5.0,-82.4548722807725,0.0,41.80697858736279,1.059451825974562,9.967284140868157,1.0,1.0
6.0,-83.48898480259548,0.0,41.81609621547831,0.6597592018934927,9.704275467783283,1.0,1.0
7.0,-83.8794804966605,0.0,41.822723203999324,0.1146785814888399,9.655675679980261,0.9999999922164163,1.0
8.0,-83.89197278819665,0.0,41.8245335941674,6.101530465785791e-07,9.654287280840009,0.0,0.0
