iter,val,proj,gnorm,dnorm,xnorm,step,maxstep
1.0,20.0,0.0,49.216188860999786,8.761152992351844,10.0,0.5086624793243588,1.0
2.0,-51.96972229334699,0.0,46.22928114743346,3.883413337512756,10.616678124634914,0.5724559030917837,1.0
3.0,-76.89349117461649,0.0,45.18696573881794,2.0146060021045273,11.125195629475739,1.0,1.0
4.0,-91.56349341812731,0.0,44.63100185978491,1.3602023155149978,11.149290456534658,1.0,1.0
5.0,-93.29227400559188,0.0,44.6410034902003,0.9835966673154004,10.470261201837546,1.0,1.0
6.0,-94.18727143473528,0.0,44.64857222656705,0.6036657336115732,10.246576165178247,1.0,1.0
7.0,-94.5059405154636,0.0,44.653623930759984,0.10522503293714029,10.207465691322245,1.0,1.0
8.0,-94.51877876393813,0.0,44.654473101325124,0.0018944156362331538,10.208718714111548,1.016300494846879,63.861444285849004
9.0,-94.5187805875932,0.0,44.65447569563549,0.00010154002534250226,10.208783080029617,0.0,0.0
