iter,val,proj,gnorm,dnorm,xnorm,step,maxstep
1.0,20.0,0.0,47.747192650477366,8.53749790295453,10.0,0.5097409794780723,1.0
2.0,-48.65247705593097,0.0,44.81873940703542,3.758955823891672,10.54519760888853,0.5859138062935614,1.0
3.0,-73.00342957438576,0.0,43.77717430957158,1.979972897441649,10.964972567337693,1.0,1.0
4.0,-87.00691826198756,0.0,43.24171706334461,1.4123284291333504,10.844093256393343,1.0,1.0
5.0,-88.90841150685746,0.0,43.25143385140275,1.0879369840754296,10.114995544937013,1.0,1.0
6.0,-90.04332134345893,0.0,43.259421347979924,0.6984671451402039,9.845272406998232,1.0,1.0
7.0,-90.47840527332421,0.0,43.26614825742192,0.13237672772736953,9.790527362997498,0.9996823465183936,1.0
8.0,-90.49806950860432,0.0,43.267488438176144,0.0010394516655636268,9.793139588482962,0.9599067308671425,1.0
9.0,-90.49807335243004,0.0,43.267484016566875,8.159533474887531e-05,9.793120222733956,0.0,0.0
