iter,val,proj,gnorm,dnorm,xnorm,step,maxstep
1.0,20.000000000000057,0.0,46.60018957044059,8.776003747197999,10.0,0.5089807213556699,1.0
2.0,-43.36084898076402,0.0,43.83032772064149,3.780691395225061,10.60869986801361,0.5794440277839048,1.0
3.0,-63.85590478377321,0.0,42.94107086200203,1.9772803482406776,11.050237220753164,1.0,1.0
4.0,-75.51937214501227,0.0,42.50895607840674,1.4381429098221359,10.873538129202752,1.0,1.0
5.0,-77.40914776044754,0.0,42.52166422873414,1.0132000504399084,10.079798495075856,1.0,1.0
6.0,-78.33125898534097,0.0,42.531860556468175,0.5916450387116217,9.817919291131524,1.0,1.0
7.0,-78.62669881064961,0.0,42.53857283364626,0.0946748460459151,9.768482486361144,0.9999999977590573,1.0
8.0,-78.63716744666178,0.0,42.53967852630421,1.8111068678398036e-08,9.76800216992225,0.0,0.0
