iter,val,proj,gnorm,dnorm,xnorm,step,maxstep
1.0,19.99999999999997,0.0,47.57773975297691,8.555761112506923,10.0,0.5101265305299011,1.0
2.0,-47.19804404908845,0.0,44.69581464755565,3.7692885159647065,10.544715217675106,0.5819430769204021,1.0
3.0,-70.46438569786963,0.0,43.696322095819895,1.9730950033314172,10.980152921219966,1.0,1.0
4.0,-83.95341083114626,0.0,43.18454760350803,1.4436633016234244,10.838851490283298,1.0,1.0
5.0,-85.89875661945523,0.0,43.196427398210766,1.0800960678241869,10.050902141638119,1.0,1.0
6.0,-87.01598435486792,0.0,43.204573139760434,0.6970484914397166,9.785473637355405,1.0,1.0
7.0,-87.44380870665715,0.0,43.212297293968696,0.10892325279760752,9.726846187796347,0.9999999469226809,1.0
8.0,-87.45813192733303,0.0,43.21362778555787,3.3049484430198237e-07,9.727514748276825,0.0,0.0
