iter,val,proj,gnorm,dnorm,xnorm,step,maxstep
1.0,19.99999999999997,0.0,46.96459308885365,8.400880992761738,10.0,0.5114338954492365,1.0
2.0,-49.66693420648781,0.0,43.93655329792851,3.735332197023129,10.484333571285024,0.5884051685265661,1.0
3.0,-74.96965326783803,0.0,42.82817742356594,1.965242525117107,10.886290491565466,1.0,1.0
4.0,-89.62601231105478,0.0,42.25252705324994,1.4377718282117844,10.727552576175603,1.0,1.0
5.0,-91.57362968204035,0.0,42.263282714868204,1.0977452431240453,9.972269358807056,1.0,1.0
6.0,-92.72679502094164,0.0,42.27064319592087,0.7323562052473882,9.716048374909919,1.0,1.0
7.0,-93.20567962277454,0.0,42.277433401215184,0.12473228377689874,9.665773016678902,1.0,1.0
8.0,-93.22341672985107,0.0,42.27928639822127,4.705040823708615e-15,9.663743498712197,0.0,0.0
