iter,val,proj,gnorm,dnorm,xnorm,step,maxstep
1.0,30.0,0.0,57.158423316270714,10.988437540224679,12.24744871391589,0.50692410086869,1.0
2.0,-80.91753180436757,0.0,53.169903555447696,4.805964675295412,13.111792914505312,0.5665011370722149,1.0
3.0,-118.70954403720083,0.0,51.79153453623426,2.462669732703644,13.777584011937167,1.0,1.0
4.0,-141.58654602793536,0.0,51.032283845880336,1.6809794516151761,13.75306760137542,1.0,1.0
5.0,-144.154286372416,0.0,51.04840763376889,1.1702930126058861,12.842748852443238,1.0,1.0
6.0,-145.3678496134542,0.0,51.0603777873473,0.7229940106393098,12.561381994841144,1.0,1.0
7.0,-145.83927142413444,0.0,51.066623132694666,0.1325008952748286,12.512444317275424,0.9999952745555295,1.0
8.0,-145.85735676210345,0.0,51.068298378646965,0.00017483696822701591,12.512106506824837,0.0,0.0
