iter,val,proj,gnorm,dnorm,xnorm,step,maxstep
1.0,30.000000000000114,0.0,60.04662007143117,10.672638668273114,12.24744871391589,0.50929793285056,1.0
2.0,-78.05735709954382,0.0,56.37231323904393,4.683008868273863,12.975728338568127,0.577683397735507,1.0
3.0,-116.1312626615323,0.0,55.06844165535941,2.439610359240464,13.55213974176057,1.0,1.0
4.0,-138.56074329301183,0.0,54.373579391167446,1.7132735229991107,13.495006022680643,1.0,1.0
5.0,-141.31210350354056,0.0,54.38673794780805,1.252114430024273,12.59950724780581,1.0,1.0
6.0,-142.75605823372533,0.0,54.39680504830736,0.7663620454624985,12.304391408927271,1.0,1.0
7.0,-143.26633721218485,0.0,54.40468739062538,0.14575953701513217,12.244093267574799,0.9999999746945367,1.0
8.0,-143.28523100049986,0.0,54.406554125710336,4.1019299752940826e-07,12.244100848813005,0.0,0.0
