iter,val,proj,gnorm,dnorm,xnorm,step,maxstep
1.0,29.999999999999943,0.0,57.85356891327276,10.512912991858164,12.24744871391589,0.5102767516194159,1.0
2.0,-65.79820177988205,0.0,54.483257938216894,4.484161544359102,12.897220872699261,0.5998372843136458,1.0
3.0,-99.1822703668227,0.0,53.32127031397065,2.3798139444810245,13.304986155181707,1.0,1.0
4.0,-117.70687333804176,0.0,52.768942620629694,1.7767991436651844,12.91497978992706,1.0,1.0
5.0,-120.66538712550246,0.0,52.78421577191614,1.2827074486706105,11.922339874947221,1.0,1.0
6.0,-122.16287514122315,0.0,52.795931966977214,0.7261607679519555,11.588103343863638,1.0,1.0
7.0,-122.58753236880989,0.0,52.80537917006639,0.12569767827483133,11.52502490483775,1.0,1.0
8.0,-122.59918722680422,0.0,52.80688062816049,0.0002528417627142211,11.525826992539287,0.0,0.0
