iter,val,proj,gnorm,dnorm,xnorm,step,maxstep
1.0,30.0,0.0,58.302924146238155,10.649383269875685,12.24744871391589,0.5088628591697416,1.0
2.0,-76.90387293702534,0.0,54.54860667951018,4.716399433881516,12.982814350316893,0.5740946280971984,1.0
3.0,-114.11629688661657,0.0,53.23225937582978,2.4498705726435355,13.58521551112941,1.0,1.0
4.0,-136.06526050012528,0.0,52.529304850313885,1.715481105815612,13.566944393995673,1.0,1.0
5.0,-138.77847531765593,0.0,52.54507548456291,1.255149861931797,12.661664930805987,1.0,1.0
6.0,-140.24969515904547,0.0,52.55308459816634,0.7999593674870127,12.37785893228386,1.0,1.0
7.0,-140.83384196534814,0.0,52.56246987336015,0.14098987826214335,12.322088926884708,0.9982046502374625,1.0
8.0,-140.8557483697066,0.0,52.56366937794542,0.004128443385246347,12.322440668648163,1.0,1.0
9.0,-140.85577844868016,0.0,52.56374292154319,7.426089013312615e-06,12.32236972801033,0.0,0.0
