iter,val,proj,gnorm,dnorm,xnorm,step,maxstep
1.0,29.999999999999943,0.0,62.796157063976445,10.86193401298385,12.24744871391589,0.5082468293556536,1.0
2.0,-87.27231346729081,0.0,58.97821900348406,4.761107643392471,13.04318970425865,0.569101472883521,1.0
3.0,-129.20775624213996,0.0,57.59493330019269,2.4731653050624036,13.683011801704977,0.9994327842723078,1.0
4.0,-154.75408339728926,0.0,56.81325228079575,1.6672224795719754,13.780762295324202,1.0,1.0
5.0,-157.37139771773195,0.0,56.82455079613254,1.2079017875250786,12.957175077409715,1.0,1.0
6.0,-158.6995158892959,0.0,56.83429659993598,0.6954044972440984,12.680635040333081,1.0,1.0
7.0,-159.09736957360053,0.0,56.84225892682631,0.12145614708124867,12.618734351805875,1.0,1.0
8.0,-159.112762383588,0.0,56.84349858051881,7.249980175063963e-06,12.620392688195755,0.0,0.0
