iter,val,proj,gnorm,dnorm,xnorm,step,maxstep
1.0,30.000000000000057,0.0,60.768017673809304,10.707301594548447,12.24744871391589,0.5085699234831988,1.0
2.0,-80.81155950527955,0.0,57.041826504154834,4.6709953805383435,13.000093170428444,0.5815425003600421,1.0
3.0,-120.62666569526155,0.0,55.694675083263725,2.453178455039541,13.550434922068739,1.0,1.0
4.0,-144.14127728301128,0.0,54.97187729052267,1.6489430686583573,13.425921829909413,1.0,1.0
5.0,-146.70548804042514,0.0,54.9850769638786,1.217907572657645,12.599170088250565,1.0,1.0
6.0,-148.0741372050226,0.0,54.99323999731788,0.7508950093068357,12.331243117066933,1.0,1.0
7.0,-148.5606120568392,0.0,55.00029627845051,0.09673257950705408,12.278188193028715,0.9999965555531478,1.0
8.0,-148.5736101063839,0.0,55.00100593215438,1.3683311051314675e-06,12.28056208142529,0.0,0.0
