iter,val,proj,gnorm,dnorm,xnorm,step,maxstep
1.0,30.00000000000017,0.0,56.79108468767259,10.546559390712128,12.24744871391589,0.5096007904379115,1.0
2.0,-71.185167927821,0.0,53.15019271310366,4.61983209257305,12.95107826098526,0.5847773280095607,1.0
3.0,-106.26099081696617,0.0,51.88554853378618,2.413860743547379,13.476412342024238,1.0,1.0
4.0,-126.47727910384418,0.0,51.24215558988588,1.7448519266025542,13.251685419973615,1.0,1.0
5.0,-129.33386771736875,0.0,51.256894921217544,1.304999408816198,12.309797781538236,1.0,1.0
6.0,-130.9253606667844,0.0,51.267697221827326,0.787144024635064,11.985277120753784,1.0,1.0
7.0,-131.46911917209258,0.0,51.27601033736797,0.16542381237492731,11.931792211507629,1.0,1.0
8.0,-131.49186685611892,0.0,51.27809675730674,1.8642854254252974e-06,11.935487704135992,0.0,0.0
