iter,val,proj,gnorm,dnorm,xnorm,step,maxstep
1.0,30.000000000000057,0.0,58.02301177983611,10.54303137800294,12.24744871391589,0.5099467888692109,1.0
2.0,-71.8424893530999,0.0,54.44145824122844,4.590044318670886,12.929354439603133,0.5852494222857351,1.0
3.0,-107.36889063300947,0.0,53.190681994417226,2.405751892697208,13.433854379864567,1.0,1.0
4.0,-128.0682547527158,0.0,52.54869326893579,1.757277990419908,13.15607412068088,1.0,1.0
5.0,-130.91487226348917,0.0,52.56445331272788,1.2788470210867575,12.17346510992654,1.0,1.0
6.0,-132.43765813449716,0.0,52.574477659875626,0.7983489411506154,11.862337954356803,1.0,1.0
7.0,-132.9958314868339,0.0,52.58175754240641,0.14513107520642446,11.80758213850532,0.9999999996397524,1.0
8.0,-133.01606265454072,0.0,52.58378776385001,1.4200865072760689e-08,11.806749255915875,0.0,0.0
