iter,val,proj,gnorm,dnorm,xnorm,step,maxstep
1.0,29.999999999999943,0.0,57.82542489253841,10.587455451828095,12.24744871391589,0.5093943318209166,1.0
2.0,-69.79719123653871,0.0,54.305027256240706,4.642546043677054,12.960476288454904,0.5803570908435097,1.0
3.0,-103.67544443409065,0.0,53.11074427933368,2.425935716431,13.509132661046834,1.0,1.0
4.0,-123.19045648834958,0.0,52.50613771090305,1.7301282210905282,13.349455235426781,1.0,1.0
5.0,-125.97692612841331,0.0,52.52006150904083,1.301187682903737,12.43348508084396,1.0,1.0
6.0,-127.5775826926105,0.0,52.52972441032206,0.8609438754906651,12.124480340456374,1.0,1.0
7.0,-128.24357391558544,0.0,52.5386317753548,0.14603981133110455,12.050168834530592,0.9999999999999686,1.0
8.0,-128.26575673163973,0.0,52.540699356575665,6.426099332896505e-13,12.049913767545116,0.0,0.0
