iter,val,proj,gnorm,dnorm,xnorm,step,maxstep
1.0,30.0,0.0,59.53931884060314,10.447659868107559,12.24744871391589,0.5089603512537451,1.0
2.0,-72.79791146716121,0.0,55.9896976549133,4.555734815218696,12.889837980519749,0.5924210451063084,1.0
3.0,-110.00697080450234,0.0,54.71601052927255,2.41701962766625,13.353538953969318,1.0,1.0
4.0,-131.3483887345788,0.0,54.07058304497222,1.749208256745867,13.084533147257087,1.0,1.0
5.0,-134.23030589534105,0.0,54.08392799779164,1.3184830898354918,12.152136447639638,1.0,1.0
6.0,-135.83951729204563,0.0,54.09467587796718,0.8369852497759337,11.833868360293735,1.0,1.0
7.0,-136.47409338630047,0.0,54.10363124376202,0.16048771917743596,11.778003745999866,0.9999912737539786,1.0
8.0,-136.4982446603271,0.0,54.1078787739348,0.00018117381765083115,11.778576152340616,0.0,0.0
