iter,val,proj,gnorm,dnorm,xnorm,step,maxstep
1.0,29.999999999999943,0.0,58.069501237773686,10.555953814085685,12.24744871391589,0.5097300253003367,1.0
2.0,-75.88620332406705,0.0,54.342385670930696,4.559092483706721,12.942955700010067,0.5913470254669737,1.0
3.0,-114.14552809783629,0.0,52.98966150924747,2.4031254480206896,13.417856166875548,1.0,1.0
4.0,-136.43864191353845,0.0,52.28610094300441,1.7542790752596737,13.085112183707619,1.0,1.0
5.0,-139.34392855437127,0.0,52.30071641545743,1.3060178334251886,12.119795147232049,1.0,1.0
6.0,-140.89971359094386,0.0,52.312536487738306,0.8200240411776086,11.781525614375683,1.0,1.0
7.0,-141.48700146432597,0.0,52.32061843630068,0.13100026843527615,11.72021072363061,0.9999999806126995,1.0
8.0,-141.50515906513317,0.0,52.322392607469844,3.189333850709038e-07,11.719750040657368,0.0,0.0
