iter,val,proj,gnorm,dnorm,xnorm,step,maxstep
1.0,29.999999999999943,0.0,57.15723513258841,10.612942474981796,12.24744871391589,0.5092740990982745,1.0
2.0,-68.95967128489349,0.0,53.62121170591164,4.649386442257881,12.961752444917773,0.5791094865639165,1.0
3.0,-102.24988213966859,0.0,52.43127817217122,2.4055008210072826,13.516356665194495,1.0,1.0
4.0,-121.57438268005063,0.0,51.82901505329351,1.768429510414268,13.287112655442655,1.0,1.0
5.0,-124.43584665059815,0.0,51.846316038176454,1.2844983482342234,12.262400815648693,1.0,1.0
6.0,-125.9648937154566,0.0,51.85651607798421,0.8227265531183773,11.955195700021218,1.0,1.0
7.0,-126.58037902336146,0.0,51.86470655922557,0.141144222013997,11.887875850346914,0.9999999975658945,1.0
8.0,-126.60252221483921,0.0,51.8667026235503,4.268923732354192e-07,11.886134529098628,0.0,0.0
