iter,val,proj,gnorm,dnorm,xnorm,step,maxstep
1.0,29.999999999999943,0.0,59.995141519988096,10.620553391177017,12.24744871391589,0.5094158183346073,1.0
2.0,-76.44002329311422,0.0,56.37617246203157,4.673243385552504,12.958912917237368,0.5762581686226532,1.0
3.0,-113.61111373685074,0.0,55.10596298984307,2.430949873700595,13.530477018600983,1.0,1.0
4.0,-135.75945652862578,0.0,54.42740225761152,1.7397069821090494,13.390060734914982,1.0,1.0
5.0,-138.52401111485983,0.0,54.442134878834146,1.2458846964670816,12.44415284711916,1.0,1.0
6.0,-139.9548398752085,0.0,54.451727127375115,0.7892105154471378,12.152426781242333,1.0,1.0
7.0,-140.53734987670512,0.0,54.458038257715664,0.13469955182343826,12.09926117127436,0.9999999843925672,1.0
8.0,-140.555820705901,0.0,54.45975455019572,7.926048481605222e-07,12.098489679430834,0.0,0.0
