iter,val,proj,gnorm,dnorm,xnorm,step,maxstep
1.0,29.999999999999943,0.0,58.67579052728987,10.396197445861315,12.24744871391589,0.5112990130436434,1.0
2.0,-68.51138400336532,0.0,55.26345820039665,4.495355741536416,12.870366938273978,0.595118401469282,1.0
3.0,-103.30357665256892,0.0,54.064353876027425,2.401930079377735,13.308674158440093,1.0,1.0
4.0,-122.92067232607235,0.0,53.47217017416058,1.7578147825937345,13.039703496916438,1.0,1.0
5.0,-125.90427914711753,0.0,53.48312860261668,1.3591127125801135,12.146638933855712,1.0,1.0
6.0,-127.64064761079388,0.0,53.49479848979334,0.8442717184690292,11.794560881969756,1.0,1.0
7.0,-128.2245422231808,0.0,53.505121877360665,0.14258816265441554,11.723081625300564,1.0,1.0
8.0,-128.24089214499833,0.0,53.50699077692555,0.00020956798631581022,11.725380057192787,0.0,0.0
