iter,val,proj,gnorm,dnorm,xnorm,step,maxstep
1.0,30.0,0.0,59.0920328640283,10.556599604973703,12.24744871391589,0.5096105070977945,1.0
2.0,-78.31080743739213,0.0,55.34560397368016,4.578272243104177,12.948549442713754,0.5893921166752825,1.0
3.0,-117.78529536910804,0.0,53.972254343301415,2.4091862862477664,13.436023505566329,1.0,1.0
4.0,-140.8583713011218,0.0,53.24934315917537,1.7181675252189903,13.167881934764953,1.0,1.0
5.0,-143.64296288455841,0.0,53.26281679443615,1.2930028753893834,12.268979621851269,1.0,1.0
6.0,-145.19451208048537,0.0,53.27248429514879,0.8241869756850054,11.957644078714615,1.0,1.0
7.0,-145.8228004035658,0.0,53.279940946495984,0.14444697714372504,11.896755266489322,0.9999999984470723,1.0
8.0,-145.8449600524674,0.0,53.28164575584173,1.4074099228753587e-08,11.898839724686873,0.0,0.0
