iter,val,proj,gnorm,dnorm,xnorm,step,maxstep
1.0,30.000000000000227,0.0,58.13456378096424,10.427082215963464,12.24744871391589,0.5107110391148197,1.0
2.0,-72.37136909118163,0.0,54.543604249728546,4.571479020150979,12.891408626936231,0.5850988346254055,1.0
3.0,-108.49004812592909,0.0,53.272729184246465,2.4057134146970545,13.393222969027367,1.0,1.0
4.0,-129.59774865094582,0.0,52.61406811415121,1.7768808376555285,13.153392111093982,1.0,1.0
5.0,-132.53466265003925,0.0,52.62843288698824,1.337917359507624,12.19572997929553,1.0,1.0
6.0,-134.2055331449651,0.0,52.63874114522854,0.8307905868615382,11.865033479418727,1.0,1.0
7.0,-134.83725742350722,0.0,52.6466794701977,0.15285722622317507,11.80791086486465,0.9999955171311803,1.0
8.0,-134.8629540047935,0.0,52.6486054650324,3.468591656822806e-05,11.80975948224849,0.0,0.0
