iter,val,proj,gnorm,dnorm,xnorm,step,maxstep
1.0,30.0,0.0,57.3598072870089,10.742606580744203,12.24744871391589,0.5090583836893441,1.0
2.0,-71.61768021156408,0.0,53.741572804971916,4.5749174307687035,12.988590992487204,0.5918923082596398,1.0
3.0,-106.95379560484179,0.0,52.48602184885864,2.410759448014642,13.460799749843762,1.0,1.0
4.0,-127.18380704959884,0.0,51.85686726622396,1.6877128171262648,13.1083214423468,1.0,1.0
5.0,-129.8993261901367,0.0,51.87168226840801,1.2047967914668243,12.207334654861208,1.0,1.0
6.0,-131.19497713811387,0.0,51.88278454676098,0.6999519118252396,11.914521785819833,1.0,1.0
7.0,-131.63039289390042,0.0,51.890158887168184,0.11492178962576219,11.857202613761789,0.9999999910251445,1.0
8.0,-131.64297033214314,0.0,51.89157059989295,9.033265804914536e-08,11.857359262421971,0.0,0.0
