iter,val,proj,gnorm,dnorm,xnorm,step,maxstep
1.0,30.000000000000114,0.0,59.057496966962624,10.666499721841168,12.24744871391589,0.5087451899265841,1.0
2.0,-79.33129376767394,0.0,55.26935984444209,4.740341787758077,12.995524496870066,0.5719199247668143,1.0
3.0,-117.59803658452867,0.0,53.92878413833135,2.4402728807642275,13.619487164816723,1.0,1.0
4.0,-140.5513393227586,0.0,53.19973910366467,1.718522560268144,13.55976665786501,1.0,1.0
5.0,-143.25114654099235,0.0,53.21494896083992,1.2436100943693549,12.623924908174503,1.0,1.0
6.0,-144.66699212716293,0.0,53.22404409479745,0.7743293417561009,12.344390971905716,1.0,1.0
7.0,-145.21465584445326,0.0,53.22987742069462,0.147813860132367,12.303966745477098,0.9999997526949032,1.0
8.0,-145.23993132086548,0.0,53.23122820540017,1.2636321312372963e-06,12.308705985160865,0.0,0.0
