iter,val,proj,gnorm,dnorm,xnorm,step,maxstep
1.0,29.999999999999886,0.0,58.8137289924912,10.986228239962092,12.24744871391589,0.5071185909028773,1.0
2.0,-75.74871708134958,0.0,55.13463657994233,4.773978051808837,13.10212970323959,0.5696101343480052,1.0
3.0,-110.97693845858345,0.0,53.90371889650868,2.4510417510631988,13.741317357893298,1.0,1.0
4.0,-131.87688735133003,0.0,53.25333273995203,1.6922298419271407,13.646099876514644,1.0,1.0
5.0,-134.46067888716036,0.0,53.269814888252654,1.14792740196483,12.701540701063502,1.0,1.0
6.0,-135.64251041601332,0.0,53.28046886061301,0.6719145367918524,12.430127970841497,1.0,1.0
7.0,-136.06254003301015,0.0,53.28633022110146,0.14524434950514445,12.384648991418338,0.9999992207960835,1.0
8.0,-136.08230105176153,0.0,53.28769486774976,7.5689697049069615e-06,12.38787538916114,0.0,0.0
