iter,val,proj,gnorm,dnorm,xnorm,step,maxstep
1.0,600.0,0.0,4325.430271181816,16.941376291283337,17.320508075688775,0.5141505824036663,1.0
2.0,-1081.894843032569,0.0,4322.882427117839,8.62451630816584,18.550159457189277,0.6640248095049798,1.0
3.0,-2073.9824963525316,0.0,4321.676271445156,3.5838050247029436,20.880580665546827,1.0,1.0
4.0,-2561.7202682166717,0.0,4321.290172654619,0.9511605118701417,22.319049758207182,1.0,1.0
5.0,-2562.2319135028047,0.0,4321.336118348836,0.09650690321397215,22.24136456051488,2.5100563400491014,7.799738018203553
6.0,-2562.243602310842,0.0,4321.337364027989,0.019445747035135942,22.241811703130978,0.7389655503640479,28.788980575708475
7.0,-2562.2437420261376,0.0,4321.338286936903,0.004321684867747363,22.241143451494366,0.8558059219944515,215.41483904808393
8.0,-2562.243750018042,0.0,4321.338051468212,0.001364344151712278,22.2410810710496,0.9491825933135196,261.7243964644742
9.0,-2562.243750901511,0.0,4321.338136804654,0.0007262369559828026,22.24104252326155,0.0,0.0
