iter,val,proj,gnorm,dnorm,xnorm,step,maxstep
1.0,599.9999999999927,0.0,4336.3855903759295,17.004739303731732,17.320508075688775,0.48340671725403567,1.0
2.0,-977.5031050971811,0.0,4333.97626096078,9.00895755088496,18.417178377851418,0.5911760867223093,1.0
3.0,-1910.8493227360595,0.0,4332.785967824522,4.249948022576198,20.503066703837337,0.8200058460140159,1.0
4.0,-2422.6710567608825,0.0,4332.304827502555,1.4610415412966054,21.95099440607786,1.0,1.0
5.0,-2533.835471513681,0.0,4332.206955852658,0.24248955806428396,22.207898088695917,0.9755302140922568,1.0
6.0,-2533.8689347362524,0.0,4332.222135097372,0.07675580592130118,22.184701396643398,1.0,1.0
7.0,-2533.873228475186,0.0,4332.219871649515,0.053058397118324746,22.18374562001014,4.665825985779452,4.665825985779452
8.0,-2533.882401218154,0.0,4332.216003152146,0.04226891205250762,22.17713025077059,0.9758482699405493,6.005364489392601
9.0,-2533.8832729729293,0.0,4332.217201326483,0.003532272287112726,22.17877808637923,0.9918185715933265,62.195785290897796
10.0,-2533.8832791604254,0.0,4332.217502688475,0.0004705939071531249,22.178774245622808,0.0,0.0
