iter,val,proj,gnorm,dnorm,xnorm,step,maxstep
1.0,600.0,0.0,4324.32483218317,17.028153213750684,17.320508075688775,0.4782482747525298,1.0
2.0,-963.9352962076955,0.0,4321.414209881194,9.175625245329206,18.326404491554534,0.6074674555364711,1.0
3.0,-1934.7046555444613,0.0,4320.033130809677,4.327252697625703,20.500567239965772,0.9296073653133827,1.0
4.0,-2499.335043835523,0.0,4319.694932766429,1.3395228908885592,22.082619612526525,1.0,1.0
5.0,-2542.3153300618615,0.0,4319.716190778391,0.3301836630809266,22.09122285858722,0.8686474255167294,1.0
6.0,-2542.3880797698075,0.0,4319.762971921499,0.0805533703243252,22.084506259203238,1.0,1.0
7.0,-2542.4034258962383,0.0,4319.763364061666,0.03332422010118285,22.085473697211967,1.0105072432638786,1.0124041195891973
8.0,-2542.4039869822227,0.0,4319.77008993597,0.0010806311520441972,22.085416479721317,1.0979752396044928,210.18604262671656
9.0,-2542.403987623249,0.0,4319.770091507276,5.2566909040127845e-05,22.085428047672767,0.0,0.0
