iter,val,proj,gnorm,dnorm,xnorm,step,maxstep
1.0,600.0,0.0,4323.763976495479,17.04362606176671,17.320508075688775,0.4639477239615542,1.0
2.0,-931.6613629090571,0.0,4321.130263642853,9.347841178384877,18.411592482227423,0.578537448418748,1.0
3.0,-1890.5839278655403,0.0,4319.813766163685,4.587668479015471,20.54030552989749,0.8283263423913387,1.0
4.0,-2449.9772252252988,0.0,4319.507756019145,1.6558841044872352,22.1347235784289,1.0,1.0
5.0,-2564.8513341125763,0.0,4319.558761231652,0.629119965740945,22.42587812121245,0.6179244587695234,1.0
6.0,-2565.0042690118426,0.0,4319.5391467519885,0.25952519576909044,22.42295300043476,1.0,1.0
7.0,-2565.0694681122077,0.0,4319.519909358283,0.17017982836024131,22.423930105400835,1.0,1.0
8.0,-2565.0975987139827,0.0,4319.54561146482,0.06631542069559479,22.426403871072363,1.0,1.0
9.0,-2565.0998012416785,0.0,4319.554403231244,0.001646167379877226,22.42776349728763,1.463964027205179,59.70397664351207
10.0,-2565.0998032251628,0.0,4319.554435893677,0.00043176456670823953,22.427864557436965,0.0,0.0
