iter,val,proj,gnorm,dnorm,xnorm,step,maxstep
1.0,600.0,0.0,4340.199958997972,17.009323799298283,17.320508075688775,0.5134498213316899,1.0
2.0,-1071.2753663026524,0.0,4337.432419574647,8.588069691456376,18.48076349687907,0.6593792691278032,1.0
3.0,-2051.7255808704103,0.0,4336.396064141147,3.5188116667846745,20.765012866159267,0.9432728459522463,1.0
4.0,-2515.3181996861967,0.0,4336.184783170712,1.020714407436542,22.153420391024564,1.0,1.0
5.0,-2543.371272533437,0.0,4336.205837706706,0.11563842930572392,22.17587480635312,1.0,1.0
6.0,-2543.379207130416,0.0,4336.205050010909,0.031034798877575393,22.17381885991995,3.10798866340356,9.688312616502275
7.0,-2543.380703873743,0.0,4336.2053116286215,0.02842599482131886,22.17627237161448,1.3378426786758204,4.782175213909395
8.0,-2543.3812443869792,0.0,4336.20604211647,0.025562445288286162,22.177843238577264,0.9620860706047142,26.498038404635608
9.0,-2543.3815587190984,0.0,4336.204516115112,0.02256519814089463,22.17796009821495,1.0955038841939615,3.043730778009234
10.0,-2543.3818376278796,0.0,4336.206086864291,0.02356695069566008,22.17917841724416,0.949518606538496,25.992999634071293
11.0,-2543.3821013097477,0.0,4336.204450345271,0.02143573344703775,22.17938723340362,1.0905762660681249,2.044841585422413
12.0,-2543.382351864595,0.0,4336.2059775419075,0.022438951974022223,22.180565277706712,0.9480880039284886,26.081670046955995
13.0,-2543.3825905488084,0.0,4336.204407545275,0.020433723831406757,22.18079922891305,1.024944871945256,1.024944871945256
14.0,-2543.382817264799,0.0,4336.205782866361,0.020147645324944643,22.1818752211976,0.9966786429773599,27.877489669152695
15.0,-2543.3830195544506,0.0,4336.204334368197,0.0008354479195190141,22.182147831740807,0.0,0.0
