iter,val,proj,gnorm,dnorm,xnorm,step,maxstep
1.0,30.0,0.0,3065.4437383008676,12.02146252132057,12.24744871391589,0.4501232503438596,1.0
2.0,-708.2964758379712,0.0,3064.2216547843327,6.5722782978140595,13.334060978233103,0.48573260028397025,1.0
3.0,-1117.1921646496849,0.0,3063.634498445355,3.5678485726115143,14.800917730603516,0.5759872317805383,1.0
4.0,-1357.3656492827322,0.0,3063.3700618351527,1.7009178847474793,15.846328658379672,0.7227448810770208,1.0
5.0,-1482.486459304011,0.0,3063.2336856956717,0.8230044526223435,16.40842256652035,1.0,1.0
6.0,-1530.2869218168016,0.0,3063.2055974377913,0.5805411351830619,16.564862183427344,1.0,1.0
7.0,-1530.6147557117583,0.0,3063.211131097895,0.406487633344587,16.513035764349365,1.0,1.0
8.0,-1530.7811795950256,0.0,3063.2051966354193,0.11943562340506046,16.501075824603223,1.0,1.0
9.0,-1530.7931500885352,0.0,3063.200316137818,1.929906500067962e-05,16.499673727414585,0.0,0.0
