iter,val,proj,gnorm,dnorm,xnorm,step,maxstep
1.0,30.000000000003638,0.0,3054.8456579283998,11.992806399393485,12.24744871391589,0.451647649168333,1.0
2.0,-716.6887504851074,0.0,3054.009236629709,6.614274296741482,13.331076680724292,0.49942936429658147,1.0
3.0,-1140.067420571413,0.0,3053.4649296218067,3.5319814579032185,14.852618539193122,0.5946098178505832,1.0
4.0,-1383.169933467012,0.0,3053.1912907307606,1.5718907448056036,15.934371179045755,0.7150967917913855,1.0
5.0,-1499.2345811124178,0.0,3053.0585871560074,0.730770938915205,16.47277648439493,1.0,1.0
6.0,-1545.2472440197307,0.0,3052.9972788530094,0.48529307092645263,16.64087177736359,1.0,1.0
7.0,-1545.465981913534,0.0,3052.9827491752662,0.25325533331326394,16.59746574873421,1.0,1.0
8.0,-1545.5069303922137,0.0,3052.9778325180987,0.03031925652452393,16.59116891716018,1.00035380814519,1.260160734418826
9.0,-1545.5073901834803,0.0,3052.9769140852477,0.0002207966106181828,16.591341404058735,0.0,0.0
