iter,val,proj,gnorm,dnorm,xnorm,step,maxstep
1.0,30.000000000003638,0.0,3047.480525741551,12.130027023009774,12.24744871391589,0.4530797580188112,1.0
2.0,-700.0633858248875,0.0,3046.467219916297,6.606273273171745,13.393227688400874,0.4814169039395741,1.0
3.0,-1095.008712963052,0.0,3045.946780340181,3.5111837164281154,14.889863374484024,0.5401429086239059,1.0
4.0,-1315.813290869246,0.0,3045.7799994223483,1.8014372228482158,15.902857325683186,0.6797983051146278,1.0
5.0,-1440.9516866344384,0.0,3045.763158888388,0.8358769464122973,16.489001289414364,1.0,1.0
6.0,-1499.4085042178922,0.0,3045.7589895540186,0.48003707777707183,16.7249639562167,1.0,1.0
7.0,-1499.6064758486973,0.0,3045.772122404558,0.2944704350429692,16.66640446862962,1.0,1.0
8.0,-1499.681778203616,0.0,3045.764546893839,0.13655508772796576,16.654621008893162,1.0,1.0
9.0,-1499.7016873507164,0.0,3045.7806593285372,6.135157163340581e-08,16.654217604635612,0.0,0.0
