iter,val,proj,gnorm,dnorm,xnorm,step,maxstep
1.0,600.0,0.0,91.31616523927622,15.75477917685273,17.320508075688775,1.0,1.0
2.0,-46.937199610084264,0.0,84.84630700999396,6.425134810534156,13.646368407340496,0.9999506477671184,1.0
3.0,-74.35100207805259,0.0,86.5815301286808,0.004451780751446685,9.794395234438857,0.9884163051002294,1.0
4.0,-74.35134228157824,0.0,86.58156260827484,6.728024447912803e-06,9.794451522651302,0.0,0.0
