iter,val,proj,gnorm,dnorm,xnorm,step,maxstep
1.0,600.0,0.0,89.53117702792697,15.713529166088158,17.320508075688775,1.0,1.0
2.0,-46.51002318972519,0.0,83.13963770913384,5.985737283590509,13.278669456981401,0.999999808789118,1.0
3.0,-71.8402721879932,0.0,84.77362124051159,2.1399063388454e-05,9.712113793001457,0.0,0.0
