iter,val,proj,gnorm,dnorm,xnorm,step,maxstep
1.0,600.0,0.0,87.36789928804286,15.744458813740776,17.320508075688775,1.0,1.0
2.0,-43.07481645902067,0.0,81.1063953246214,5.925625731285664,12.983397871137385,1.0,1.0
3.0,-68.8114348629886,0.0,82.79230573318017,0.012888312079682919,9.326707916313051,0.9999999983850552,25.44221407525965
4.0,-68.81151791728263,0.0,82.79239614355578,2.974950306639714e-09,9.326477071945105,0.0,0.0
