iter,val,proj,gnorm,dnorm,xnorm,step,maxstep
1.0,600.0000000000001,0.0,87.87188032587444,15.750160979598931,17.320508075688775,1.0,1.0
2.0,-32.50498968738779,0.0,81.82963663437761,6.521411116554398,13.107518728728742,0.99998330575204,1.0
3.0,-61.11557045089205,0.0,83.6956325864046,0.0018725869078741212,8.88016040361219,1.0,1.0
4.0,-61.11569484785353,0.0,83.69562574796052,1.4458401329075434e-07,8.880219425522853,0.0,0.0
