iter,val,proj,gnorm,dnorm,xnorm,step,maxstep
1.0,600.0,0.0,88.59490906370523,15.770921281543048,17.320508075688775,1.0,1.0
2.0,-41.436438027074274,0.0,82.44796178627736,6.239574590433037,13.026365316647048,1.0,1.0
3.0,-68.76339874864777,0.0,84.17786616742264,0.008890325359527385,9.133644530644204,1.017045457702028,3.8715652785466355
4.0,-68.76343894120869,0.0,84.17811031693746,7.959979194815534e-05,9.133388570811277,0.0,0.0
