iter,val,proj,gnorm,dnorm,xnorm,step,maxstep
1.0,600.0,0.0,91.1103010202831,15.89963673118372,17.320508075688775,1.0,1.0
2.0,-50.902320557155235,0.0,84.70576451132658,6.096728589635559,13.542223065680748,1.0,1.0
3.0,-77.02973696165577,0.0,86.31722813250143,7.23730786156551e-05,9.991526750005566,0.0,0.0
