iter,val,proj,gnorm,dnorm,xnorm,step,maxstep
1.0,600.0,0.0,85.43212435614836,15.70065665083237,17.320508075688775,1.0,1.0
2.0,-27.85891842007547,0.0,79.82773972807122,6.188962100908461,12.244877104607081,0.9999505943914127,1.0
3.0,-55.41171421769616,0.0,81.5962303376682,0.0045492496340795285,8.204961739065437,0.9887002849074292,1.0
4.0,-55.41213486666365,0.0,81.59626337839939,7.453751391794003e-06,8.204726828653982,0.0,0.0
