iter,val,proj,gnorm,dnorm,xnorm,step,maxstep
1.0,599.9999999999999,0.0,89.87755549639186,15.837861004972794,17.320508075688775,1.0,1.0
2.0,-46.13650261445022,0.0,83.74491965365986,6.2008575247868,13.07298702904147,0.9999954780508719,1.0
3.0,-72.08248414871296,0.0,85.37656814982246,0.0005313195518168708,9.372247069218998,0.0,0.0
