iter,val,proj,gnorm,dnorm,xnorm,step,maxstep
1.0,600.0,0.0,86.4373673824209,15.768485612966002,17.320508075688775,1.0,1.0
2.0,-24.546014093993165,0.0,81.18147720029143,6.109189592358836,11.997928838805995,0.9998462780766407,1.0
3.0,-50.70285738821046,0.0,82.87056835689644,0.012066511598366188,8.109284673112544,0.9725237805556481,1.0
4.0,-50.704049167620155,0.0,82.8706719823769,5.5290303676658866e-05,8.109682749111576,0.0,0.0
