iter,val,proj,gnorm,dnorm,xnorm,step,maxstep
1.0,599.9999999999998,0.0,92.73784795867866,15.685849549774456,17.320508075688775,1.0,1.0
2.0,-51.09542660440562,0.0,85.8505451766491,6.751691424605756,14.22300344577069,0.9997528767133236,1.0
3.0,-81.11283047564629,0.0,87.72095470318999,0.04242708357506332,10.209098336120476,0.9450089786516144,1.0
4.0,-81.11537015441587,0.0,87.72101300204498,0.0013130855650784398,10.21024435023705,0.9797675909607625,1.0
5.0,-81.11546731301635,0.0,87.72104812093767,4.409886133079687e-05,10.210212551865403,0.0,0.0
