iter,val,proj,gnorm,dnorm,xnorm,step,maxstep
1.0,599.9999999999998,0.0,87.11807496728908,15.59508753944026,17.320508075688775,1.0,1.0
2.0,-44.19802727117178,0.0,80.72013588736743,6.412790547990929,12.940056423403016,0.9999999679092914,1.0
3.0,-73.1850727404622,0.0,82.53682952311084,7.225575711077131e-06,9.09074011760028,0.0,0.0
