iter,val,proj,gnorm,dnorm,xnorm,step,maxstep
1.0,600.0000000000002,0.0,88.54316445669197,15.848552350500578,17.320508075688775,1.0,1.0
2.0,-33.0198650495565,0.0,82.40334396508885,6.676192344624002,13.447355342405363,0.9998508772999387,1.0
3.0,-61.16216484104517,0.0,84.28355304275304,0.011145360928505477,9.074552142074651,1.0,1.0
4.0,-61.16310035972353,0.0,84.2838124289356,1.6611865920002233e-06,9.07419190704329,0.0,0.0
