iter,val,proj,gnorm,dnorm,xnorm,step,maxstep
1.0,15.0,0.0,56.844560285066855,5.729501247101753,6.123724356957945,0.5149148274197645,1.0
2.0,-43.79670212922558,0.0,54.75625290470378,2.7853073381015605,6.585011962910904,0.6105056510452257,1.0
3.0,-70.74169262993655,0.0,53.79854779524294,1.4446668193363876,7.121815218456119,1.0,1.0
4.0,-86.3372976604276,0.0,53.27523366273627,0.6083145931227177,7.351226514862801,1.0,1.0
5.0,-86.61167372516118,0.0,53.289352721868745,1.0741918290702931e-09,7.165424405994279,0.0,0.0
