iter,val,proj,gnorm,dnorm,xnorm,step,maxstep
1.0,15.000000000000028,0.0,60.36516251948139,5.727896509159611,6.123724356957945,0.5154374922659358,1.0
2.0,-45.8061896407261,0.0,58.33591474458312,2.7909396796744246,6.578830738929602,0.6086759602530136,1.0
3.0,-73.76436207464178,0.0,57.402563071600575,1.4264194634934106,7.1205482919516,1.0,1.0
4.0,-90.02235516373013,0.0,56.88580821613295,0.6078774882140253,7.397515174204196,1.0,1.0
5.0,-90.26885421081727,0.0,56.90048792457226,4.819763479151899e-06,7.216268837565598,0.0,0.0
