iter,val,proj,gnorm,dnorm,xnorm,step,maxstep
1.0,15.0,0.0,57.12184515579482,5.703533903743401,6.123724356957945,0.5164168414255116,1.0
2.0,-46.66604219664873,0.0,54.94256825599969,2.7802056424546575,6.566612665898061,0.614662544007601,1.0
3.0,-75.33625556299177,0.0,53.92559560446673,1.4342687437376758,7.099778145808748,1.0,1.0
4.0,-91.72676667260114,0.0,53.3726907747466,0.5952975185488476,7.3505423334292646,1.0,1.0
5.0,-91.98115452234117,0.0,53.386784346230115,1.26093086555365e-08,7.200560947328748,0.0,0.0
