iter,val,proj,gnorm,dnorm,xnorm,step,maxstep
1.0,14.999999999999972,0.0,59.76943662109255,5.777153634393378,6.123724356957945,0.5123460406993008,1.0
2.0,-44.28464168548783,0.0,57.77113261775068,2.7827225515119447,6.611342573192253,0.6042089137571827,1.0
3.0,-71.43385600881416,0.0,56.857842505940006,1.4330598199389437,7.1393349944711915,1.0,1.0
4.0,-87.4941166353787,0.0,56.345117460190245,0.6107416708155546,7.383723169583619,1.0,1.0
5.0,-87.724665220656,0.0,56.36040148745196,1.341729503312424e-10,7.194506570951947,0.0,0.0
