iter,val,proj,gnorm,dnorm,xnorm,step,maxstep
1.0,15.0,0.0,60.62544462519678,5.677146580409436,6.123724356957945,0.5174971246644439,1.0
2.0,-46.88062350783147,0.0,58.57083935571655,2.761074564479113,6.5472676866710975,0.6334138686392149,1.0
3.0,-76.55167591222667,0.0,57.587905056399954,1.439543186957777,7.046714863556032,1.0,1.0
4.0,-92.39613650793022,0.0,57.092365781942156,0.5972293801730867,7.253183450224271,1.0,1.0
5.0,-92.63667286662692,0.0,57.10638465213913,2.3110493787100005e-07,7.103723791765678,0.0,0.0
