iter,val,proj,gnorm,dnorm,xnorm,step,maxstep
1.0,15.000000000000028,0.0,56.27962535414215,5.592241313343575,6.123724356957945,0.5226045802362803,1.0
2.0,-39.65835586391202,0.0,54.33206232137098,2.7136097883981383,6.482289121637983,0.6680599229727449,1.0
3.0,-66.15167985981824,0.0,53.399023501362805,1.4230486955029726,6.926275481955591,1.0,1.0
4.0,-78.50238219928852,0.0,53.00401934736933,0.5580077912442485,6.99123097008544,1.0,1.0
5.0,-78.74697644697882,0.0,53.019086495994515,0.00022031973842099074,6.841543227320816,0.0,0.0
