iter,val,proj,gnorm,dnorm,xnorm,step,maxstep
1.0,15.000000000000085,0.0,59.69065405910711,5.73982327058683,6.123724356957945,0.5156282702760692,1.0
2.0,-51.09030541163041,0.0,57.45395744595948,2.8075975688165036,6.589119035828293,0.5990687609577551,1.0
3.0,-81.48524705936047,0.0,56.416834779920336,1.450143776512962,7.1592846516372255,1.0,1.0
4.0,-99.97072467433064,0.0,55.809249289966125,0.6186650179230007,7.496816278616222,1.0,1.0
5.0,-100.24739332404374,0.0,55.8234559049018,4.854724361134308e-06,7.3240883911246675,0.0,0.0
