iter,val,proj,gnorm,dnorm,xnorm,step,maxstep
1.0,14.999999999999972,0.0,56.75288163611254,5.736938883848192,6.123724356957945,0.5148960083319025,1.0
2.0,-42.651960376628196,0.0,54.70409467679675,2.7802810759918137,6.588442657879986,0.6086279550940251,1.0
3.0,-68.84054928769372,0.0,53.773834816109606,1.435599428853971,7.122733713524803,1.0,1.0
4.0,-84.0640040615056,0.0,53.264445186572836,0.6093747439840231,7.3490873386307705,1.0,1.0
5.0,-84.33972856194856,0.0,53.2805165055479,0.0002145144451037656,7.152340586314104,0.0,0.0
