iter,val,proj,gnorm,dnorm,xnorm,step,maxstep
1.0,14.999999999999972,0.0,57.7650139790808,5.635943375977644,6.123724356957945,0.521033924078335,1.0
2.0,-45.06741837605807,0.0,55.67231532291995,2.740862174036531,6.516330623019593,0.6440903376685562,1.0
3.0,-73.81783609565298,0.0,54.672835342884525,1.4467350379964983,7.005913735538652,1.0,1.0
4.0,-88.5968171477846,0.0,54.19328167412711,0.6124809557398401,7.179515958507317,1.0,1.0
5.0,-88.86810406462337,0.0,54.208755029713025,1.291041733404804e-09,7.028518848016389,0.0,0.0
