iter,val,proj,gnorm,dnorm,xnorm,step,maxstep
1.0,15.0,0.0,57.927318494834545,5.6881674138513185,6.123724356957945,0.5175555010319541,1.0
2.0,-40.477150037543566,0.0,56.00196949696491,2.7420482839923515,6.553076435274708,0.6313678942888659,1.0
3.0,-66.23603997500558,0.0,55.11538246142629,1.429980152884625,7.0423358392637345,1.0,1.0
4.0,-80.04788483873676,0.0,54.67606916474126,0.6199832744960015,7.167819377357717,1.0,1.0
5.0,-80.30241900397125,0.0,54.69259729807241,0.001700050355180223,6.977705169514062,1.0019049104459095,19.237516847316602
6.0,-80.3024204518096,0.0,54.692592464904436,1.8835176491080057e-05,6.977728595019111,0.0,0.0
