iter,val,proj,gnorm,dnorm,xnorm,step,maxstep
1.0,15.000000000000028,0.0,54.05452981944991,5.704098993998381,6.123724356957945,0.515665338247098,1.0
2.0,-38.090890663439055,0.0,52.06725222110309,2.7615513994624266,6.560008222108922,0.6266907610117001,1.0
3.0,-62.42903969486112,0.0,51.161934187128466,1.4399848601030698,7.05957960078594,1.0,1.0
4.0,-75.58119317351569,0.0,50.71084771333178,0.611929018915016,7.2266494312682195,1.0,1.0
5.0,-75.85359218425208,0.0,50.72982417509821,4.727855408783724e-06,7.026339218061363,0.0,0.0
