iter,val,proj,gnorm,dnorm,xnorm,step,maxstep
1.0,15.0,0.0,60.561673573328534,5.734831771241807,6.123724356957945,0.5150173532763209,1.0
2.0,-46.68508014998761,0.0,58.508385725222155,2.7657807397108463,6.584972570891756,0.6148199846033542,1.0
3.0,-75.49065316817384,0.0,57.5503484314192,1.4397989022343434,7.102448849668074,1.0,1.0
4.0,-92.04099683950247,0.0,57.02986668836228,0.6078949151775822,7.2986287230867966,1.0,1.0
5.0,-92.30596334412209,0.0,57.044944132643174,0.00015855110158814688,7.113714172816151,0.0,0.0
