iter,val,proj,gnorm,dnorm,xnorm,step,maxstep
1.0,15.000000000000057,0.0,60.523282528326234,5.737637801078387,6.123724356957945,0.5147774341278551,1.0
2.0,-48.38691678407315,0.0,58.41271295425765,2.7836346746706804,6.587440205595507,0.6041267826066742,1.0
3.0,-77.65282929487375,0.0,57.43486691310125,1.4301577460150317,7.126276354651311,1.0,1.0
4.0,-95.12212414664555,0.0,56.87723963969324,0.5968293177431649,7.380333675550488,1.0,1.0
5.0,-95.39031683911307,0.0,56.88963318714439,0.0066190695717209674,7.203342915590948,0.9996000373134064,29.66546016287262
6.0,-95.39033873639244,0.0,56.889654530313976,1.836255397616448e-05,7.2036074804943855,0.0,0.0
