iter,val,proj,gnorm,dnorm,xnorm,step,maxstep
1.0,15.000000000000028,0.0,56.545418488163996,5.661264246366486,6.123724356957945,0.5180504510396726,1.0
2.0,-41.61823583155643,0.0,54.530141104964464,2.7554834379171753,6.542951396789078,0.6306048578598851,1.0
3.0,-68.00524371727494,0.0,53.594829539917484,1.450268583259361,7.046428340351593,1.0,1.0
4.0,-82.197340391548,0.0,53.12717440502039,0.5988877361805116,7.219137706271181,1.0,1.0
5.0,-82.48245835353629,0.0,53.142244046062245,2.9648566607155058e-06,7.053190275225873,0.0,0.0
