iter,val,proj,gnorm,dnorm,xnorm,step,maxstep
1.0,15.0,0.0,59.14695598255924,5.69182204500457,6.123724356957945,0.5161836733876894,1.0
2.0,-44.97457220065303,0.0,57.1006028928634,2.7603227282168854,6.555082761180764,0.6306597494541112,1.0
3.0,-73.52365954341741,0.0,56.129099503806486,1.4439304259306,7.050746615290676,1.0,1.0
4.0,-88.89782133800543,0.0,55.636602777863665,0.5783280663782888,7.243695134761267,1.0,1.0
5.0,-89.16292748827689,0.0,55.650999544139985,1.6530142072669384e-05,7.0755382308967665,0.0,0.0
