iter,val,proj,gnorm,dnorm,xnorm,step,maxstep
1.0,15.000000000000028,0.0,57.870824134468656,5.717265653415463,6.123724356957945,0.5156969241562338,1.0
2.0,-43.72582693514488,0.0,55.826230394938385,2.770087285723197,6.570643601859133,0.6219583032874128,1.0
3.0,-71.12244786804182,0.0,54.874466895307556,1.4398404085924896,7.0839482096757935,1.0,1.0
4.0,-86.32101426327372,0.0,54.37768559381257,0.5973604694318357,7.2896632409343,1.0,1.0
5.0,-86.57304183054228,0.0,54.39296779542627,3.967835349194757e-06,7.121827284051345,0.0,0.0
