iter,val,proj,gnorm,dnorm,xnorm,step,maxstep
1.0,15.000000000000028,0.0,55.44195876772573,5.650372175325884,6.123724356957945,0.5194659345744741,1.0
2.0,-41.84402910379174,0.0,53.377819154153514,2.7462014056165938,6.531689627224467,0.6371206886952485,1.0
3.0,-68.52222069586323,0.0,52.41249836858684,1.439487041332586,7.025911707371058,1.0,1.0
4.0,-82.52590762142812,0.0,51.94191341319293,0.6199202023775754,7.190447863941459,1.0,1.0
5.0,-82.79275668231509,0.0,51.95781229382811,4.463619280217553e-09,7.030838578108115,0.0,0.0
