iter,val,proj,gnorm,dnorm,xnorm,step,maxstep
1.0,15.0,0.0,56.62096002366968,5.6459637222480605,6.123724356957945,0.5194008955283673,1.0
2.0,-40.407229668822595,0.0,54.65386038618371,2.723483122485083,6.532866229032135,0.6406838980740919,1.0
3.0,-66.40709054774996,0.0,53.738334346563676,1.449173416658408,7.006918415098904,1.0,1.0
4.0,-79.94892705361391,0.0,53.30084592167671,0.6066014772162022,7.108896789558829,1.0,1.0
5.0,-80.25427725290994,0.0,53.31695987105996,4.795537432752629e-05,6.919344533984771,0.0,0.0
