iter,val,proj,gnorm,dnorm,xnorm,step,maxstep
1.0,15.0,0.0,58.283365637238205,5.76095260482972,6.123724356957945,0.513730412200837,1.0
2.0,-45.56220771924242,0.0,56.18632601706533,2.786739568422124,6.607016543573026,0.6018149099023804,1.0
3.0,-73.1769592333795,0.0,55.22805503516007,1.4508733121365969,7.149607312443866,1.0,1.0
4.0,-89.7030831948586,0.0,54.681610407486794,0.6078292707121218,7.428625014761889,1.0,1.0
5.0,-89.97452454052397,0.0,54.6960451656346,0.001963497903050614,7.253542032328364,0.9691120542732129,113.07088487523356
6.0,-89.97452640864444,0.0,54.69604147717401,2.3399461638229038e-07,7.253649156120272,0.0,0.0
