iter,val,proj,gnorm,dnorm,xnorm,step,maxstep
1.0,15.0,0.0,57.111969393488785,5.588164253612461,6.123724356957945,0.5191429407486141,1.0
2.0,-41.09954074406566,0.0,55.09721343169766,2.7147046686462817,6.484943786449621,0.6668219386235724,1.0
3.0,-68.83312572032574,0.0,54.12027071428002,1.4710546653280094,6.9190692518448405,1.0,1.0
4.0,-81.98809343393486,0.0,53.726721295866085,0.5930628992624299,6.953024834438519,1.0,1.0
5.0,-82.28045392825128,0.0,53.74155566012741,0.05658447715261999,6.790380793611822,0.9999998304076125,1.343815096150408
6.0,-82.28205482950713,0.0,53.74792934329537,6.920077571216891e-07,6.789484240467786,0.0,0.0
