iter,val,proj,gnorm,dnorm,xnorm,step,maxstep
1.0,6.000000000000007,0.0,83.56186533345698,1.7089370965603152,1.7320508075688774,0.5298447517403937,1.0
2.0,-22.944235644247094,0.0,82.87140978068368,0.8097414384006727,1.8983139205698158,0.5627784136913669,1.0
3.0,-36.840401564177945,0.0,82.53980771098544,0.37046709703196007,2.105362757427874,0.6209356558609842,1.0
4.0,-43.41874323831568,0.0,82.38340048756093,0.1567737221750801,2.221200981187915,0.7197565970728133,1.0
5.0,-46.284125933985834,0.0,82.31574588642661,0.055788852791712314,2.2719570065825883,0.8724058863625864,1.0
6.0,-47.253754974535255,0.0,82.29312947747195,0.012739938917771214,2.2875039942538926,1.0,1.0
7.0,-47.39536927771735,0.0,82.28993801669426,0.0009690430347473447,2.288852521490467,0.0,0.0
