iter,val,proj,gnorm,dnorm,xnorm,step,maxstep
1.0,6.000000000000007,0.0,80.57660981951028,1.705939860316754,1.7320508075688779,0.5394130937835103,1.0
2.0,-22.58971703920004,0.0,79.87068832322296,0.7992781119902029,1.8891513786573515,0.5800090275875768,1.0
3.0,-36.19235432606868,0.0,79.53480111705613,0.35496611695793817,2.0964781988641388,0.6445154372056734,1.0
4.0,-42.42064226868211,0.0,79.38159851790037,0.1445901097532769,2.2104541684570185,0.7566006995701839,1.0
5.0,-44.997469815440894,0.0,79.31871164498885,0.04705793720126804,2.258412744600209,0.9240545677364675,1.0
6.0,-45.760713821057706,0.0,79.30037927792306,0.008267934591171215,2.2710083930321194,1.0,1.0
7.0,-45.823368287759436,0.0,79.29896739109321,0.00043885463122887155,2.2712635016183884,0.0,0.0
