iter,val,proj,gnorm,dnorm,xnorm,step,maxstep
1.0,6.000000000000021,0.0,79.9718075824512,1.6989390095187398,1.7320508075688774,0.536839425838891,1.0
2.0,-20.245242514340838,0.0,79.31776288523878,0.7990690751703816,1.885829113044673,0.5857073887521134,1.0
3.0,-32.948905297607325,0.0,79.0028540893601,0.35885945301683975,2.087622783152132,0.6823613487576385,1.0
4.0,-38.957071454599905,0.0,78.8553449705979,0.14114491503944226,2.1992640845037856,0.8513030528217777,1.0
5.0,-41.31623980714836,0.0,78.7984064280849,0.03718186814025005,2.2421562617892357,1.0,1.0
6.0,-41.72685715546819,0.0,78.78895791090174,0.003505431196063915,2.2471821729724537,1.0,1.0
7.0,-41.726863334559525,0.0,78.78903693422106,1.2918386423654577e-12,2.2466696152653522,0.0,0.0
