iter,val,proj,gnorm,dnorm,xnorm,step,maxstep
1.0,5.999999999999979,0.0,82.6324740039072,1.7078402759518425,1.7320508075688774,0.5359218410495187,1.0
2.0,-21.554058004118147,0.0,81.96821863724149,0.8040278330283281,1.8926430625347619,0.5738547346124399,1.0
3.0,-34.6881772766263,0.0,81.65173993841346,0.3607337001960119,2.1002115210997525,0.6353544614574902,1.0
4.0,-40.76297374662884,0.0,81.50597630963354,0.14699227176951227,2.2151377683263367,0.7300429766258395,1.0
5.0,-43.2852425092793,0.0,81.44587310220331,0.05011011845352198,2.2638553211713006,0.871510448501012,1.0
6.0,-44.09498942668844,0.0,81.42680367539178,0.01098350149962644,2.2783935203861376,1.0,1.0
7.0,-44.214206913629184,0.0,81.42408103765746,0.000799376016127308,2.2798824284044636,0.0,0.0
