iter,val,proj,gnorm,dnorm,xnorm,step,maxstep
1.0,6.000000000000014,0.0,83.44238148570905,1.7072979691768972,1.7320508075688779,0.532806048205542,1.0
2.0,-22.714390590033616,0.0,82.75704113518016,0.8111060705032962,1.8949123487893555,0.5697511180334324,1.0
3.0,-36.50048281550443,0.0,82.42789793976357,0.36616008053110305,2.1052211371517218,0.6263456980157951,1.0
4.0,-42.896911868617266,0.0,82.27568621469432,0.15046372865516358,2.222717571123892,0.7137141110270362,1.0
5.0,-45.59642163036408,0.0,82.211857128632,0.052942561257851635,2.2729108644682423,0.8496656945243338,1.0
6.0,-46.513056787423,0.0,82.19041340367424,0.012730944969435616,2.2885610040617834,1.0,1.0
7.0,-46.675016713456465,0.0,82.18672160771231,0.0010710991511840504,2.290466187728414,1.0000000000000002,1.9098635263486246
8.0,-46.675017287083136,0.0,82.18673904128964,2.710505431213761e-20,2.290298047479951,0.0,0.0
