iter,val,proj,gnorm,dnorm,xnorm,step,maxstep
1.0,6.000000000000007,0.0,81.83178928756966,1.7104783782932473,1.7320508075688779,0.5266131923119485,1.0
2.0,-21.311319051488177,0.0,81.16649334694165,0.815494193843431,1.9017891296460196,0.5561001959143957,1.0
3.0,-34.405527227173096,0.0,80.84736205266424,0.3788027597371637,2.1108771634488304,0.614425277771274,1.0
4.0,-40.699488111925206,0.0,80.69460274018876,0.16404336716536735,2.229123968195264,0.7188557337411097,1.0
5.0,-43.512018776667546,0.0,80.62688489366634,0.05895880981719607,2.2821757752130876,0.8825584325681574,1.0
6.0,-44.47874686403979,0.0,80.6039511870287,0.013280745615744768,2.2982019023228757,1.0,1.0
7.0,-44.607193281832295,0.0,80.60104278876058,0.0010098600255919934,2.2990854702481136,0.9999999999999998,25.069582758204554
8.0,-44.60719379174095,0.0,80.60106156587608,0.0,2.298905262266794,0.0,0.0
