iter,val,proj,gnorm,dnorm,xnorm,step,maxstep
1.0,5.9999999999999645,0.0,83.9579199004275,1.7038828206970886,1.7320508075688774,0.5467090100100418,1.0
2.0,-22.634581271027358,0.0,83.27911901169458,0.7893708204504567,1.8817498988608934,0.5962255272761867,1.0
3.0,-36.23240444135945,0.0,82.95726688326343,0.3400206735495007,2.086720355890414,0.6801959531285292,1.0
4.0,-42.37975955795311,0.0,82.81269748727824,0.12813273032537115,2.1950475893957377,0.8183139247437323,1.0
5.0,-44.72576783616759,0.0,82.75811810580899,0.03605064573709494,2.234908374686533,1.0,1.0
6.0,-45.24503790835843,0.0,82.74634071819386,0.0037607743154268896,2.2413597156751237,0.9999999999999952,1.0
7.0,-45.24504508070589,0.0,82.74640529135937,3.1421255589792395e-16,2.2407236732269715,0.0,0.0
