iter,val,proj,gnorm,dnorm,xnorm,step,maxstep
1.0,6.000000000000021,0.0,82.5248203027792,1.705814597870382,1.7320508075688774,0.5388572299694397,1.0
2.0,-21.69611188044663,0.0,81.85756474788003,0.7986398385242046,1.889638161123789,0.5815787490890298,1.0
3.0,-34.92210467622062,0.0,81.53934630355944,0.3548038087003322,2.0952060979236804,0.657014553943917,1.0
4.0,-41.05289409193517,0.0,81.39269213509398,0.14013661280902825,2.2072280322267934,0.7799916048181572,1.0
5.0,-43.52746868623661,0.0,81.3340719571418,0.043553170013830106,2.2516584900757253,0.9664880801641621,1.0
6.0,-44.19969264251002,0.0,81.31847284752742,0.006438224044567112,2.261322574470247,1.0,1.0
7.0,-44.22298324790271,0.0,81.31802951011908,0.0001827911290504034,2.260688923667848,0.0,0.0
