iter,val,proj,gnorm,dnorm,xnorm,step,maxstep
1.0,6.000000000000007,0.0,83.05033928891922,1.7087489637967883,1.7320508075688779,0.5430607895820858,1.0
2.0,-21.690830522329122,0.0,82.38804619847963,0.7883241008643773,1.8883966827053984,0.5792825791018461,1.0
3.0,-34.635026867935196,0.0,82.07867092498572,0.35152559943842704,2.09218589815901,0.6518903593575296,1.0
4.0,-40.645517688139314,0.0,81.93581976841824,0.14241342005088195,2.2031375412727074,0.7828723889943437,1.0
5.0,-43.1363940306032,0.0,81.87723720590368,0.044771669975269726,2.248175220066772,0.9755347190848743,1.0
6.0,-43.807904610449626,0.0,81.86179140021733,0.006265169628223011,2.2579809406639897,1.0,1.0
7.0,-43.82473517483388,0.0,81.8615025839636,0.00013480398931883797,2.257376931025484,0.0,0.0
