iter,val,proj,gnorm,dnorm,xnorm,step,maxstep
1.0,6.0,0.0,83.37959749247054,1.7048230659732733,1.7320508075688779,0.5399876343187773,1.0
2.0,-22.92920948183381,0.0,82.68967202557755,0.7953374261795383,1.8879690289746096,0.5800216059346377,1.0
3.0,-36.668801148460936,0.0,82.36209166903649,0.3563595229544199,2.0926230819228078,0.6555958568237438,1.0
4.0,-43.07048562506861,0.0,82.2102172760427,0.14364895591644974,2.20583833356046,0.7860082179643482,1.0
5.0,-45.69158072733192,0.0,82.1486260953804,0.04472526323939041,2.252180113390215,0.97588326929572,1.0
6.0,-46.3855372445782,0.0,82.13266046912013,0.006009478764446425,2.2625105802764014,1.0,1.0
7.0,-46.40267629220891,0.0,82.13235930547782,0.00012372142143739085,2.2620295343145944,0.0,0.0
