iter,val,proj,gnorm,dnorm,xnorm,step,maxstep
1.0,6.000000000000021,0.0,81.82440901103533,1.7047731217237456,1.7320508075688774,0.5321819649030564,1.0
2.0,-21.52255003683088,0.0,81.1537893468408,0.8061537423127313,1.8933184599239807,0.5725225568134459,1.0
3.0,-34.81477661167437,0.0,80.83039809540203,0.368039468072702,2.097669035907105,0.6511335579926671,1.0
4.0,-41.15151550143691,0.0,80.67719445963291,0.15032962146836273,2.2124538058552434,0.7830771659737313,1.0
5.0,-43.78616019295933,0.0,80.61418698947443,0.04633495446576112,2.260227569515717,0.9662146819348628,1.0
6.0,-44.48864289617353,0.0,80.59775405064248,0.006540290435448969,2.270967699526238,1.0,1.0
7.0,-44.513183848971174,0.0,80.59727617921756,0.00018338551574954587,2.2705552262381454,0.0,0.0
