iter,val,proj,gnorm,dnorm,xnorm,step,maxstep
1.0,6.000000000000014,0.0,82.19412177282145,1.7075293789566262,1.7320508075688779,0.5416232678930359,1.0
2.0,-21.859587220454763,0.0,81.52048593570288,0.7932423949568637,1.8886936633731792,0.5804665835361434,1.0
3.0,-34.99057412159693,0.0,81.20317857571757,0.3544280775122512,2.093985750716795,0.6532725601594361,1.0
4.0,-41.07108131133848,0.0,81.05699709764323,0.14142230900641423,2.2071459143674037,0.7684579013990571,1.0
5.0,-43.529276975342526,0.0,80.99840568237872,0.044537762238221146,2.2535155730857066,0.9364876784533313,1.0
6.0,-44.22038441791916,0.0,80.9822107916268,0.007357627246065098,2.2649840622616644,1.0,1.0
7.0,-44.2672017985025,0.0,80.9811977653168,0.00033602293652044193,2.265097634845957,0.0,0.0
