iter,val,proj,gnorm,dnorm,xnorm,step,maxstep
1.0,5.999999999999993,0.0,81.80344755574669,1.7081160978614964,1.7320508075688774,0.5391108907718369,1.0
2.0,-22.14374741362557,0.0,81.11877608972556,0.7959260598935203,1.8912605682744175,0.5762925856063251,1.0
3.0,-35.454041304256016,0.0,80.79507448728991,0.35815043964307686,2.0963731915563173,0.6537205676670554,1.0
4.0,-41.72995695171701,0.0,80.64337094184906,0.14419278661458795,2.208758369242447,0.7861546117974584,1.0
5.0,-44.32087655483467,0.0,80.58140054507885,0.044323917286467014,2.254013128414704,0.980956451456022,1.0
6.0,-45.00976964722026,0.0,80.56527387596617,0.006365774354176648,2.263433679600991,1.0,1.0
7.0,-45.0231417298184,0.0,80.56505989349402,0.0006225822804593586,2.2626707977607574,0.0,0.0
