iter,val,proj,gnorm,dnorm,xnorm,step,maxstep
1.0,60.000000000000114,0.0,83.63193189211643,15.001551127207554,17.320508075688775,0.509269928221336,1.0
2.0,-154.59207874469428,0.0,78.38464326433119,6.500110906600615,18.321709290407142,0.5853567364034682,1.0
3.0,-231.60711174242772,0.0,76.4915029157831,3.419043175808168,19.04091845006704,1.0,1.0
4.0,-276.9159516060349,0.0,75.4907889072407,2.439224859375789,18.722533925762853,1.0,1.0
5.0,-282.50956920419947,0.0,75.51033504520622,1.8186287089311335,17.45231014123781,1.0,1.0
6.0,-285.54351717690344,0.0,75.52510466187249,1.1338676264966925,17.01103599183036,1.0,1.0
7.0,-286.71703896584694,0.0,75.53602269634514,0.20070910488350066,16.92674159661737,1.0,1.0
8.0,-286.7611534298245,0.0,75.5381641380466,0.0011800885102502712,16.93032371240234,1.0055020199638176,197.90596884828912
9.0,-286.7611541299597,0.0,75.53817367162759,3.653657660482554e-05,16.930247482121747,0.0,0.0
