iter,val,proj,gnorm,dnorm,xnorm,step,maxstep
1.0,60.0,0.0,80.08417911176089,14.792303031377603,17.320508075688775,0.5103773894469401,1.0
2.0,-129.25475877841473,0.0,75.27487311179864,6.445771544777915,18.240794041929774,0.5880523240896415,1.0
3.0,-193.15155466809233,0.0,73.66200445818502,3.3824209207584315,18.923878970454638,1.0,1.0
4.0,-229.38548504118148,0.0,72.87927603793672,2.521339011519722,18.48141241987348,1.0,1.0
5.0,-235.2755979253683,0.0,72.90230211774816,1.876390828234436,17.040544724387768,1.0,1.0
6.0,-238.58413134440133,0.0,72.91701371533486,1.2028410761224049,16.57471206137025,1.0,1.0
7.0,-239.88477322378358,0.0,72.9293570554038,0.21621252713958755,16.47785612271799,1.0,1.0
8.0,-239.93126042848775,0.0,72.93216027424295,0.003357637585159255,16.479074890126952,1.0232890647004385,2.479684386789715
9.0,-239.93126619663047,0.0,72.9321655362943,0.00027117113421523594,16.479231541161212,0.0,0.0
