iter,val,proj,gnorm,dnorm,xnorm,step,maxstep
1.0,60.0,0.0,81.43389288253755,14.951954662983114,17.320508075688775,0.5099672486401011,1.0
2.0,-142.5509295602667,0.0,76.35934531213478,6.515358950745462,18.298250659879585,0.5842516156022061,1.0
3.0,-212.61892737426905,0.0,74.60183509339959,3.4054345584637495,19.02834400951389,1.0,1.0
4.0,-253.28811571314867,0.0,73.70476211549853,2.479572405735586,18.67060960735004,1.0,1.0
5.0,-258.96796700105705,0.0,73.72617821121888,1.801439449027725,17.324430363820838,1.0,1.0
6.0,-261.9757358423192,0.0,73.74106697851889,1.0887094343243475,16.883107602730266,1.0,1.0
7.0,-263.0081141283627,0.0,73.75219193927866,0.1802445662389728,16.8009532323836,1.0,1.0
8.0,-263.04293278299326,0.0,73.75445734724825,0.00026117138349506127,16.801591572391445,0.0,0.0
