iter,val,proj,gnorm,dnorm,xnorm,step,maxstep
1.0,60.00000000000023,0.0,81.02127121938781,14.822725005629396,17.320508075688775,0.5102556231408241,1.0
2.0,-142.96365789791014,0.0,75.9074608035833,6.53585069704762,18.266750782476535,0.5827064998772248,1.0
3.0,-213.5001254621409,0.0,74.12478296384305,3.402368493795389,19.019217090320307,1.0,1.0
4.0,-254.43425929192347,0.0,73.21042970375781,2.4891686034811227,18.726246002382698,1.0,1.0
5.0,-260.1901582084107,0.0,73.23139940130984,1.8364594536878678,17.372553338944176,1.0,1.0
6.0,-263.3657762157607,0.0,73.24573987926993,1.1554576003025996,16.924641419491255,1.0,1.0
7.0,-264.5658081793084,0.0,73.25681637070511,0.17734143556562212,16.84375734128516,0.999871513218925,1.0
8.0,-264.6053753721833,0.0,73.25891497024018,9.027518658667178e-05,16.843907942548096,0.0,0.0
