iter,val,proj,gnorm,dnorm,xnorm,step,maxstep
1.0,60.00000000000023,0.0,82.90900230979383,15.23474273817213,17.320508075688775,0.5086882801487063,1.0
2.0,-149.95256048351985,0.0,77.73439068869752,6.682733752996972,18.404510312356752,0.5743250898425528,1.0
3.0,-221.3912788966145,0.0,75.96624894703439,3.4380663654484063,19.25222615517121,1.0,1.0
4.0,-263.6775785998599,0.0,75.03534338836975,2.4421571180646047,19.035277855771465,1.0,1.0
5.0,-269.0598163460072,0.0,75.05941101521996,1.6805941751268727,17.64617039390018,1.0,1.0
6.0,-271.65667558165853,0.0,75.07341859654086,1.038099108899858,17.25237865461535,1.0,1.0
7.0,-272.6255756431502,0.0,75.08308824397777,0.17032235267524357,17.17766767804382,1.0,1.0
8.0,-272.65672637483556,0.0,75.08495275698665,0.00030885864585617384,17.17653322476569,0.0,0.0
