iter,val,proj,gnorm,dnorm,xnorm,step,maxstep
1.0,30.000000000001364,0.0,487.9305650880858,12.090523598073046,12.24744871391589,0.1803701546909306,1.0
2.0,-334.29472396513984,0.0,483.0058575630871,9.878528104496008,12.424973900072473,0.1823208446822004,1.0
3.0,-616.3326424290749,0.0,479.19176136114663,8.066970303216737,12.840669309558441,0.18394606364602423,1.0
4.0,-835.709685592924,0.0,476.23335343379483,6.584145674264254,13.346726652521632,0.1853341760183607,1.0
5.0,-1007.1669471751793,0.0,473.9324547890163,5.36984615547737,13.85967866120302,0.18665164343152096,1.0
6.0,-1141.868381166215,0.0,472.13502649590845,4.3799131605052315,14.336266073994576,0.1883848845030745,1.0
7.0,-1248.4441880479005,0.0,470.7196662221736,3.568214786140901,14.759233161516075,0.19084467680915018,1.0
8.0,-1333.3851340820236,0.0,469.59564664305935,2.903710794005101,15.123561924984411,0.19542421279974911,1.0
9.0,-1401.9502283594077,0.0,468.69585916331454,2.366046793247034,15.431660748495888,0.20371112695803845,1.0
10.0,-1458.2156200659447,0.0,467.9664132477751,1.9304370552039347,15.691291883746482,0.21632517788858666,1.0
11.0,-1504.932700340796,0.0,467.3689239495995,1.5719999460963094,15.909678228097029,0.23483059368170647,1.0
12.0,-1544.0677226604487,0.0,466.87405412177407,1.2687022829372812,16.093480663647526,0.2620603089045149,1.0
13.0,-1577.0510528553966,0.0,466.4605029612665,1.0118773123651432,16.247020149636324,0.3055693780221481,1.0
14.0,-1605.1199636641124,0.0,466.1105543850771,0.7939885480949704,16.375047184563954,0.3863763528740983,1.0
15.0,-1629.5382522728626,0.0,465.8070436181357,0.6053297739126826,16.482561977171837,0.581075241033424,1.0
16.0,-1651.8994714373819,0.0,465.53107736923204,0.4253231730554791,16.574235491755715,1.0,1.0
17.0,-1667.9584227337239,0.0,465.3380166668277,0.2325075968322888,16.62607495498582,1.0,1.0
18.0,-1668.0008604529526,0.0,465.35911987798585,0.10330699810416903,16.61417991836887,1.0,1.0
19.0,-1668.0073433645903,0.0,465.36574644490076,0.021487367813516414,16.615350121231327,0.8713192328195726,1.0
20.0,-1668.0078072845429,0.0,465.3652225614923,0.01032672424804543,16.614140510887623,0.855652834719493,1.0
21.0,-1668.0078847608545,0.0,465.36480304532785,0.003863641046912277,16.614494648445156,0.7367316690756138,1.0
22.0,-1668.0078947738273,0.0,465.3645870565376,0.0015118514540550041,16.614232759127646,0.9123400244631833,1.0
23.0,-1668.0078972755573,0.0,465.3645816730062,0.0007413926266324995,16.614250041210184,0.0,0.0
