iter,val,proj,gnorm,dnorm,xnorm,step,maxstep
1.0,30.0,0.0,82.87723773151225,8.042607040265752,8.660254037844387,0.5177975201926027,1.0
2.0,-95.74379369444878,0.0,79.81684226290858,3.9222123725940037,9.271939025057208,0.6177591825438069,1.0
3.0,-154.49865336691067,0.0,78.38229963855424,2.03277834303508,10.021289138244716,1.0,1.0
4.0,-187.79706440461248,0.0,77.60893544953657,0.8259151212390343,10.377567985413704,1.0,1.0
5.0,-188.3411776261999,0.0,77.6275586687836,0.00027884563477865017,10.16481012977313,0.0,0.0
