iter,val,proj,gnorm,dnorm,xnorm,step,maxstep
1.0,30.0,0.0,82.43863629395625,7.998307581117531,8.660254037844387,0.5187913062264349,1.0
2.0,-87.72475076410498,0.0,79.56493877355308,3.8710969885120643,9.240351721286531,0.6407419093528528,1.0
3.0,-143.95084653309496,0.0,78.19965580366524,2.045273652923473,9.919437615480273,1.0,1.0
4.0,-173.27198749619646,0.0,77.53912167563688,0.841102093207702,10.093914439379619,1.0,1.0
5.0,-173.8347510294096,0.0,77.5608228120055,0.0003029302975164138,9.848611278947594,0.0,0.0
