iter,val,proj,gnorm,dnorm,xnorm,step,maxstep
1.0,30.0,0.0,84.74063759499806,8.113356656434702,8.660254037844387,0.5139392013124414,1.0
2.0,-92.51117304915789,0.0,81.81023594630868,3.9312223529168784,9.311337944627823,0.6111022494317058,1.0
3.0,-149.53294609385176,0.0,80.44827905497264,2.0216592766723074,10.051392050221017,1.0,1.0
4.0,-182.533607739081,0.0,79.70223322553522,0.8291172653714785,10.393983709338995,1.0,1.0
5.0,-183.04174994230743,0.0,79.72247409130209,0.04004603598959182,10.150357598093242,0.9999999784803225,1.6404583923049358
6.0,-183.0425517847894,0.0,79.72345872139279,5.495232340838049e-07,10.149837122635399,0.0,0.0
