iter,val,proj,gnorm,dnorm,xnorm,step,maxstep
1.0,30.0,0.0,83.75395115459449,8.108731122292584,8.660254037844387,0.5150443731666173,1.0
2.0,-91.80314311065254,0.0,80.82108819938048,3.9218632673661356,9.316485122160728,0.6114080477186097,1.0
3.0,-148.16588586362724,0.0,79.46350725693229,2.0404508590705106,10.060994640230424,1.0,1.0
4.0,-180.82029453669267,0.0,78.71766828429166,0.8495948453860714,10.395030987450301,1.0,1.0
5.0,-181.35434021663573,0.0,78.73799503748428,0.0005455762964215586,10.15341309011405,0.0,0.0
