iter,val,proj,gnorm,dnorm,xnorm,step,maxstep
1.0,30.000000000000057,0.0,80.44290559150384,8.076314370399645,8.660254037844387,0.5162035178175182,1.0
2.0,-88.47869600009571,0.0,77.46950371835574,3.9039709192831076,9.296329343537664,0.6182088753980994,1.0
3.0,-143.39135516939368,0.0,76.091584210564,2.043309122837384,10.023183273316741,1.0,1.0
4.0,-174.43580229042493,0.0,75.35874526146006,0.8613701038087919,10.298787489732279,1.0,1.0
5.0,-175.0031113262874,0.0,75.38089120888746,0.0002891344905931505,10.040347869416516,0.0,0.0
