iter,val,proj,gnorm,dnorm,xnorm,step,maxstep
1.0,30.0,0.0,82.71552085314461,8.051383512322587,8.660254037844387,0.5178637882920368,1.0
2.0,-92.81624627186233,0.0,79.72288758704376,3.896803181232385,9.267844939857667,0.6274457626415062,1.0
3.0,-150.82991932522333,0.0,78.30949224148952,2.0269973611306265,9.982628503969185,1.0,1.0
4.0,-182.58677868524256,0.0,77.58014964262786,0.8510764904994003,10.244709845132016,1.0,1.0
5.0,-183.10026211417377,0.0,77.6015286111259,0.0009799060948116208,10.01233574953169,0.0,0.0
