iter,val,proj,gnorm,dnorm,xnorm,step,maxstep
1.0,30.0,0.0,82.18941733584926,8.054987479256788,8.660254037844387,0.5168927426656348,1.0
2.0,-89.92814175731081,0.0,79.25443562161001,3.9125232255963662,9.270439714202231,0.6207350556275737,1.0
3.0,-145.83682597459725,0.0,77.88718697761497,2.0199675585846455,9.999162514829779,1.0,1.0
4.0,-177.14444705599814,0.0,77.1656885836713,0.8694123357416483,10.266126847360823,1.0,1.0
5.0,-177.68488090678494,0.0,77.1869293556919,0.0010426146777467137,10.009363711103537,0.9919901232303557,188.6166905845043
6.0,-177.68488144595415,0.0,77.18692465516592,4.355422873959939e-06,10.009364908903473,0.0,0.0
