iter,val,proj,gnorm,dnorm,xnorm,step,maxstep
1.0,30.0,0.0,83.05033928891922,8.018494052569581,8.660254037844387,0.5182445194722288,1.0
2.0,-87.93723636445759,0.0,80.19345606670386,3.8965934447008284,9.253814721547993,0.6307866912723635,1.0
3.0,-143.41836716738203,0.0,78.85409234602129,2.0356612696243674,9.96424816411521,1.0,1.0
4.0,-173.27983460641553,0.0,78.178823782412,0.8299851243265155,10.228156658985949,1.0,1.0
5.0,-173.8337819640548,0.0,78.19868733160104,0.0010223454139278601,9.99602598793327,1.0000001189983447,137.5049457943762
6.0,-173.83378248664982,0.0,78.19868914162454,2.336543143453495e-08,9.996056408410032,0.0,0.0
