iter,val,proj,gnorm,dnorm,xnorm,step,maxstep
1.0,30.0,0.0,83.37959749247054,8.032087472213579,8.660254037844387,0.5178590166086424,1.0
2.0,-94.52019636973182,0.0,80.37010937070497,3.900354900258184,9.262051382417475,0.6283593351484797,1.0
3.0,-153.66507927720434,0.0,78.93995509860545,2.0417468265533705,9.979498947722607,1.0,1.0
4.0,-186.01705203343764,0.0,78.20258709447393,0.8359512685436652,10.235277528012277,1.0,1.0
5.0,-186.55620152730293,0.0,78.22265077267848,0.002859355469584883,10.007080773002436,0.9999999975710915,53.72213357532604
6.0,-186.55620561525996,0.0,78.22265236574452,6.486098987787368e-10,10.007075508600716,0.0,0.0
