iter,val,proj,gnorm,dnorm,xnorm,step,maxstep
1.0,30.000000000000057,0.0,82.62461726390144,8.052538709158746,8.660254037844387,0.5173727873342439,1.0
2.0,-88.27359594330426,0.0,79.7410460319499,3.8955259695594493,9.26740066523162,0.6283537535328175,1.0
3.0,-143.84496966735452,0.0,78.39096276434117,2.0164032864233907,9.975686566299725,1.0,1.0
4.0,-173.99893580825466,0.0,77.70333215343426,0.8281886663856735,10.23543221302738,1.0,1.0
5.0,-174.51524622988453,0.0,77.72475529359669,0.008523089807921626,9.998088449850155,0.9291332543073083,25.97773759043942
6.0,-174.51527997742585,0.0,77.72467184657354,0.00010608654458436324,9.9982294996947,0.0,0.0
