iter,val,proj,gnorm,dnorm,xnorm,step,maxstep
1.0,29.999999999999886,0.0,81.82440901103533,8.092288921079266,8.660254037844387,0.5163180301288254,1.0
2.0,-89.28012864355148,0.0,78.88148329765194,3.9262450880197495,9.296341663195825,0.6112208529701688,1.0
3.0,-143.92365253582236,0.0,77.5333247027845,2.009603934952296,10.047305745922298,1.0,1.0
4.0,-175.40996572173708,0.0,76.79704853280012,0.8430622391609601,10.40271155010798,1.0,1.0
5.0,-175.93589306669267,0.0,76.81824185003133,0.002623261078941274,10.151468034318452,1.0035453476917453,24.805621959214484
6.0,-175.935896519641,0.0,76.81822054827987,2.605120554325014e-05,10.151512268573464,0.0,0.0
