iter,val,proj,gnorm,dnorm,xnorm,step,maxstep
1.0,30.000000000000057,0.0,81.80344755574669,8.046148890152358,8.660254037844387,0.5176245506369044,1.0
2.0,-90.89756383698906,0.0,78.8234625169517,3.9058949468574644,9.26974283667557,0.6243905505917614,1.0
3.0,-147.55979290345394,0.0,77.42715621927488,2.03339710237462,9.995106171244037,1.0,1.0
4.0,-178.8685411380078,0.0,76.70090128034572,0.8590649536794199,10.275324448143651,1.0,1.0
5.0,-179.40457887398213,0.0,76.72294433439168,0.019626853650073856,10.035832763146235,1.264427562439793,4.065988863709774
6.0,-179.4048224111924,0.0,76.72290727282429,0.002049691676671206,10.035815060453043,0.8781979360510441,21.903964771067976
7.0,-179.40482425595076,0.0,76.72293955360543,0.00022279555394433425,10.035767331486323,0.0,0.0
