iter,val,proj,gnorm,dnorm,step,maxstep
1.0,1872.5391417165702,0.0,3078.4429560333047,12.034670269894583,1.0,1.0
2.0,-311.9834061414622,0.0,3077.3370163335176,2.449945127399125,0.966755840822549,1.0
3.0,-315.97318563205135,0.0,3077.4406522341355,0.18111194217251583,0.8422673716653811,1.0
4.0,-316.0163921819603,0.0,3077.440554917914,0.019851576892892287,0.9402278650251521,1.0
5.0,-316.0217831438604,0.0,3077.440903212917,0.0031015288739054316,0.9256220799046224,1.0
6.0,-316.02209397881415,0.0,3077.4408808963817,0.0007087682151884765,0.0,0.0
