iter,val,proj,gnorm,dnorm,step,maxstep
1.0,1872.5391417165665,0.0,3067.437892353987,12.080035518066474,1.0,1.0
2.0,-378.78038231206847,0.0,3066.244805748752,2.213397271134058,0.9976807025541263,1.0
3.0,-382.1870004099319,0.0,3066.4543167611128,0.13288116352407808,1.0,1.0
4.0,-382.20017126231687,0.0,3066.4531736760027,0.007670233308605233,1.0,29.101388088164434
5.0,-382.2002006785506,0.0,3066.453042182046,0.0,0.0,0.0
