iter,val,proj,gnorm,dnorm,step,maxstep
1.0,1872.5391417165738,0.0,3054.4654683402578,12.075972930145765,1.0,1.0
2.0,-335.4337089430337,0.0,3053.5368586523546,2.725664308941804,0.9017058330520782,1.0
3.0,-339.4152708049187,0.0,3053.4429961317196,0.5477005125529394,0.619967181700181,1.0
4.0,-339.62884423072774,0.0,3053.479188320788,0.2225570623438368,1.0,1.0
5.0,-339.72262060049434,0.0,3053.481069303126,0.13601357993740915,0.9999817592771797,1.728138091674923
6.0,-339.7318702787188,0.0,3053.468585783583,9.092282502966443e-05,0.0,0.0
