iter,val,proj,gnorm,dnorm,step,maxstep
1.0,1872.5391417165847,0.0,3064.2605232390197,12.101038372298403,1.0,1.0
2.0,-298.3146726467876,0.0,3063.143435595141,2.2702233798603006,0.958698633751094,1.0
3.0,-301.89485647783476,0.0,3063.2859810682844,0.15035791668912626,0.7864828955999584,1.0
4.0,-301.9967151059627,0.0,3063.285416062391,0.06415496172500662,1.0,1.0
5.0,-302.0247192197585,0.0,3063.2890976930735,0.018075388046593,1.0000977008912721,8.223669441693529
6.0,-302.0248825955414,0.0,3063.2901378637894,8.307582300430709e-05,0.0,0.0
