iter,val,proj,gnorm,dnorm,step,maxstep
1.0,1872.5391417165665,0.0,3060.8576331876448,12.151600875410626,1.0,1.0
2.0,-347.9665588639846,0.0,3060.1841469254396,1.6828328712872125,1.0,1.0
3.0,-350.56930072295563,0.0,3060.3253170634075,1.4210854715202004e-14,0.0,0.0
