iter,val,proj,gnorm,dnorm,step,maxstep
1.0,1872.5391417165629,0.0,3059.4633153749487,12.10111074343239,1.0,1.0
2.0,-287.99862548087094,0.0,3058.070987982353,2.4385913920266464,0.8127102438097591,1.0
3.0,-291.19584484839925,0.0,3058.249313553006,0.6076390252579147,1.0,1.0
4.0,-291.5237295766592,0.0,3058.2339397167857,0.07126404020020688,0.9909064030168906,1.0
5.0,-291.53033765526834,0.0,3058.225427356953,0.004266093107454169,0.9551963681042829,1.0
6.0,-291.5303821339312,0.0,3058.2253881803126,0.0006749527066853022,0.0,0.0
