iter,val,proj,gnorm,dnorm,xnorm,step,maxstep
1.0,499.99999999999636,0.0,3952.4851702143046,15.510621990310892,15.811388300841896,0.5209984759206694,1.0
2.0,-886.3377940766732,0.0,3949.673397363262,7.739879736659398,17.00511680928793,0.6740509126165509,1.0
3.0,-1692.5130622320503,0.0,3948.438539706848,3.0355898977269686,19.1118881066262,0.9529190393777284,1.0
4.0,-2053.0331310277215,0.0,3948.0078012688405,0.7746920544969387,20.227102574961037,1.0,1.0
5.0,-2070.903815016154,0.0,3948.022807278013,0.03817783204983728,20.18710945852989,0.9165383720109428,1.0
6.0,-2070.9046670409407,0.0,3948.025149826251,0.010969055569119722,20.1826326493517,1.0,1.0
7.0,-2070.904750036585,0.0,3948.024897851652,0.0010026760459331066,20.182292021425006,0.9988230745313359,873.7978182156967
8.0,-2070.904750538666,0.0,3948.024850934259,1.5890769662254762e-05,20.182302021634328,0.0,0.0
