iter,val,proj,gnorm,dnorm,xnorm,step,maxstep
1.0,500.0,0.0,3955.354777344758,15.510955536329798,15.811388300841896,0.49343357504275903,1.0
2.0,-842.1954871328999,0.0,3953.0976826646947,8.084011973664264,16.82984943461286,0.5794787838056995,1.0
3.0,-1590.1933932496613,0.0,3951.9258516501745,3.7528388352413846,18.724207436065054,0.742720057153198,1.0
4.0,-1979.765329319056,0.0,3951.3564909490806,1.4408190652052038,19.98973501294263,1.0,1.0
5.0,-2112.8708507094816,0.0,3951.2093645234095,0.26365873134709095,20.43095448306142,1.0,1.0
6.0,-2112.9145348836755,0.0,3951.209172431504,0.0708664793528285,20.403331329667296,1.7405006871184956,4.687637866727956
7.0,-2112.9189053312366,0.0,3951.2053811334395,0.05656352610298112,20.39932222391433,0.7303211388945247,4.5082039967310426
8.0,-2112.920073637837,0.0,3951.2067211270914,0.023133499554512,20.39816338963087,1.6484757064684779,8.279864471968388
9.0,-2112.9205147360044,0.0,3951.205250006189,0.02151584778874147,20.397331981189303,0.732736139195662,12.419345804369827
10.0,-2112.9206843394168,0.0,3951.205783355956,0.008935374043749498,20.396873737838916,1.6468550467252108,17.61089949674323
11.0,-2112.9207500826014,0.0,3951.2052176893903,0.008342176768453205,20.396546856059846,0.7328309424638432,30.369897279689095
12.0,-2112.920775582126,0.0,3951.2054232273094,0.0034661024871944185,20.39637475253395,1.6466567676570227,41.664095179299196
13.0,-2112.9207854734814,0.0,3951.2052032149495,0.003236099618816024,20.396252382586685,0.7328482514339041,77.99063047195142
14.0,-2112.9207893108505,0.0,3951.20528311721,0.001344687248545829,20.39618577490939,1.6466179075994811,103.6614833269342
15.0,-2112.9207907994933,0.0,3951.205197861663,0.0012554611258348124,20.396138528718474,0.7328516782316503,199.34929644846002
16.0,-2112.920791377059,0.0,3951.20522883239,0.0005216870743166578,20.39611281764482,0.0,0.0
