iter,val,proj,gnorm,dnorm,xnorm,step,maxstep
1.0,500.0,0.0,3974.1037474567775,15.507981730616748,15.811388300841896,0.5342048229310029,1.0
2.0,-799.4862182215511,0.0,3972.319110630039,7.458588946488176,16.849492715451117,0.6532359583225773,1.0
3.0,-1489.1305267880562,0.0,3971.5870953570047,3.1469913424098332,18.795808781959614,1.0,1.0
4.0,-1843.860621180971,0.0,3971.422769560017,1.0132450500748067,19.96267737493216,0.9895873755122256,1.0
5.0,-1844.3808881759214,0.0,3971.4980100435914,0.1866353740173471,19.850913444234326,0.951356826090999,1.0
6.0,-1844.3975748863922,0.0,3971.4791109983175,0.1301156418246272,19.858922008064408,1.0,1.0
7.0,-1844.406893373678,0.0,3971.4924307870588,0.10630903350829429,19.85534617896386,1.0,1.0
8.0,-1844.4139595718407,0.0,3971.4821184556986,0.10097040545145175,19.86160716127422,1.2762571065957558,3.1510932293656078
9.0,-1844.4204653069064,0.0,3971.4941606968664,0.03624077370160132,19.858780370768255,0.7350479367837129,1.0
10.0,-1844.4225756598353,0.0,3971.490796050138,0.01892586492904681,19.860373114100522,1.0,1.0
11.0,-1844.4234296774084,0.0,3971.491496857251,0.006951960956451528,19.860606845386236,0.9988788536319452,39.18232867990289
12.0,-1844.4234538151686,0.0,3971.492123529951,0.00010913592303309328,19.860524158308817,0.0,0.0
