iter,val,proj,gnorm,dnorm,xnorm,step,maxstep
1.0,500.0,0.0,3949.0945113428215,15.519285021355659,15.811388300841896,0.4587264631798666,1.0
2.0,-764.4216333966651,0.0,3947.0788015102216,8.507334082406562,16.75749563156691,0.5239865619934535,1.0
3.0,-1495.5692280620424,0.0,3946.0652972694347,4.518812161011657,18.50730045143,0.7242726282595222,1.0
4.0,-1959.640276562459,0.0,3945.469086568566,1.899578840001322,19.932317913774224,1.0,1.0
5.0,-2133.693699931544,0.0,3945.2241492337507,0.3732216700701526,20.50869736391672,1.0,1.0
6.0,-2133.780018929756,0.0,3945.2235943314586,0.11517138354556906,20.47409728509035,1.0,1.0
7.0,-2133.794490092954,0.0,3945.2216426303994,0.05742851338312071,20.477644877103753,1.0015663796520495,3.7459442625258395
8.0,-2133.796141692983,0.0,3945.2205554020265,0.0017408924861397228,20.479551994315877,1.1842366567832565,56.895765021729304
9.0,-2133.7961434874596,0.0,3945.220524789564,0.0005164545208409807,20.47956558673855,0.0,0.0
