iter,val,proj,gnorm,dnorm,xnorm,step,maxstep
1.0,500.0,0.0,3947.3698305142375,15.538068314265306,15.811388300841896,0.4760521310730994,1.0
2.0,-736.2603173169664,0.0,3945.3686480051642,8.393946992284867,16.73649323560562,0.5799320386519629,1.0
3.0,-1472.543793802659,0.0,3944.474415247733,3.8985939524768205,18.68786471026003,0.7753094297101891,1.0
4.0,-1871.0625172471737,0.0,3944.0950284186015,1.3722557245446463,20.039017651421933,1.0,1.0
5.0,-1985.0875335198398,0.0,3943.9909027083963,0.3052296277527557,20.357277114938675,1.0,1.0
6.0,-1985.1454755031991,0.0,3943.9753790432496,0.032166439687595146,20.317872419357276,0.9993972200447512,7.449462447468707
7.0,-1985.1459925311865,0.0,3943.978308870947,0.0006998639320682466,20.317327391104083,0.0,0.0
