iter,val,proj,gnorm,dnorm,xnorm,step,maxstep
1.0,500.0,0.0,3945.1028937342053,15.504956889188476,15.811388300841896,0.5110463322654957,1.0
2.0,-915.691028588848,0.0,3942.796084715029,7.858328614635296,16.857974987003573,0.6260316964467042,1.0
3.0,-1712.0128694788764,0.0,3941.6434113685496,3.468876592758919,18.863894644825546,0.8892689212409763,1.0
4.0,-2122.4913614370125,0.0,3941.2469966825424,1.078724654431615,20.178256496613468,1.0,1.0
5.0,-2173.4043322050784,0.0,3941.2596706123713,0.18503840328985172,20.322577757486584,1.0,1.0
6.0,-2173.435545387074,0.0,3941.2760982095547,0.1023657593519093,20.31877454040931,1.0,1.0
7.0,-2173.4459054165127,0.0,3941.2731718223467,0.028336335528834695,20.323023078611627,0.9995914415628644,1.0
8.0,-2173.446914496584,0.0,3941.273007478279,0.0004491298297656173,20.32424689109957,0.0,0.0
