iter,val,proj,gnorm,dnorm,xnorm,step,maxstep
1.0,500.0,0.0,3947.9523494411633,15.523383394092924,15.811388300841896,0.5052615739728714,1.0
2.0,-862.9363379642164,0.0,3945.80988687039,7.912199438571517,16.78869345516999,0.6235847040484414,1.0
3.0,-1642.72701285718,0.0,3944.646924473763,3.481459303225814,18.75341174694635,0.8375499080992881,1.0
4.0,-2024.6126755109944,0.0,3944.2193665110967,1.098195492669522,20.00632983557052,1.0,1.0
5.0,-2098.012653166217,0.0,3944.1645993649217,0.2460554816868064,20.22809999093298,0.9686120108963512,1.0
6.0,-2098.0528938873867,0.0,3944.1949077444065,0.08844153588324012,20.222842480466365,1.0,1.0
7.0,-2098.0587920903818,0.0,3944.192947196394,0.022122692866915566,20.223193443514617,1.0024900983227316,26.93464033329573
8.0,-2098.059037406445,0.0,3944.191848133704,0.0004388095382204966,20.223473610229995,0.0,0.0
