iter,val,proj,gnorm,dnorm,xnorm,step,maxstep
1.0,500.0,0.0,3958.3477706914537,15.486808525099788,15.811388300841896,0.5215015225101194,1.0
2.0,-820.0794016413565,0.0,3955.8366010354225,7.782658089878778,16.913821551138394,0.6886929839365604,1.0
3.0,-1600.9486674398213,0.0,3954.798698502492,3.0738864565640314,19.045246103952213,1.0,1.0
4.0,-1943.7268786814275,0.0,3954.6888756245016,0.9821853568301758,20.15799480878045,0.9113396951485991,1.0
5.0,-1944.2524632674358,0.0,3954.7316437643135,0.10223433910831076,20.068220376193704,1.0,1.0
6.0,-1944.2619480512294,0.0,3954.7501564303084,0.013816412840920929,20.058724761320683,1.0320351515208548,8.76085553249761
7.0,-1944.2620465555447,0.0,3954.752040649361,0.002105683521139833,20.058140582965464,1.0743728805591044,33.843156165847624
8.0,-1944.2620489373076,0.0,3954.7520048413758,0.0006356245413248719,20.058252518965688,0.0,0.0
