iter,val,proj,gnorm,dnorm,xnorm,step,maxstep
1.0,10.000000000000114,0.0,266.27321624216967,6.93564893861426,7.0710678118654755,0.28838141410383106,1.0
2.0,-185.094356500289,0.0,263.88500460244626,4.941951274297059,7.33278554683675,0.28922114215871186,1.0
3.0,-315.8617969839604,0.0,262.28450470922155,3.5101693015961897,7.829194180172027,0.2898728144139351,1.0
4.0,-404.7168701303997,0.0,261.193593543672,2.4962141174422188,8.308060821429946,0.2916740412356222,1.0
5.0,-466.0278161405015,0.0,260.43919285290247,1.7788922538531813,8.700414995005193,0.29575481911995527,1.0
6.0,-508.9501361139023,0.0,259.9112811760176,1.2696912582637752,9.00326436781866,0.30401977904967303,1.0
7.0,-539.446644544826,0.0,259.53641422183915,0.907954393225432,9.231290521490376,0.3209706428200914,1.0
8.0,-561.5509154446981,0.0,259.2648208442765,0.6493381013409233,9.402244867305017,0.36067667380810625,1.0
9.0,-578.2494716543355,0.0,259.0606845776802,0.47182288034694914,9.531529134128094,0.47338907895663057,1.0
10.0,-592.1600430516422,0.0,258.89094118354546,0.34633305326528985,9.635833915094045,0.9167934775332238,1.0
11.0,-606.2738175332381,0.0,258.7179203949895,0.22510286040613428,9.735203023829325,1.0,1.0
12.0,-607.5908506153677,0.0,258.71994137256934,0.0646920443408388,9.732503228372869,1.0,1.0
13.0,-607.5937354109377,0.0,258.726039773772,0.021028891837551147,9.731527361426943,1.0,1.0
14.0,-607.593980414851,0.0,258.72172933122596,0.005626364175400732,9.731988369455742,0.8287305277514817,4.38082832567338
15.0,-607.5939935319868,0.0,258.72266903847395,0.002140918747969468,9.731957232513398,1.7155226323858102,255.54119754676384
16.0,-607.5939974635642,0.0,258.72211428555113,0.001693606225613812,9.731985705509862,0.8299488489315227,14.084472924976312
17.0,-607.5939986538361,0.0,258.72239980137994,0.0006487130574858245,9.731960626422818,0.0,0.0
