iter,val,proj,gnorm,dnorm,xnorm,step,maxstep
1.0,1.0,0.0,268.1277704105885,0.7071067811865476,0.7071067811865476,0.3009219720317,1.0
2.0,-20.452522313371844,0.0,267.8762303653263,0.494322814154904,0.7384287485097825,0.30092197203170007,1.0
3.0,-35.36015142150717,0.0,267.70146883807234,0.34557021809915067,0.7941716983430267,0.30092197203170007,1.0
4.0,-45.73807727984317,0.0,267.5798280294782,0.24158054659332956,0.8465900277551939,0.3009219720316999,1.0
5.0,-52.971715204696,0.0,267.49505155368286,0.16888365210796888,0.8886417369644172,0.3009219720317,1.0
6.0,-58.01816248042833,0.0,267.4359133439402,0.11806285047172334,0.920311225788304,0.30092197203169996,1.0
7.0,-61.54092561473309,0.0,267.3946333091651,0.08253514468408862,0.9434456683473404,0.30092197203170007,1.0
8.0,-64.00112082971748,0.0,267.36580575058315,0.05769850618383099,0.9600682828018037,0.30092197203169996,1.0
9.0,-65.71977182823673,0.0,267.3456679028662,0.04033575791970937,0.9718969068107514,0.30092197203169985,1.0
10.0,-66.9206480132249,0.0,267.33159724242785,0.028197842103117172,0.9802639173035949,0.30092197203170007,1.0
11.0,-67.7598634026604,0.0,267.3217643046396,0.01971249185040867,0.986159677238902,0.3009219720317,1.0
12.0,-68.3463983419675,0.0,267.31489204986383,0.013780569929124869,0.9903036075954548,0.30092197203169996,1.0
13.0,-68.75636258488112,0.0,267.3100886560078,0.009633693650331895,0.9932113107679058,0.3009219720317001,1.0
14.0,-69.04292564049564,0.0,267.30673112357783,0.006734703559124737,0.9952492386935812,0.30092197203169996,1.0
15.0,-69.24323899004035,0.0,267.30438414909145,0.00470808328306405,0.9966764423906633,0.30092197203169996,1.0
16.0,-69.38326554554182,0.0,267.3027435298422,0.003291317577034894,0.9976754015289108,0.30092197203169996,1.0
17.0,-69.48115107240258,0.0,267.3015966573788,0.0023008878011709978,0.9983743523101737,0.3009219720317,1.0
18.0,-69.54957875749993,0.0,267.30079492769545,0.0016085001066189874,0.9988632662215254,0.30092197203170007,1.0
19.0,-69.5974141025198,0.0,267.30023446765097,0.0011244670825220214,0.9992051980587746,0.30092197203169996,1.0
20.0,-69.63085427879705,0.0,267.2998426679984,0.0007860902305647639,0.9994443048377117,0.0,0.0
