iter,val,proj,gnorm,dnorm,xnorm,step,maxstep
1.0,1.0000000000000142,0.0,272.86352784868603,0.7038433687714437,0.7071067811865476,0.3058926399293356,1.0
2.0,-22.66355077547196,0.0,272.57556039744605,0.4883513590813186,0.7376690876007872,0.30616518819041355,1.0
3.0,-39.01409222182217,0.0,272.3765967842472,0.3390548506479091,0.7928769270093083,0.3068896804058393,1.0
4.0,-50.34252323543793,0.0,272.23877399105083,0.23540727867260297,0.8445596139607535,0.3080831942876665,1.0
5.0,-58.20414022799804,0.0,272.143158865452,0.16334400357051276,0.8857845508010447,0.30976564409212853,1.0
6.0,-63.6633874698406,0.0,272.07678783542013,0.11319532410637392,0.9166427240874514,0.3119601200828138,1.0
7.0,-67.45338920648628,0.0,272.0307311340149,0.0782869502556062,0.9390289546638647,0.31469327643056355,1.0
8.0,-70.08156750749549,0.0,271.998808548164,0.05399599751967315,0.9549784940830914,0.3179957761016235,1.0
9.0,-71.9004523021119,0.0,271.9767272847124,0.03711073192907024,0.9662065242538943,0.3219028026222388,1.0
10.0,-73.15564251268303,0.0,271.9614975807869,0.02539408358327101,0.9740388615134506,0.32645465014206837,1.0
11.0,-74.01856331975675,0.0,271.95103341109456,0.017284638796531963,0.9794596023277964,0.33169740494917016,1.0
12.0,-74.60899327225692,0.0,271.9438778588222,0.011690888852942883,0.9831831987096953,0.3376837334933486,1.0
13.0,-75.01064424524542,0.0,271.93901318938737,0.007849061635290679,0.9857213557386855,0.34447379398782396,1.0
14.0,-75.28198737910097,0.0,271.9357289017024,0.0052245131494800265,0.9874371847710448,0.35213629065108304,1.0
15.0,-75.46380475757671,0.0,271.9335297122566,0.003443096157891207,0.9885865204331216,0.36074969137610313,1.0
16.0,-75.58447364914718,0.0,271.9320711898737,0.002243245405029242,0.9893484975817901,0.37040363063236154,1.0
17.0,-75.66367323844655,0.0,271.93111462361645,0.0014424356162504029,0.9898477909733822,0.3812005189781604,1.0
18.0,-75.71498950718876,0.0,271.93049532064487,0.0009136469211559829,0.9901706201181354,0.0,0.0
