iter,val,proj,gnorm,dnorm,xnorm,step,maxstep
1.0,1.0000000000000284,0.0,259.8241809518685,0.7071067811865476,0.7071067811865476,0.2852224589819482,1.0
2.0,-18.547016832234434,0.0,259.6260066830624,0.5054240462937101,0.7353066880926996,0.28522245898194815,1.0
3.0,-32.43138727290331,0.0,259.48568339052696,0.36126575698121205,0.7871505662980849,0.2852224589819481,1.0
4.0,-42.31097109645155,0.0,259.3860626842845,0.2582246494290558,0.8375530838168708,0.2852224589819481,1.0
5.0,-49.34986253874868,0.0,259.31520348057313,0.184573179949149,0.8792277090845834,0.28522245898194815,1.0
6.0,-54.369448638745226,0.0,259.26473257372487,0.13192876370193515,0.9114986296191175,0.28522245898194803,1.0
7.0,-57.95138121506851,0.0,259.2287479260917,0.09429971730842082,0.9356989353092856,0.2852224589819481,1.0
8.0,-60.50862380851785,0.0,259.2030733303376,0.06720359089150675,0.9535305544039355,0.28463494553949054,1.0
9.0,-62.33116795680416,0.0,259.1847853157492,0.04798782015019251,0.9664086525712186,0.2846213724359383,1.0
10.0,-63.63410207334499,0.0,259.1717171822858,0.03432831468085951,0.9756657750604094,0.28533728309348527,1.0
11.0,-64.56813492274145,0.0,259.1623524670308,0.02457637917641859,0.98231058388582,0.28679251322324895,1.0
12.0,-65.23885082677782,0.0,259.1556298265331,0.017590728998161588,0.9870749429301857,0.28900313813641104,1.0
13.0,-65.7207911112375,0.0,259.1508005409018,0.012574689026855887,0.9904864572514677,0.2919917449696286,1.0
14.0,-66.06693768275005,0.0,259.14733275872817,0.008967885513156842,0.9929246846947608,0.29578778200002553,1.0
15.0,-66.31517014662077,0.0,259.14484641042435,0.006373430425872297,0.994662693170883,0.3004279877243956,1.0
16.0,-66.49270632013257,0.0,259.1430685067334,0.004508483731541426,0.9958971384433977,0.3059569010007648,1.0
17.0,-66.61918397297748,0.0,259.14180214673945,0.003170377516810231,0.9967698306089181,0.31242745120898324,1.0
18.0,-66.7088176261259,0.0,259.14090484459217,0.0022132025159516894,0.9973831470270218,0.31990162355151786,1.0
19.0,-66.77191976163115,0.0,259.14027325249634,0.0015314947284561676,0.9978110475722484,0.3284511885588693,1.0
20.0,-66.8159814502479,0.0,259.13983231359276,0.0010487829527007209,0.9981069614520467,0.3381584755384645,1.0
21.0,-66.84644509207445,0.0,259.1395275083781,0.0007094918878937928,0.9983094501668491,0.0,0.0
