iter,val,proj,gnorm,dnorm,xnorm,step,maxstep
1.0,50.0,0.0,3964.0281015744577,15.222419781073839,15.811388300841896,0.4449339825533975,1.0
2.0,-1128.5592306479157,0.0,3962.6997028777782,8.559496208926953,17.126227209641865,0.5217586214816203,1.0
3.0,-1846.5213914363922,0.0,3961.973247325985,4.375054129912537,19.211548579974295,0.617626613744785,1.0
4.0,-2238.715676977714,0.0,3961.6669041303126,1.9826221963882555,20.70724567363845,0.7571225169511292,1.0
5.0,-2419.576824981268,0.0,3961.5802003141953,0.7952457926984866,21.462006250097087,1.0,1.0
6.0,-2477.4489615694947,0.0,3961.587858656049,0.4207495612092816,21.682279992713802,1.0,1.0
7.0,-2477.7847989635084,0.0,3961.5934102448823,0.3433851824143015,21.636188069275057,1.0,1.0
8.0,-2478.020608700859,0.0,3961.60036391876,0.30865415437124755,21.599531671425865,1.0,1.0
9.0,-2478.20625614253,0.0,3961.604266475319,0.2712300002062522,21.573329718638877,1.0,1.0
10.0,-2478.3558944153374,0.0,3961.60505244867,0.23149807339457287,21.55602156928896,1.0,1.0
11.0,-2478.464665699292,0.0,3961.604522224814,0.18116661404344064,21.545347700777167,1.0,1.0
12.0,-2478.525901241963,0.0,3961.6075325090733,0.12401400367092226,21.539619992993718,1.0,1.0
13.0,-2478.555067810252,0.0,3961.6093203703085,0.04076925172995241,21.537399583875498,1.0,1.0
14.0,-2478.5588804408035,0.0,3961.610015329077,0.019968676922638495,21.536623268171883,1.101703810732561,3.127503651403241
15.0,-2478.5595393941767,0.0,3961.610627164572,0.010375759055829525,21.536272890104147,1.3786366608145044,4.511696629807294
16.0,-2478.5597620227054,0.0,3961.6109567531666,0.005886929233885033,21.5361206686742,2.9752170851070097,10.096163386636304
17.0,-2478.559916686121,0.0,3961.6111610383064,0.004171745079852099,21.536097796498957,4.164422858383017,89.9764160759032
18.0,-2478.560025399227,0.0,3961.6110019851794,0.0029697225214902635,21.536297780154065,2.936274053036466,17.305089103700986
19.0,-2478.5600642426725,0.0,3961.6111239144875,0.0021074055892088234,21.5362788375081,4.177742509431218,165.04049473271212
20.0,-2478.5600920740253,0.0,3961.6110321747637,0.0015023414727279387,21.536397259303357,2.901381936990473,31.923399468174026
21.0,-2478.5601018961024,0.0,3961.6111024672455,0.0010664724248805341,21.536383190820917,4.199088041200644,93.84621439585372
22.0,-2478.560109061851,0.0,3961.6110503362956,0.0007613159922271633,21.53644939777766,0.0,0.0
