iter,val,proj,gnorm,dnorm,xnorm,step,maxstep
1.0,50.0,0.0,3948.238498537797,15.248761716119771,15.811388300841896,0.4636558937507748,1.0
2.0,-1204.4728362488495,0.0,3945.949428605266,8.275482028393455,17.250134393951953,0.5284199719228683,1.0
3.0,-1923.251839546294,0.0,3944.7011565156017,4.133497409192261,19.35248691970638,0.6161471229899408,1.0
4.0,-2305.242740673624,0.0,3944.0784086599247,1.8636045929308391,20.78306865579427,0.7194961147753162,1.0
5.0,-2473.85053080563,0.0,3943.8487246399827,0.7595766051166968,21.47214730735692,0.9745769799643106,1.0
6.0,-2537.5928235313622,0.0,3943.803885796085,0.40270122764119115,21.71712220224729,1.0,1.0
7.0,-2539.551663514303,0.0,3943.81651181977,0.3622589780644681,21.678760835438098,1.0,1.0
8.0,-2539.8147295306735,0.0,3943.816197312005,0.32894878488985274,21.6410683025559,1.0,1.0
9.0,-2540.028586149503,0.0,3943.811156371685,0.28934181222502164,21.612286115247567,1.0,1.0
10.0,-2540.1902329288678,0.0,3943.8090968237316,0.25482858699216665,21.592534023336594,1.0,1.0
11.0,-2540.3201753062967,0.0,3943.807263817064,0.23333457315105863,21.580686857351306,1.0,1.0
12.0,-2540.4271464628946,0.0,3943.806222447252,0.16771511458640548,21.5742816848375,1.0,1.0
13.0,-2540.48799362552,0.0,3943.805490798431,0.0459191314527191,21.57148057289569,1.0,1.0
14.0,-2540.493516694525,0.0,3943.804195524306,0.014570835555298187,21.570609308845153,0.9999874383640264,7.919292262810475
15.0,-2540.4938351543824,0.0,3943.8047771260217,0.007285418999311153,21.570328051193833,0.9999881090942124,13.83836895119569
16.0,-2540.4939147694568,0.0,3943.8050678326667,0.0036427101104698945,21.570190948840903,0.9999887798104035,25.676320413109252
17.0,-2540.4939346732535,0.0,3943.8052131203776,0.0018213553606352684,21.57012323860138,0.9999894505117742,49.35182535500582
18.0,-2540.4939396491973,0.0,3943.8052857268026,0.0009106778330179577,21.5700895733838,0.0,0.0
