iter,val,proj,gnorm,dnorm,xnorm,step,maxstep
1.0,50.0,0.0,3950.3563209758686,15.252329709050072,15.811388300841896,0.42503828026255897,1.0
2.0,-1061.629506925965,0.0,3947.7746094114455,8.812214483430669,17.02634195416546,0.4768663336490695,1.0
3.0,-1730.354792504444,0.0,3946.40934847083,4.817778195574014,18.93745057931845,0.5630399748285219,1.0
4.0,-2127.4664420597765,0.0,3945.7917067806266,2.4055902575088206,20.423960957895627,0.6834922521231024,1.0
5.0,-2334.037354574997,0.0,3945.6064307887887,1.0449320779364764,21.286145691757458,0.9132233138852528,1.0
6.0,-2420.7459818851385,0.0,3945.5894042280465,0.47469733975617834,21.64627227278724,1.0,1.0
7.0,-2429.3119473011975,0.0,3945.6174904029726,0.3953766810096267,21.634756706581843,1.0,1.0
8.0,-2429.6240192973164,0.0,3945.6240268765387,0.36477672618074813,21.590465945639927,1.0,1.0
9.0,-2429.884492449193,0.0,3945.630254681688,0.3346266986656607,21.558953547142785,1.0,1.0
10.0,-2430.107378209799,0.0,3945.629160098589,0.28875080621632143,21.539250120690884,1.0,1.0
11.0,-2430.2779571635547,0.0,3945.6259083004775,0.21963242407701788,21.528665019610237,1.0,1.0
12.0,-2430.367891167145,0.0,3945.612577666641,0.1430976921702963,21.522830638573407,1.0,1.0
13.0,-2430.4055274471793,0.0,3945.602959342254,0.07463367101496901,21.52046726874029,1.0,1.0
14.0,-2430.4147903872763,0.0,3945.5961259887363,0.039937011703322346,21.519636265582996,1.0,1.0
15.0,-2430.4175394207596,0.0,3945.592526048492,0.027684972846925723,21.519489451540643,2.055410247618114,2.055410247618114
16.0,-2430.4200757289655,0.0,3945.5886052006467,0.020928427228259334,21.519823697248995,12.767661653232535,12.767661653232535
17.0,-2430.4285629272927,0.0,3945.589355170692,0.008567248499309735,21.52629355709018,0.9997367180367808,2.6594460588758126
18.0,-2430.4286729948362,0.0,3945.5888806508087,0.0042837760857606785,21.526175717156697,0.9998761376412655,3.323051058700651
19.0,-2430.428700517532,0.0,3945.5886442983888,0.0021419597097331734,21.52611854842901,1.000009004313049,4.6514674190621195
20.0,-2430.4287073995692,0.0,3945.5885266197906,0.0010710150146241591,21.52609046671843,1.0001406896118903,7.311057642317529
21.0,-2430.4287091203987,0.0,3945.588468054611,0.0005355254563772594,21.52607657137773,0.0,0.0
