iter,val,proj,gnorm,dnorm,xnorm,step,maxstep
1.0,49.99999999999636,0.0,3939.94832605632,15.205457405847831,15.811388300841896,0.4798924303638983,1.0
2.0,-1249.7891312016982,0.0,3938.0054278507473,8.02493696022851,17.33561637006116,0.5539168591831394,1.0
3.0,-1982.3654237538103,0.0,3936.8590795643777,3.8199088253442612,19.50134337617107,0.6386686020456649,1.0
4.0,-2347.215628245929,0.0,3936.331313167124,1.625784480606415,20.865642235614715,0.7468081030056091,1.0
5.0,-2499.2117891044873,0.0,3936.1605509230358,0.6678184848893088,21.467465459505494,1.0,1.0
6.0,-2550.6542034519734,0.0,3936.1201526118184,0.416604276832561,21.634306280240224,1.0,1.0
7.0,-2551.000359823247,0.0,3936.121704407177,0.36910280564700626,21.576361481279342,1.3311161321965965,1.3311161321965965
8.0,-2551.3401942634773,0.0,3936.1328758963773,0.3218336799098327,21.519012849539898,1.0,1.0
9.0,-2551.5471838401354,0.0,3936.139996963546,0.2858246292445433,21.49365269032995,1.0,1.0
10.0,-2551.7106288433642,0.0,3936.1439403556346,0.22228293084447134,21.47679370977098,1.0,1.0
11.0,-2551.8060957980924,0.0,3936.1446154056766,0.14254907530447367,21.466798011218415,1.0,1.0
12.0,-2551.8404916948093,0.0,3936.1518608983083,0.07716617576187107,21.462097680250334,1.0,1.0
13.0,-2551.8495819975724,0.0,3936.156589309008,0.03911101583300421,21.459863587177725,1.004875237796852,1.109956196360888
14.0,-2551.851887691213,0.0,3936.158584082027,0.017627849468247338,21.458592255616665,1.0,1.0
15.0,-2551.8523801118063,0.0,3936.159247620753,0.008840706735290688,21.457983958437836,1.0108206439186518,6.601099151298184
16.0,-2551.8524986175107,0.0,3936.159552127395,0.0044250139421200705,21.457676902649848,1.0157784007056305,11.293349467062807
17.0,-2551.8525284520692,0.0,3936.159712563378,0.0022166707054310526,21.457520558475963,1.0249006741984028,20.869349531927163
18.0,-2551.8525360060485,0.0,3936.1597973447597,0.0011123426492841467,21.457438733062553,1.042902281777296,40.67559861669163
19.0,-2551.8525379416387,0.0,3936.159842491117,0.0005601894880428891,21.457394410063934,0.0,0.0
