iter,val,proj,gnorm,dnorm,xnorm,step,maxstep
1.0,49.99999999999636,0.0,3938.898775757762,15.278541688426943,15.811388300841896,0.4398728990034534,1.0
2.0,-1116.4743160515318,0.0,3936.0871189966524,8.625767729907182,17.113634531675856,0.4861889983652821,1.0
3.0,-1790.9180686093532,0.0,3934.729669911503,4.593392822770585,19.05710912564473,0.5424491215020729,1.0
4.0,-2162.8292116256453,0.0,3934.1095312577,2.253967093307359,20.447692517356792,0.6118943102954605,1.0
5.0,-2350.8706751434765,0.0,3933.862774926869,1.0286949097756097,21.213573084883578,0.7653180475121971,1.0
6.0,-2441.307858249802,0.0,3933.775657581666,0.5112006071975608,21.56933347877851,1.0,1.0
7.0,-2469.169181525387,0.0,3933.773623789013,0.40388860969870805,21.633400004747536,1.0,1.0
8.0,-2469.4911893522367,0.0,3933.78524028219,0.36178692695878123,21.5830652335474,1.0,1.0
9.0,-2469.7485429166227,0.0,3933.793262414149,0.32836512592198275,21.544925060135657,1.0,1.0
10.0,-2469.96085207591,0.0,3933.799392442634,0.2889688366415474,21.51878325643944,1.0,1.0
11.0,-2470.1212241359644,0.0,3933.8084271215293,0.2293717841285331,21.501778273635175,1.0,1.0
12.0,-2470.224305362619,0.0,3933.805908380692,0.1565593940634226,21.492188503763003,1.0,1.0
13.0,-2470.2668459740016,0.0,3933.8040119310494,0.07557965115989652,21.487088606256265,1.0,1.0
14.0,-2470.2766248834923,0.0,3933.802200359273,0.0371883445238484,21.484871378515408,0.9999298339328762,1.2448439813677639
15.0,-2470.278699197381,0.0,3933.8014310704543,0.017222061961113252,21.483873951769308,0.9999194336653371,1.0
16.0,-2470.279176371885,0.0,3933.8011004579694,0.008382817924742512,21.48338928259299,0.9999159600179844,1.0
17.0,-2470.279281774332,0.0,3933.8009609969104,0.004191409109728631,21.483147374432484,0.999916103320258,1.0
18.0,-2470.2793081239433,0.0,3933.800891455816,0.002095704629794037,21.48302762588763,0.9999162462607895,1.0
19.0,-2470.2793147113916,0.0,3933.8008567736238,0.0010478523522954302,21.482968048229008,0.9999163889523558,1.0
20.0,-2470.2793163582282,0.0,3933.8008394753574,0.0005239261948094888,21.4829383311209,0.0,0.0
