iter,val,proj,gnorm,dnorm,xnorm,step,maxstep
1.0,50.0,0.0,3956.4059336579708,15.239418935063286,15.811388300841896,0.45357604459215073,1.0
2.0,-1184.1584178443845,0.0,3954.3750772629755,8.403041990672936,17.18708743758586,0.494559457843098,1.0
3.0,-1872.672287188856,0.0,3953.277677150423,4.3870249948874624,19.15393610720222,0.5373140869286849,1.0
4.0,-2237.0365310848247,0.0,3952.720596343461,2.193511358342131,20.49114052164848,0.61763362951676,1.0
5.0,-2427.2134325721127,0.0,3952.4776669757625,1.0206888093450242,21.24785930755083,0.7864228025530949,1.0
6.0,-2519.051247441381,0.0,3952.3937978906165,0.4940378405476352,21.603820687433924,1.0,1.0
7.0,-2544.141586462327,0.0,3952.394486569964,0.3924212427690899,21.65731800434535,1.0,1.0
8.0,-2544.445416935898,0.0,3952.403757390028,0.3591990908050629,21.60800177239085,1.0,1.0
9.0,-2544.698901203934,0.0,3952.3985915356993,0.3337403940373445,21.571343947605577,1.0,1.0
10.0,-2544.9200993798077,0.0,3952.392310589382,0.31693343225334336,21.546086338519224,1.0,1.0
11.0,-2545.119312538336,0.0,3952.3892408693455,0.27234881817096357,21.529534411279354,1.0,1.0
12.0,-2545.2682310870878,0.0,3952.3843498429046,0.19845982344349647,21.51956040394588,1.0,1.0
13.0,-2545.3424125345446,0.0,3952.387520134948,0.09701718088645701,21.514992432612438,1.0,1.0
14.0,-2545.359403864102,0.0,3952.394190539729,0.04071037589808063,21.513432449493266,1.0,1.0
15.0,-2545.3620750033406,0.0,3952.393992711054,0.01787137172691785,21.5128880780599,1.0365061519358767,2.604158073298439
16.0,-2545.362571571546,0.0,3952.39379069331,0.008982807349127049,21.51269344616174,1.0611262030639805,3.1431841215264678
17.0,-2545.362700006266,0.0,3952.3936978317083,0.00452698552192453,21.512630454335504,1.0987624084661363,4.322594363600174
18.0,-2545.362733782662,0.0,3952.3936552137725,0.0022890832102973684,21.51261815361126,1.153319895170919,7.014714857273561
19.0,-2545.36274284761,0.0,3952.393635996196,0.001161167877932549,21.512623635601816,1.2241907574188466,13.631119154697775
20.0,-2545.362745323473,0.0,3952.3936277061152,0.0005896754010060674,21.512633462020762,0.0,0.0
