iter,val,proj,gnorm,dnorm,xnorm,step,maxstep
1.0,49.99999999998545,0.0,3952.702571842966,15.281839892499855,15.811388300841896,0.4440419414679221,1.0
2.0,-1111.8014258560506,0.0,3950.858392184997,8.508787688341389,17.140834800481727,0.48150097772666045,1.0
3.0,-1764.802769014601,0.0,3949.990824949335,4.547594856923703,19.04662889875901,0.5511521775146515,1.0
4.0,-2137.6350199735098,0.0,3949.6406645246607,2.272980534458983,20.438244930482032,0.6660630988115179,1.0
5.0,-2336.051509141693,0.0,3949.5450158701474,1.0559687249222671,21.241714374117524,0.9090270872311552,1.0
6.0,-2425.901284733278,0.0,3949.5693423856105,0.5111121303021047,21.587047797396753,1.0,1.0
7.0,-2435.256484278958,0.0,3949.5953834095176,0.43165161071425573,21.564561074357048,1.0,1.0
8.0,-2435.625623079486,0.0,3949.592054537519,0.38337069458951134,21.513926219587322,1.0,1.0
9.0,-2435.916509231516,0.0,3949.587179520045,0.3456271048208614,21.475470199705388,1.0,1.0
10.0,-2436.149051105949,0.0,3949.5829299717134,0.3106611911956253,21.448841763522577,1.0,1.0
11.0,-2436.3419633266967,0.0,3949.578935213651,0.24424612061124187,21.431588805145037,1.0,1.0
12.0,-2436.4603976982216,0.0,3949.5696196463987,0.15833168894740096,21.421654237127807,1.0,1.0
13.0,-2436.50227493278,0.0,3949.567150217369,0.07954979802219017,21.41698062958226,1.0,1.0
14.0,-2436.5125088987443,0.0,3949.5657234582477,0.03484646158347298,21.415025387527276,1.0,1.0
15.0,-2436.5143304483245,0.0,3949.565335451835,0.017132682695541794,21.414198842820653,1.0,1.0
16.0,-2436.514780119687,0.0,3949.5651070913377,0.008124954187497407,21.413801112754808,1.000121332497509,4.9588354174942175
17.0,-2436.5148791540087,0.0,3949.5648820108663,0.004062492056620508,21.413602148797537,1.0001361082501703,7.9174890492665435
18.0,-2436.514903913161,0.0,3949.564768962576,0.0020312535955641863,21.413503506415687,1.0001510576484942,13.83504423208215
19.0,-2436.514910103113,0.0,3949.564712164846,0.0010156306288662419,21.413454315465568,1.0001661986514279,25.67084811761602
20.0,-2436.5149116506,0.0,3949.5646836206006,0.0005078172559860934,21.413429712531084,0.0,0.0
