iter,val,proj,gnorm,dnorm,xnorm,step,maxstep
1.0,200.0,0.0,2500.9178043602315,9.862511749042431,10.0,0.5085205618420614,1.0
2.0,-410.6297459259058,0.0,2499.2010142784547,4.932746425910074,10.773623193153444,0.5427696309836951,1.0
3.0,-711.9236945744633,0.0,2498.3533013229735,2.340443493867722,11.95972654362806,0.5930115764540053,1.0
4.0,-857.7202917282902,0.0,2497.9595678410838,1.0086503704552925,12.687913465322842,0.6685943793113769,1.0
5.0,-923.5989727253836,0.0,2497.808511042362,0.40318206034719056,13.03622685726318,0.8268700460827785,1.0
6.0,-950.4230142853667,0.0,2497.764491831312,0.11780926803338582,13.17224573495221,1.0,1.0
7.0,-956.0251807469194,0.0,2497.764719115325,0.017118989017976864,13.194220710236268,0.9999999999999998,15.112073709078842
8.0,-956.0253272768132,0.0,2497.768545519031,0.0,13.191873409708995,0.0,0.0
