iter,val,proj,gnorm,dnorm,xnorm,step,maxstep
1.0,200.0,0.0,2507.9333291230055,9.787870577136921,10.0,0.5146528998321862,1.0
2.0,-360.3986892407356,0.0,2506.7317932211567,4.8865020521731335,10.638373764555853,0.5933847446864358,1.0
3.0,-654.2575824740816,0.0,2506.1178709829705,2.277493262957006,11.771127692779094,0.8038317175342388,1.0
4.0,-811.0575811688141,0.0,2505.845598937345,0.7662612766720548,12.516937021759844,1.0,1.0
5.0,-848.8907570050542,0.0,2505.830218362353,0.13789342945631886,12.674015066023127,0.9961423473225407,1.7532562316698521
6.0,-848.9002276281499,0.0,2505.8470821918245,0.0032498033205781204,12.65190329471556,0.9504041696651485,11.036993304823822
7.0,-848.900232646869,0.0,2505.847032878199,0.0002513335225701086,12.652079043417634,0.0,0.0
