iter,val,proj,gnorm,dnorm,xnorm,step,maxstep
1.0,200.0,0.0,2506.1563457629695,9.743668782000615,10.0,0.5764845835641362,1.0
2.0,-427.1942086741783,0.0,2505.716103615842,4.394790990044915,10.767434094335549,0.7481944407223243,1.0
3.0,-752.2939525397651,0.0,2505.470801477894,1.519629592929491,12.062445924520812,1.0,1.0
4.0,-859.1772756388164,0.0,2505.409367435904,0.3707178105012017,12.546363634740649,1.0,1.0
5.0,-859.2669184034621,0.0,2505.414168933505,0.1430314075660536,12.510271327688683,1.4823038897976597,1.4823038897976597
6.0,-859.2872919354668,0.0,2505.4005611550047,0.012167008941622646,12.50847606639121,1.0,1.0
7.0,-859.2873659535271,0.0,2505.3991297828443,1.4210854715202004e-14,12.508508906320452,0.0,0.0
