iter,val,proj,gnorm,dnorm,xnorm,step,maxstep
1.0,200.0,0.0,2494.599141324313,9.794504686070374,10.0,0.5068658602489203,1.0
2.0,-365.21949608963405,0.0,2494.136369212029,4.964974186276224,10.7000088522992,0.5695011859707028,1.0
3.0,-658.9193396026494,0.0,2493.879614846752,2.243347749414729,11.855564110920982,0.6393628653708439,1.0
4.0,-796.1432124945677,0.0,2493.748627208363,0.9324664870141974,12.535349420235816,0.7748824396526822,1.0
5.0,-855.2036518329405,0.0,2493.680587628981,0.30806015866857733,12.831702500322901,0.9907704936003876,1.0
6.0,-872.0948299685151,0.0,2493.6540442779083,0.04215890227878733,12.90217372029916,1.0,1.0
7.0,-872.2525493884023,0.0,2493.651679430505,0.000371943119354545,12.896928383912314,0.0,0.0
