iter,val,proj,gnorm,dnorm,xnorm,step,maxstep
1.0,300.0,0.0,3058.465787743587,12.00714836623954,12.24744871391589,0.5541997744177042,1.0
2.0,-580.6704409850136,0.0,3057.6382060788023,5.621524831167841,13.045999802688275,0.6938073526812781,1.0
3.0,-1042.0285736720998,0.0,3057.3371142932365,2.0593690371720053,14.609542803689934,0.9411832544486634,1.0
4.0,-1228.3211568848274,0.0,3057.291016181969,0.410613682162402,15.39717754151443,1.0,1.0
5.0,-1239.90402611866,0.0,3057.2752376289404,0.022755607113870306,15.41343100107403,1.0019440049135848,20.281146598581454
6.0,-1239.9042855307835,0.0,3057.274566305297,0.0001286045496219422,15.410880631647426,0.0,0.0
