iter,val,proj,gnorm,dnorm,xnorm,step,maxstep
1.0,300.0,0.0,3045.9753756089362,11.978176779970406,12.24744871391589,0.4952025706557906,1.0
2.0,-534.3657513099497,0.0,3044.731173259217,6.234707211468013,12.917157051893467,0.5769160756335234,1.0
3.0,-994.9596477563719,0.0,3044.0542570737857,2.89276412182245,14.282882647313786,0.6946783189151391,1.0
4.0,-1221.8157674177746,0.0,3043.7440071247825,1.0412080845423786,15.18825685235532,0.8672427394772745,1.0
5.0,-1306.9287002971905,0.0,3043.670222579948,0.24963226736105176,15.547527640527212,1.0,1.0
6.0,-1319.8930694357168,0.0,3043.675796105973,0.025579688513054637,15.58134426120539,1.0000396029078826,20.8443778513413
7.0,-1319.8933966089335,0.0,3043.6783847846687,9.786469748284182e-05,15.577684048166084,0.0,0.0
