iter,val,proj,gnorm,dnorm,xnorm,step,maxstep
1.0,300.0,0.0,3071.1982094908817,11.96634669157037,12.24744871391589,0.5090508683802183,1.0
2.0,-498.8637877420406,0.0,3070.4629414367746,6.123144161305673,12.917604680881508,0.6534036220363186,1.0
3.0,-970.7387729031034,0.0,3070.3275559232434,2.4978866393016714,14.418376832987587,0.8798705173808572,1.0
4.0,-1183.946636622355,0.0,3070.29805192299,0.6933502705748722,15.32419560133267,1.0,1.0
5.0,-1212.802953295526,0.0,3070.274851068385,0.07654263309247923,15.422230404658864,0.9999805330979683,1.0
6.0,-1212.8058998269262,0.0,3070.2706516056996,5.623965652948942e-06,15.414460395997658,0.0,0.0
