iter,val,proj,gnorm,dnorm,xnorm,step,maxstep
1.0,300.0,0.0,3065.9056372638083,12.064364804781771,12.24744871391589,0.5223456538582979,1.0
2.0,-547.7370093554273,0.0,3064.6603488082874,5.883858919526136,13.231031419930337,0.6020643684323844,1.0
3.0,-984.7380373661581,0.0,3064.039777834171,2.691506883068787,14.777032368783297,0.8447546514622376,1.0
4.0,-1221.3459076249965,0.0,3063.7619644699316,0.9218569584851624,15.790338773904947,1.0,1.0
5.0,-1264.5255224567027,0.0,3063.7094848467964,0.12915274910212074,15.938048538689165,0.9999476399583717,1.1745440443285313
6.0,-1264.5338622362815,0.0,3063.7032032862066,3.6166535149295624e-05,15.9238235776437,0.0,0.0
