iter,val,proj,gnorm,dnorm,xnorm,step,maxstep
1.0,300.0,0.0,3060.37249657652,12.00511592798855,12.24744871391589,0.5278362760515621,1.0
2.0,-547.6789981851252,0.0,3058.9937613891857,5.867551999594847,13.137286518239469,0.6425707247876237,1.0
3.0,-1004.6974071488439,0.0,3058.3499067257735,2.3819724506559137,14.685921339222602,0.8157141024140053,1.0
4.0,-1205.730235466217,0.0,3058.109697243729,0.7310446585287952,15.494460656107881,1.0,1.0
5.0,-1250.674234595337,0.0,3058.067318995123,0.11338890674542569,15.620265003106885,1.0,1.0
6.0,-1250.6808996552645,0.0,3058.0704781014133,0.009234734035767996,15.600438036634264,1.5036575334926134,54.93389066182619
7.0,-1250.6809637714996,0.0,3058.0704993768613,0.004696389552491471,15.60024695540204,0.9044291881626695,63.661150816491
8.0,-1250.6809737455642,0.0,3058.070587444269,0.0023280398463762144,15.600142143365728,1.1263678555069672,151.04311981604613
9.0,-1250.6809767979157,0.0,3058.0705187205467,0.001517969440903154,15.600250765603777,0.9250545573803344,372.25867575913054
10.0,-1250.6809778636416,0.0,3058.0705624860375,0.0008212833999503188,15.600206453096368,0.0,0.0
