iter,val,proj,gnorm,dnorm,xnorm,step,maxstep
1.0,300.0,0.0,3052.835683065173,12.014777144357335,12.24744871391589,0.4976159026915398,1.0
2.0,-516.3820703645215,0.0,3051.964953480838,6.176838491084521,12.977483163255533,0.5829346578356779,1.0
3.0,-966.4171443249543,0.0,3051.4686551812033,2.933232495580746,14.34407449675849,0.764888276114032,1.0
4.0,-1204.66314568069,0.0,3051.2778057031296,0.9352659603077925,15.290755114202137,0.9843205248660504,1.0
5.0,-1275.6239213565677,0.0,3051.1919712441418,0.14705955558091383,15.581416751334007,1.0,1.0
6.0,-1276.757177794645,0.0,3051.1806486087035,0.0021258481648755963,15.57208156967755,0.9998210121196668,17.028834811458918
7.0,-1276.7571800538535,0.0,3051.1805437899047,9.985341493972705e-07,15.571834284103742,0.0,0.0
