iter,val,proj,gnorm,dnorm,xnorm,step,maxstep
1.0,300.0,0.0,3070.3919105485543,12.013564935172777,12.24744871391589,0.5531299341106557,1.0
2.0,-593.5480424734342,0.0,3069.5461663465126,5.593222233101352,13.19621058779072,0.6384532630255715,1.0
3.0,-1025.9188932562138,0.0,3069.0736499273976,2.277151543006242,14.720410577638171,0.7977421160094854,1.0
4.0,-1215.497670890587,0.0,3068.9418453942876,0.7005902670306587,15.537257612380005,1.0,1.0
5.0,-1263.079375874122,0.0,3068.903271948512,0.15719094215539767,15.733123788674522,1.0,1.0
6.0,-1263.1013079075074,0.0,3068.9188129689305,5.7780563235410405e-05,15.717227190265822,0.0,0.0
