iter,val,proj,gnorm,dnorm,xnorm,step,maxstep
1.0,300.0,0.0,3064.866912633891,12.03096009166653,12.24744871391589,0.5853371289135159,1.0
2.0,-633.5732549174245,0.0,3063.952720036,5.160794524053946,13.371702964602571,0.6946517898164872,1.0
3.0,-1065.064013643807,0.0,3063.552993606266,1.862724730767671,14.91658713012909,0.9177682746005774,1.0
4.0,-1234.651488388794,0.0,3063.3862552206533,0.5078252900796518,15.586874862973813,1.0,1.0
5.0,-1249.7984356846464,0.0,3063.3723955679193,0.08636847577409396,15.598732325177485,1.7820366218964516,1.7820366218964516
6.0,-1249.8063487222717,0.0,3063.3737072240483,0.04581678823053815,15.594679731056047,1.0083796871939554,18.185888139405634
7.0,-1249.8074071065603,0.0,3063.3757725407395,0.0027600821556410275,15.599328699663795,1.4223219237463058,310.2789238567955
8.0,-1249.807412524231,0.0,3063.375760309352,0.0008023852516059922,15.599372314960087,0.0,0.0
