iter,val,proj,gnorm,dnorm,xnorm,step,maxstep
1.0,299.99999999999636,0.0,3060.1605578077106,12.048019490985743,12.24744871391589,0.5145080517295654,1.0
2.0,-550.9865457754131,0.0,3058.3184512559433,6.039761635703558,13.043299276041328,0.6443614670052967,1.0
3.0,-1036.491284507265,0.0,3057.6839072961525,2.6139390464347643,14.634484115945098,0.9081201728633199,1.0
4.0,-1272.7670696960085,0.0,3057.700688304161,0.6280305520588446,15.655004339861074,1.0,1.0
5.0,-1296.488536528268,0.0,3057.7791005551258,0.052397111747990416,15.725009079003602,1.00218104259955,5.77545425432601
6.0,-1296.4899122509305,0.0,3057.7864774015757,0.0008747844743878913,15.720864360483572,0.0,0.0
