iter,val,proj,gnorm,dnorm,xnorm,step,maxstep
1.0,300.0,0.0,3065.4323161365023,12.007717356396725,12.24744871391589,0.5234061551971084,1.0
2.0,-533.8503110546299,0.0,3064.104636413468,5.981401116125704,12.98537670499007,0.6512850494452793,1.0
3.0,-997.1950537759858,0.0,3063.526096113832,2.4828555633915346,14.56136782372343,0.9013785810189122,1.0
4.0,-1214.038487664282,0.0,3063.408629808937,0.5933577744280158,15.593738933653915,1.0,1.0
5.0,-1237.5706468917851,0.0,3063.4206633765375,0.05850776951467404,15.672774800705742,1.0,1.0
6.0,-1237.572551954121,0.0,3063.423248505624,0.011824130861806646,15.667318987235987,1.569169949356566,90.15098894437533
7.0,-1237.5726616469929,0.0,3063.4233773208853,0.0005146849420089723,15.66599438928732,0.0,0.0
