iter,val,proj,gnorm,dnorm,xnorm,step,maxstep
1.0,300.0,0.0,3061.9530495926942,12.032486109227387,12.24744871391589,0.5329493360952466,1.0
2.0,-595.521090744598,0.0,3061.0813635716777,5.791879036911371,13.291540240181568,0.6516727791945849,1.0
3.0,-1076.3108703048947,0.0,3060.7665065245183,2.5435671482093265,14.865145702109235,0.9608785713554295,1.0
4.0,-1316.8180368269805,0.0,3060.7814997385417,0.6568156559257081,15.801212020135965,1.0,1.0
5.0,-1326.6999003243654,0.0,3060.7385080661566,0.025021997642541153,15.808044314132143,0.9999999999999998,3.3993984974311986
6.0,-1326.700213374559,0.0,3060.736614300938,0.0,15.806917122815259,0.0,0.0
