iter,val,proj,gnorm,dnorm,xnorm,step,maxstep
1.0,300.0,0.0,3055.7059394863245,11.977076767506205,12.24744871391589,0.5377790370549398,1.0
2.0,-542.53098737049,0.0,3054.3304512772925,5.791786160856798,13.143433650832884,0.6522455792750893,1.0
3.0,-985.0391499519501,0.0,3053.775340368136,2.390646221500715,14.659100240089638,0.8882074060023213,1.0
4.0,-1188.2445020131436,0.0,3053.5591281144066,0.6403291812142855,15.49183913078761,1.0,1.0
5.0,-1213.6144783400669,0.0,3053.5497006469077,0.06267743288794451,15.544709994094351,1.003750360606783,1.8171117097075864
6.0,-1213.6164499369352,0.0,3053.5491789861753,0.005765472325254481,15.537964457182161,1.0485071150728458,33.98891987114
7.0,-1213.616467363474,0.0,3053.5494305392917,0.0022035559309140904,15.537666541339183,0.9794792357827439,5.5994427389864185
8.0,-1213.6164697414679,0.0,3053.5494041210122,0.0007891042856992524,15.537814823180698,0.0,0.0
