iter,val,proj,gnorm,dnorm,xnorm,step,maxstep
1.0,39.99999999999636,0.0,3540.76972709918,13.867606461724847,14.142135623730951,0.46076713266175917,1.0
2.0,-993.1929614877772,0.0,3538.8289392254032,7.578948731610797,15.450062050182726,0.5110973864554627,1.0
3.0,-1572.1174132790256,0.0,3537.874535545328,3.819595252513781,17.250351129111973,0.5622006886906521,1.0
4.0,-1872.041414891497,0.0,3537.358632513007,1.8043690405092614,18.398455007890878,0.6611654473651871,1.0
5.0,-2023.500531281512,0.0,3537.0991950703,0.9030357482898864,19.001993417475393,1.0,1.0
6.0,-2100.616302748531,0.0,3536.978811147612,0.5685513935039412,19.265726124264077,1.0,1.0
7.0,-2100.9287151441167,0.0,3536.98798393767,0.3673531098302864,19.211587572765495,1.0,1.0
8.0,-2101.0611871368055,0.0,3536.9835715106615,0.1350562681005114,19.200505859517744,1.0,1.0
9.0,-2101.0732941526876,0.0,3536.976676120224,0.0006252887821261756,19.199219039240713,0.0,0.0
