iter,val,proj,gnorm,dnorm,xnorm,step,maxstep
1.0,60.0,0.0,4337.185865909599,17.067310443464283,17.320508075688775,0.4238004104555172,1.0
2.0,-1378.451229061975,0.0,4334.895361996011,9.85574935497198,18.7131612865772,0.4635231727436724,1.0
3.0,-2225.4835145111356,0.0,4333.504119689908,5.516575210155011,20.773224008570907,0.5239971947145547,1.0
4.0,-2718.926933376155,0.0,4332.713869063956,2.808982986858427,22.304971013010835,0.6078256195139649,1.0
5.0,-2985.0857348012432,0.0,4332.337871500867,1.3625807356608919,23.191044578226702,0.9217880935898242,1.0
6.0,-3141.5525994044583,0.0,4332.137207277363,0.7306514842352214,23.69259307159408,1.0,1.0
7.0,-3155.2013110345433,0.0,4332.135876504341,0.5164932999717528,23.675322270020033,1.0,1.0
8.0,-3155.4575519257705,0.0,4332.147339991842,0.20543256228914564,23.655182348136883,1.0,1.0
9.0,-3155.490602425838,0.0,4332.151564075132,0.010579775813691046,23.654327683363597,1.3156301134464896,9.153470662577753
10.0,-3155.4906760560916,0.0,4332.15158218883,0.001876939847039065,23.654427418959013,0.9293936156165098,59.92854210225433
11.0,-3155.490677693211,0.0,4332.151593820379,0.00034128409572966965,23.654470410375115,0.0,0.0
