iter,val,proj,gnorm,dnorm,xnorm,step,maxstep
1.0,60.0,0.0,4331.9247156793945,17.075627882925826,17.320508075688775,0.43603483640161994,1.0
2.0,-1368.1070716107351,0.0,4329.389260196033,9.756873076867594,18.793107346132714,0.5154729460318801,1.0
3.0,-2257.5455852097803,0.0,4328.081259822846,5.073433577784045,21.09862652571176,0.5977680338458986,1.0
4.0,-2738.380130612837,0.0,4327.78446481809,2.3531325234749483,22.65357926809217,0.6659428196189806,1.0
5.0,-2949.644290818651,0.0,4327.594406079896,1.3364966568394323,23.356048005700632,0.5264283307068662,1.0
6.0,-3005.2264788147295,0.0,4327.496997144525,1.004940371599706,23.5098745780599,0.6077312559379743,1.0
7.0,-3035.6366441074642,0.0,4327.519106135617,0.8897173088021546,23.576549373152528,0.5158565106070673,1.0
8.0,-3045.8924169721067,0.0,4327.473211918989,0.6806589163229688,23.588650490964007,0.6695052281833871,1.0
9.0,-3052.3822263977854,0.0,4327.5039918557995,0.5984767588088746,23.590105350025993,0.4425567564986758,1.0
10.0,-3053.8729236391446,0.0,4327.476758654589,0.3346205374794093,23.588514093063857,1.0,1.0
11.0,-3055.718338157356,0.0,4327.493565629499,0.2529448806642996,23.58438906943442,0.4481541020543422,1.0
12.0,-3055.738160956702,0.0,4327.481869728004,0.0807484346688557,23.583723946286103,1.0,1.0
13.0,-3055.7477758873356,0.0,4327.481401720084,0.07189868755687463,23.5817768074984,1.0,1.0
14.0,-3055.7522653625783,0.0,4327.484199409518,0.07071279126146605,23.580809732459,1.0,1.0
15.0,-3055.7566822853187,0.0,4327.481587348989,0.06301527166070228,23.58061724786881,0.999959406576002,1.0
16.0,-3055.7586679194937,0.0,4327.486167565699,0.0012748898536124112,23.580094162411637,0.9447397759350635,1.0
17.0,-3055.758668687282,0.0,4327.486188798343,0.00013887005172362425,23.58005301822592,0.0,0.0
