iter,val,proj,gnorm,dnorm,xnorm,step,maxstep
1.0,59.999999999992724,0.0,4333.006853037276,16.9539878235181,17.320508075688775,0.42760245627762483,1.0
2.0,-1316.8026777507039,0.0,4331.237504255791,9.875910401019167,18.68744134589909,0.5044176015832791,1.0
3.0,-2185.5637811894703,0.0,4330.5134118900205,5.1747140701370755,20.86240855793196,0.5959505902743419,1.0
4.0,-2674.1041447014723,0.0,4330.181755855925,2.5226098827150065,22.414099939796305,0.7262103562175699,1.0
5.0,-2909.8882917246738,0.0,4330.244933480789,1.3610303459179354,23.16177206281768,0.6560251728719073,1.0
6.0,-2968.0187125709926,0.0,4330.093134688686,1.154525445512562,23.289207322751977,0.7140897371890284,1.0
7.0,-2990.149984434116,0.0,4330.207628600517,0.9764421174027305,23.30506770978581,0.6440850541177486,1.0
8.0,-2996.0784674109964,0.0,4330.098895419652,0.7458484538435637,23.284741510192653,0.5980485150052344,1.0
9.0,-2998.1834861456155,0.0,4330.16562462647,0.48019751359676366,23.277587234403377,0.8316925336340311,1.0
10.0,-2999.3779786829255,0.0,4330.118701111114,0.34844485208812515,23.26705511584527,0.4832931212360645,1.0
11.0,-2999.5240809250754,0.0,4330.152510546012,0.10043813262238792,23.268677392380308,1.0,1.0
12.0,-2999.659278106039,0.0,4330.154248769162,0.05561354806703497,23.26873817386134,0.7235284010764469,1.4294952460073067
13.0,-2999.660396994499,0.0,4330.160868511258,0.03485111352394886,23.26979954601942,1.5254834514572355,5.643314996170218
14.0,-2999.6613234206598,0.0,4330.156124906138,0.029650755157476182,23.269935795481317,0.6527212912039064,1.0
15.0,-2999.6619476378037,0.0,4330.159203108419,0.017872965121149605,23.270583129537368,1.0,1.0
16.0,-2999.662378839472,0.0,4330.158682991975,0.009632729183022165,23.271001147903718,1.0231266755013337,27.97351649508243
17.0,-2999.6624263071717,0.0,4330.15740587983,0.0012507740410387727,23.271041157428478,1.8668263540992784,290.49661064453045
18.0,-2999.662427767369,0.0,4330.157559570773,0.000985786068343244,23.27094322495743,0.0,0.0
