iter,val,proj,gnorm,dnorm,xnorm,step,maxstep
1.0,59.99999999998545,0.0,4331.8410516806825,16.984472312035777,17.320508075688775,0.44725911215640585,1.0
2.0,-1382.007716970802,0.0,4329.264831661436,9.555340478213855,18.829586566503398,0.5414735945863689,1.0
3.0,-2284.587061582468,0.0,4328.0047653498395,4.813333622224501,21.17397394410712,0.6749064865656046,1.0
4.0,-2781.4406226447973,0.0,4327.608802619414,1.9498108876987839,22.801744759046855,0.9214634407722568,1.0
5.0,-2997.9433614399386,0.0,4327.563475476217,0.9848835102332143,23.51276408361541,1.0,1.0
6.0,-3017.0219462124296,0.0,4327.497335810365,0.7853571153641645,23.4848786180876,1.0,1.0
7.0,-3017.5469899776144,0.0,4327.528619006444,0.3872393220503881,23.43557993255958,1.0,1.0
8.0,-3017.6888215073777,0.0,4327.527587205406,0.14365167145677543,23.427715213577432,0.9319732284970512,1.0
9.0,-3017.7017140062453,0.0,4327.539043925205,0.026404920838336923,23.42794834921525,1.0,1.0
10.0,-3017.7023007208554,0.0,4327.539840986242,0.0019255832429221798,23.42717828013591,0.9999986165299101,334.3708892289804
11.0,-3017.702302574813,0.0,4327.539837827578,2.739544021456556e-07,23.427119785039377,0.0,0.0
