iter,val,proj,gnorm,dnorm,xnorm,step,maxstep
1.0,59.99999999998545,0.0,4332.352289316278,17.0502223231211,17.320508075688775,0.45658739360944417,1.0
2.0,-1377.684979849284,0.0,4329.958562456635,9.473804293976922,18.921472167132112,0.5127471502151374,1.0
3.0,-2196.469613040157,0.0,4328.9776790508795,4.991558111728668,21.171770164602453,0.588790779474774,1.0
4.0,-2638.142270932556,0.0,4328.416834707867,2.509190605722626,22.66920785882814,0.5133928809466225,1.0
5.0,-2793.995472031631,0.0,4328.447961641596,1.5146816960502083,23.205673249723148,0.5812652976632376,1.0
6.0,-2879.391393944301,0.0,4328.258023287697,1.0891702254263886,23.48699342287111,0.7343807259805709,1.0
7.0,-2924.6621317596,0.0,4328.332211417904,0.8238387278301665,23.615180261425774,0.7190055564080546,1.0
8.0,-2936.62567191189,0.0,4328.251367624073,0.5758945260932077,23.62511718055997,0.8694709589572158,1.0
9.0,-2940.8079837667246,0.0,4328.319113315169,0.3424238476164727,23.624169195553694,0.6788928348708152,1.0
10.0,-2941.286860912296,0.0,4328.288712084864,0.1432102735820702,23.62183606711432,1.0,1.0
11.0,-2941.508723650564,0.0,4328.295252481996,0.07284894599102683,23.61998120974582,0.9999228138993304,1.8284448809678033
12.0,-2941.5113769302843,0.0,4328.305153494034,0.00010473177695583272,23.61959996059157,0.0,0.0
