iter,val,proj,gnorm,dnorm,xnorm,step,maxstep
1.0,60.0,0.0,4341.750422845375,17.046299529561104,17.320508075688775,0.47320082126458946,1.0
2.0,-1426.033003512799,0.0,4339.278489765701,9.223638824065272,19.025294781838582,0.5591924374210676,1.0
3.0,-2291.300881258656,0.0,4338.488527851473,4.414967838199849,21.403904545900982,0.6420195341815929,1.0
4.0,-2713.7372600368035,0.0,4338.096040895541,2.0457263088678417,22.775429835493046,0.6409347205617663,1.0
5.0,-2862.6109190925345,0.0,4338.094642346293,1.4373745605810255,23.269048883329862,0.588191889457729,1.0
6.0,-2911.6590133745412,0.0,4338.0092801172195,1.0730464866304765,23.37381403613199,0.6060450929532046,1.0
7.0,-2932.71639627924,0.0,4338.045913299267,0.8961297056169335,23.41799971121292,0.9118094421569088,1.0
8.0,-2945.3036846210744,0.0,4338.027115423987,0.7432094379899531,23.410153247070795,0.4745372459997217,1.0
9.0,-2946.0852698888775,0.0,4338.073171611317,0.36159416619541307,23.410499782893556,1.0,1.0
10.0,-2946.862121132719,0.0,4338.093360169814,0.10953741153180849,23.410099861456978,0.9085386299099462,1.0
11.0,-2946.875743801953,0.0,4338.096597284065,0.04577664335639634,23.41293183364172,0.5449246033396464,1.0
12.0,-2946.876896482063,0.0,4338.0988141038015,0.006990842008135673,23.41245746979665,1.0,1.0
13.0,-2946.877432530535,0.0,4338.0984371236855,0.005425307892680308,23.412740445367955,3.959589358295402,5.763383108132874
14.0,-2946.8774908035703,0.0,4338.09864712464,0.00699296843331459,23.41325438056692,0.5426268061952677,1.0
15.0,-2946.8775180832818,0.0,4338.098452119542,0.002214812510215514,23.413324735982183,1.0,1.0
16.0,-2946.8775274610307,0.0,4338.098423892096,0.001910081389431971,23.41340204964344,1.0111446072625392,451.88114933927966
17.0,-2946.877529305566,0.0,4338.098560512817,0.00018790361699632603,23.413412229111596,0.0,0.0
