iter,val,proj,gnorm,dnorm,xnorm,step,maxstep
1.0,59.999999999992724,0.0,4339.910210511964,16.990000614740687,17.320508075688775,0.4561624001654825,1.0
2.0,-1394.5358785865392,0.0,4338.152205354318,9.391052573325403,18.90130099233006,0.5219538189244641,1.0
3.0,-2239.747835940172,0.0,4337.209202220346,4.617326394904938,21.198241650879034,0.5756356823157973,1.0
4.0,-2667.877085926135,0.0,4336.746098101693,2.2046218744870014,22.643821497896766,0.732003798698674,1.0
5.0,-2894.469080018818,0.0,4336.568765423604,1.0115200380831861,23.42355090031337,1.0,1.0
6.0,-2977.0567574395536,0.0,4336.504150090261,0.7237068712662652,23.6554068301143,1.0,1.0
7.0,-2977.5555300411215,0.0,4336.511769522453,0.4967369978944951,23.600528806708926,1.0,1.0
8.0,-2977.7823666616605,0.0,4336.492036196697,0.14081104204265613,23.587560428373024,1.0,1.0
9.0,-2977.798669525735,0.0,4336.4912516274035,0.008651059982994602,23.585462670918886,0.9874558572601355,6.523430836488402
10.0,-2977.7987064767076,0.0,4336.491289565836,0.002411935707340391,23.58545460514348,1.025069541585841,181.23966788629133
11.0,-2977.7987094583877,0.0,4336.491242084948,0.0006982367912875808,23.585398212521877,0.0,0.0
