iter,val,proj,gnorm,dnorm,xnorm,step,maxstep
1.0,59.999999999992724,0.0,4335.094078334632,16.957612258992,17.320508075688775,0.48095671337613766,1.0
2.0,-1443.2238243110114,0.0,4332.915696175848,8.930026191230537,19.04707123402865,0.5490884978841174,1.0
3.0,-2275.090321890675,0.0,4331.7767998246145,4.32184927594961,21.37817720756104,0.6772578807024352,1.0
4.0,-2721.20258974388,0.0,4331.288065788926,1.7519820783673665,22.859005337605492,1.0,1.0
5.0,-2930.23540448751,0.0,4331.178894540874,0.9328942585634526,23.516021160091324,1.0,1.0
6.0,-2931.011887142682,0.0,4331.130746175006,0.7300269733330766,23.405934485943995,1.0,1.0
7.0,-2931.463639557507,0.0,4331.176639826398,0.365454840383477,23.366464604431275,1.0,1.0
8.0,-2931.589606951042,0.0,4331.151020384022,0.16303124320894444,23.363348421337008,0.9996761034675795,1.0
9.0,-2931.6032171722327,0.0,4331.165565519631,0.007320194454772952,23.362482743226884,1.0,1.0
10.0,-2931.6032441456264,0.0,4331.165197523977,0.0007766068270389342,23.362706223377675,0.0,0.0
