iter,val,proj,gnorm,dnorm,xnorm,step,maxstep
1.0,20.000000000000227,0.0,259.10321302612806,13.734336134309547,14.142135623730951,0.31766913440374767,1.0
2.0,-402.8763214263038,0.0,254.81836279922913,9.275223911179049,14.762850988768825,0.3169829204126154,1.0
3.0,-656.5994555255861,0.0,252.31108255957628,6.240782479530413,15.830661044954075,0.3161106811526315,1.0
4.0,-813.8794537944098,0.0,250.78639220573015,4.2491245984314645,16.768010106096334,0.3183001728787708,1.0
5.0,-915.08098914672,0.0,249.82430340477018,2.9112421855037915,17.483324607743857,0.3245092358240994,1.0
6.0,-982.0676029124613,0.0,249.1983791930879,1.9995368400247566,17.999556759823836,0.339638932063469,1.0
7.0,-1027.8071459499733,0.0,248.77608139338375,1.3803533457168462,18.3605084626832,0.3762793434406808,1.0
8.0,-1060.4550495836033,0.0,248.47684067300457,0.9619822107359902,18.61006327793312,0.4779893062678765,1.0
9.0,-1085.873864452036,0.0,248.24332099078495,0.6784064257413692,18.78315800910419,0.8732170708513066,1.0
10.0,-1109.8244067191536,0.0,248.02110100446367,0.4985316356458711,18.89614184343858,1.0,1.0
11.0,-1113.4711921746962,0.0,247.98543510002207,0.42780952876815004,18.82328414501869,1.0,1.0
12.0,-1113.6457994415023,0.0,247.98139843121157,0.3260484495453865,18.764595306905218,1.0,1.0
13.0,-1113.7456328468522,0.0,247.97992265872693,0.23720031517957377,18.73097432665941,1.0,1.0
14.0,-1113.797901571405,0.0,247.9789362012843,0.20253764872085492,18.719349308874875,1.1004705427043793,1.1004705427043793
15.0,-1113.8423212999587,0.0,247.98049633824564,0.14232679319309072,18.716516692955672,1.0,1.0
16.0,-1113.85694326003,0.0,247.98440249460313,0.02625274263859289,18.713330803950104,0.9797277876226018,5.2388437463787705
17.0,-1113.8572808774077,0.0,247.98519594631586,0.001809020598871496,18.713626158303693,0.8142025702706309,240.54882457482893
18.0,-1113.8572822096698,0.0,247.98515072564817,0.00015577133075169892,18.71353270183858,0.0,0.0
