iter,val,proj,gnorm,dnorm,xnorm,step,maxstep
1.0,49.99999999999994,0.0,75.86378523383341,13.573710241983704,15.811388300841896,0.5100350608896498,1.0
2.0,-120.28925392575707,0.0,71.28799221628735,5.919294792077513,16.683154380968414,0.5853653866476219,1.0
3.0,-179.97501593783608,0.0,69.68348668554357,3.097506823914331,17.33197015261787,1.0,1.0
4.0,-214.8254812570653,0.0,68.85694762508864,2.272775125955318,16.96795960708091,1.0,1.0
5.0,-219.59749788570048,0.0,68.8765332196568,1.675654538134532,15.697961313175732,1.0,1.0
6.0,-222.27041996441992,0.0,68.88856824742159,1.1027677159091893,15.294295602529766,1.0,1.0
7.0,-223.36666172219975,0.0,68.8992628425592,0.17720869441094628,15.207940590985254,1.0,1.0
8.0,-223.40129752809105,0.0,68.90146365739928,3.6845249853941265e-06,15.208515261099961,0.0,0.0
