iter,val,proj,gnorm,dnorm,xnorm,step,maxstep
1.0,50.0,0.0,73.66755663115343,13.594112552386658,15.811388300841896,0.5103249096662537,1.0
2.0,-113.89105069000584,0.0,69.13441750080355,5.830816033183902,16.664529612401065,0.5934886330695992,1.0
3.0,-171.0364511610398,0.0,67.55883591509438,3.0993256632461708,17.241017877428487,1.0,1.0
4.0,-203.32982033294218,0.0,66.78325703831011,2.2565546717808944,16.858598101609104,1.0,1.0
5.0,-208.158862912326,0.0,66.80167826261822,1.6687034634458253,15.639246468301637,1.0,1.0
6.0,-210.74720962217597,0.0,66.8162438350077,1.031259830976974,15.214521044627961,1.0,1.0
7.0,-211.7223302022204,0.0,66.82718401375166,0.17683175760944894,15.128912873968407,0.9999967386166367,1.0
8.0,-211.75520813504014,0.0,66.82958587973616,0.0001746026251512423,15.129188127684085,0.0,0.0
