iter,val,proj,gnorm,dnorm,xnorm,step,maxstep
1.0,50.0,0.0,78.07089903418431,13.776083003063802,15.811388300841896,0.5085933740135751,1.0
2.0,-130.580275678242,0.0,73.33112143734093,6.0926890959528235,16.75737412037332,0.5731690219128749,1.0
3.0,-193.73202515557244,0.0,71.66039783739586,3.1502366056259996,17.53401246128978,1.0,1.0
4.0,-231.67090253977818,0.0,70.75473737079746,2.233785654654101,17.39767263623423,1.0,1.0
5.0,-236.23577205936743,0.0,70.77372022079922,1.5947805558982633,16.18756405650779,1.0,1.0
6.0,-238.56510128218085,0.0,70.78658917463147,0.9826513811732864,15.824903995140401,1.0,1.0
7.0,-239.42498615357513,0.0,70.79526690908655,0.1856482522349726,15.758406847945906,1.0,1.0
8.0,-239.45867391314417,0.0,70.79749725531762,2.913600596195026e-05,15.759248694505935,0.0,0.0
