iter,val,proj,gnorm,dnorm,xnorm,step,maxstep
1.0,49.999999999999886,0.0,75.71147059729721,13.660210773889867,15.811388300841896,0.5096115575981456,1.0
2.0,-120.50111295173076,0.0,71.11903810813456,5.949774288065498,16.710454311055887,0.5840048449135696,1.0
3.0,-179.8571801283922,0.0,69.51930255653923,3.1240454749183937,17.376551718882222,1.0,1.0
4.0,-214.2835126322753,0.0,68.69852031102543,2.229760831694213,17.105863030873422,1.0,1.0
5.0,-218.91011238516424,0.0,68.71675129269342,1.6373851323250377,15.92676702023224,1.0,1.0
6.0,-221.4292517827166,0.0,68.72879311509347,1.0063504210187488,15.539959873923761,1.0,1.0
7.0,-222.30705381482815,0.0,68.73923097454285,0.1789355220221323,15.464804897410678,0.9999982233911557,1.0
8.0,-222.33829096336538,0.0,68.74114069927118,2.5909212499837332e-05,15.467924622277037,0.0,0.0
