iter,val,proj,gnorm,dnorm,xnorm,step,maxstep
1.0,50.0,0.0,73.36963095180185,13.540292571363226,15.811388300841896,0.510646678378794,1.0
2.0,-108.1560870499884,0.0,68.98375181824655,5.752757781113036,16.64737596480347,0.6002511027559493,1.0
3.0,-162.99145276041963,0.0,67.47739997679766,3.0720727844278684,17.16288946645015,1.0,1.0
4.0,-193.58676134535656,0.0,66.7594737715871,2.2987380856168307,16.618355494737333,1.0,1.0
5.0,-198.60661157843134,0.0,66.77800995677246,1.695856911998846,15.350817501820814,1.0,1.0
6.0,-201.259068763906,0.0,66.79367723826327,1.0243152600912615,14.898464156524778,1.0,1.0
7.0,-202.18498066747367,0.0,66.80541424907099,0.15929380342753732,14.810320704617272,1.0,1.0
8.0,-202.20814331174398,0.0,66.8074892082358,1.4546122892612066e-05,14.810124400899143,0.0,0.0
