iter,val,proj,gnorm,dnorm,xnorm,step,maxstep
1.0,50.0,0.0,74.59214189178643,13.448894032783363,15.811388300841896,0.5110152110188144,1.0
2.0,-110.6267780397884,0.0,70.21371567769286,5.746451352153104,16.612582788267403,0.6034073323407535,1.0
3.0,-167.56258807363986,0.0,68.67501282068397,3.0841087215757974,17.111777247681975,1.0,1.0
4.0,-199.155054244445,0.0,67.93903092241739,2.2803500814811954,16.593268868512798,1.0,1.0
5.0,-204.17585617577674,0.0,67.95535359990382,1.6986632300183986,15.375236801333253,1.0,1.0
6.0,-206.84451191577716,0.0,67.97169576081671,1.0633340333138908,14.912581400157983,1.0,1.0
7.0,-207.86294453122855,0.0,67.98216567226179,0.17460103937546012,14.82962329982678,1.0,1.0
8.0,-207.89248917569418,0.0,67.98456594004662,7.895447729939268e-05,14.828654116498674,0.0,0.0
