iter,val,proj,gnorm,dnorm,xnorm,step,maxstep
1.0,50.00000000000006,0.0,72.07293630763354,13.350015678243102,15.811388300841896,0.5107665205639372,1.0
2.0,-111.03405748905698,0.0,67.51706666768723,5.844802902457944,16.617896641654482,0.5934397741091069,1.0
3.0,-167.29137371190808,0.0,65.930119668434,3.092105160040903,17.201044633313607,1.0,1.0
4.0,-199.09415557244017,0.0,65.15328901360274,2.2742589586166906,16.76607067334118,1.0,1.0
5.0,-203.92537125038464,0.0,65.1732575409752,1.7318216756570914,15.523361883415648,1.0,1.0
6.0,-206.78702695779074,0.0,65.18447211618084,1.130554693917273,15.115854898555412,1.0,1.0
7.0,-207.95458248516562,0.0,65.19558788633206,0.21371823226282835,15.03406450753945,0.9999988211127995,1.0
8.0,-207.9997442551437,0.0,65.19894751260198,8.564239580194128e-06,15.033573552193307,0.0,0.0
