iter,val,proj,gnorm,dnorm,xnorm,step,maxstep
1.0,50.0,0.0,74.52767907297664,13.627332724770502,15.811388300841896,0.5097236596402763,1.0
2.0,-116.0207100977915,0.0,69.98585351354748,5.862395929167024,16.702001797397646,0.59073317064389,1.0
3.0,-173.81404628803375,0.0,68.40965406350352,3.0959039267391644,17.307693693669084,1.0,1.0
4.0,-206.9973775932384,0.0,67.61951078396278,2.266476623750886,16.87193276702605,1.0,1.0
5.0,-211.85968171776761,0.0,67.63781854864473,1.6839554694306493,15.64069142576458,1.0,1.0
6.0,-214.43499697064868,0.0,67.6534197213501,1.0495565147884018,15.201696395147799,1.0,1.0
7.0,-215.4307715133727,0.0,67.66316479103618,0.18445268230531453,15.125450609787709,0.9999984996796373,1.0
8.0,-215.460921049894,0.0,67.66521961145361,1.3025266284131489e-05,15.129372309996509,0.0,0.0
