iter,val,proj,gnorm,dnorm,xnorm,step,maxstep
1.0,49.99999999999994,0.0,76.6095393146676,13.951152435547515,15.811388300841896,0.5084301995688053,1.0
2.0,-126.26333644823558,0.0,71.90984959047583,5.98597280114061,16.81076562654594,0.5819655090349989,1.0
3.0,-187.5572650498258,0.0,70.27219284711393,3.1365920402168346,17.49989570647552,1.0,1.0
4.0,-223.47766563919254,0.0,69.41577588325707,2.202833946351399,17.24747022051574,1.0,1.0
5.0,-227.9930286303228,0.0,69.4345307583234,1.5651383964798056,16.061193579762506,1.0,1.0
6.0,-230.24627303410307,0.0,69.44835229921854,0.9343475900901527,15.676963219721797,1.0,1.0
7.0,-230.9862323005354,0.0,69.45908380106376,0.15554641757395302,15.593207111506906,1.0,1.0
8.0,-231.01105524503157,0.0,69.46102439627077,2.1429981860761523e-05,15.590265402845922,0.0,0.0
