iter,val,proj,gnorm,dnorm,xnorm,step,maxstep
1.0,50.0,0.0,72.74640343001983,13.474499082790933,15.811388300841896,0.5105266551425346,1.0
2.0,-111.75505235382002,0.0,68.21393057782882,5.856814537523543,16.64354303633879,0.5896503910893393,1.0
3.0,-167.5990415321586,0.0,66.6524269585061,3.104275295655664,17.25358113866104,1.0,1.0
4.0,-199.2967075519395,0.0,65.88132840661412,2.26310063912945,16.920059068728126,1.0,1.0
5.0,-204.17337172485708,0.0,65.89818681200683,1.7330023586429568,15.741461896871652,1.0,1.0
6.0,-206.97267376089323,0.0,65.91272243979913,1.1194395318057568,15.304820621274443,1.0,1.0
7.0,-208.11030208948114,0.0,65.92388072879315,0.2000135255739443,15.21930014399586,0.9999999989063749,1.0
8.0,-208.15222487989263,0.0,65.92692853775183,9.346995493848518e-06,15.218450297083592,0.0,0.0
