iter,val,proj,gnorm,dnorm,xnorm,step,maxstep
1.0,49.999999999999886,0.0,74.47164330135598,13.530107611524546,15.811388300841896,0.5095935426537033,1.0
2.0,-111.74634369079314,0.0,70.05157072345881,5.847249694087233,16.65090483385504,0.5924280569196382,1.0
3.0,-167.94233832796863,0.0,68.52803220945401,3.099247939033108,17.234039847760236,1.0,1.0
4.0,-199.76876420455716,0.0,67.77715248486169,2.268551590589665,16.82277670358921,1.0,1.0
5.0,-204.65557856038262,0.0,67.79481422374673,1.6996331942301066,15.578521088303315,1.0,1.0
6.0,-207.37247119954822,0.0,67.8085263174353,1.0676196169797292,15.150873232907788,1.0,1.0
7.0,-208.33813507650873,0.0,67.8210182779494,0.17629301356930585,15.060491413681271,1.0,1.0
8.0,-208.36736744622516,0.0,67.82347576997311,0.0001460422261889382,15.060132812758736,0.0,0.0
