iter,val,proj,gnorm,dnorm,xnorm,step,maxstep
1.0,49.99999999999994,0.0,74.56353160898698,13.795044869107095,15.811388300841896,0.5090805371511351,1.0
2.0,-116.10162766876601,0.0,70.01687836722549,5.997686462167536,16.768225532621795,0.5799350703870123,1.0
3.0,-171.89725809709063,0.0,68.49188939016672,3.1123362672084953,17.478567507519685,1.0,1.0
4.0,-204.3186516115373,0.0,67.71852062246845,2.287577124632761,17.168106295700362,1.0,1.0
5.0,-209.0951058778873,0.0,67.74034908692754,1.629702803526602,15.847924648797468,1.0,1.0
6.0,-211.5510261188965,0.0,67.75479578701436,1.0122439684661817,15.438089278469551,1.0,1.0
7.0,-212.45271332043524,0.0,67.76507317247557,0.14297053211234517,15.356854254768281,1.0,1.0
8.0,-212.47877791984737,0.0,67.7669858577484,0.00035510304198392535,15.354418382992403,0.0,0.0
