iter,val,proj,gnorm,dnorm,xnorm,step,maxstep
1.0,50.0,0.0,73.99761170473545,13.5468486110733,15.811388300841896,0.5095632437589265,1.0
2.0,-119.32275472630602,0.0,69.30932343312503,5.894851095560897,16.675576205792087,0.5874554690825203,1.0
3.0,-179.07131348562956,0.0,67.64828828913622,3.113493646711266,17.304327555636757,1.0,1.0
4.0,-213.4431674071264,0.0,66.7999164198862,2.257132864895168,17.027441282852138,1.0,1.0
5.0,-218.26551461802808,0.0,66.81723545786379,1.7176195263842977,15.838946072146664,1.0,1.0
6.0,-221.0524181036423,0.0,66.83089823798656,1.0834492856215192,15.40822490632304,1.0,1.0
7.0,-222.06984889374377,0.0,66.8434071413927,0.1932718604997147,15.317594069091445,1.0,1.0
8.0,-222.10487602323883,0.0,66.84616578962303,2.1897862310172276e-05,15.31729847505381,0.0,0.0
