iter,val,proj,gnorm,dnorm,xnorm,step,maxstep
1.0,50.000000000000114,0.0,74.32001330734812,13.66346110160981,15.811388300841896,0.5094529927082945,1.0
2.0,-119.81081850477273,0.0,69.65206598338409,6.004608156322077,16.716351615408716,0.5815109516572775,1.0
3.0,-178.39260811461338,0.0,68.03853208787167,3.122087649255273,17.419552443978375,1.0,1.0
4.0,-212.46076225651333,0.0,67.21089863614034,2.2412035697522716,17.145282924836817,1.0,1.0
5.0,-217.09785279832545,0.0,67.23118459856843,1.624334354310467,15.909486466141685,1.0,1.0
6.0,-219.5329840381276,0.0,67.24494020334475,1.0242279862144266,15.518564462260914,1.0,1.0
7.0,-220.490949305886,0.0,67.25374351414926,0.19103834516959248,15.451243432261279,0.9999998242907705,1.0
8.0,-220.52479393398545,0.0,67.25621734985125,6.113850982304326e-05,15.452322619253959,0.0,0.0
