iter,val,proj,gnorm,dnorm,xnorm,step,maxstep
1.0,50.000000000000114,0.0,75.1304557287163,13.681363029445945,15.811388300841896,0.5094338875552269,1.0
2.0,-124.93693672411479,0.0,70.37286402103926,6.042527094825327,16.729491973250454,0.577219374903525,1.0
3.0,-185.67310701124808,0.0,68.7108958669992,3.1324007125282614,17.47057415649478,1.0,1.0
4.0,-221.56124327040234,0.0,67.83368267377571,2.231274470709309,17.27345838202666,1.0,1.0
5.0,-226.13743703408593,0.0,67.85332271015831,1.617362242869866,16.05901879975796,1.0,1.0
6.0,-228.5869445852877,0.0,67.8656176756682,1.0250418566906865,15.681753282693853,1.0,1.0
7.0,-229.50608343709817,0.0,67.87468863953484,0.16510241851584903,15.617945094585522,0.999999314679596,1.0
8.0,-229.5334244248753,0.0,67.87665559883109,7.959478567196393e-06,15.619181047120763,0.0,0.0
