iter,val,proj,gnorm,dnorm,xnorm,step,maxstep
1.0,50.000000000000114,0.0,76.3978904290269,13.766097898994685,15.811388300841896,0.5086472891662981,1.0
2.0,-132.26682340766627,0.0,71.51401537012364,6.149574149154236,16.784384354447162,0.5709488180398298,1.0
3.0,-195.90144959015834,0.0,69.79072922560063,3.1747544256277225,17.603107641882286,1.0,1.0
4.0,-233.9009899924298,0.0,68.85433630248005,2.1895572105697876,17.602961277470772,1.0,1.0
5.0,-238.2953587183307,0.0,68.87369451586494,1.6140610583184107,16.436060640223488,1.0,1.0
6.0,-240.73947343567446,0.0,68.88459706196349,1.0486565717527876,16.081645655132778,1.0,1.0
7.0,-241.75727953750442,0.0,68.8931972249478,0.2096788260100409,16.01428150783196,0.9999982054805285,1.0
8.0,-241.79977026660816,0.0,68.89575076835538,1.7065897879544505e-05,16.01727674164365,0.0,0.0
