iter,val,proj,gnorm,dnorm,xnorm,step,maxstep
1.0,1.0,0.0,258.27279797537307,0.7028230675632602,0.7071067811865476,0.33369951168366,1.0
2.0,-19.899416091262452,0.0,257.9849775733493,0.4694169275187298,0.7414181787533396,0.33675803072368077,1.0
3.0,-33.86021346987248,0.0,257.7923636274561,0.31129807273341054,0.8023593388636538,0.33674741429715843,1.0
4.0,-43.07838208736827,0.0,257.66508549679156,0.20646434219784737,0.8565739885466391,0.33678208709067947,1.0
5.0,-49.17498499091287,0.0,257.58086996364716,0.13694148433027362,0.8974893880436867,0.33686213264610515,1.0
6.0,-53.21140272106654,0.0,257.5250993999024,0.09082736471068402,0.9265110257795257,0.33698765290557314,1.0
7.0,-55.885616823279314,0.0,257.48814640085345,0.06023659242263265,0.9465104774618064,0.33715876834157205,1.0
8.0,-57.65802076763675,0.0,257.4636545866436,0.0399425954821481,0.9600839247659855,0.3373756180948628,1.0
9.0,-58.83292418812944,0.0,257.44742009563,0.02647978602159774,0.9692156112514619,0.3376383601203725,1.0
10.0,-59.61175342382143,0.0,257.436659423197,0.017549507751028637,0.975326089694763,0.33794717134114627,1.0
11.0,-60.127961404132044,0.0,257.42952808870314,0.011626728183683231,0.9794007146049086,0.3383022478105064,1.0
12.0,-60.470020114613426,0.0,257.424803240751,0.007699488650978255,0.9821113334953528,0.338703804882451,1.0
13.0,-60.69660308335372,0.0,257.4216739186065,0.005096212417953379,0.9839114588530152,0.3391520773901976,1.0
14.0,-60.846628805108296,0.0,257.4196022465722,0.003371193850332627,0.9851053357559247,0.33964731983350926,1.0
15.0,-60.945912925002375,0.0,257.4182314755919,0.002228638181830937,0.9858962628717062,0.34018980657339437,1.0
16.0,-61.01157805712632,0.0,257.4173250167888,0.0014722578355958519,0.9864197258383689,0.3407798320367159,1.0
17.0,-61.05497879941783,0.0,257.416726002292,0.0009718186263589479,0.9867658496391892,0.0,0.0
