iter,val,proj,gnorm,dnorm,xnorm,step,maxstep
1.0,1.0,0.0,273.5001971806649,0.7029685494717501,0.7071067811865476,0.34841968178049726,1.0
2.0,-23.254913075917884,0.0,273.2062151100398,0.45851995307217536,0.7432042714560193,0.35261873349769857,1.0
3.0,-39.15598236836287,0.0,273.0125506542783,0.2990689779500139,0.8061183309284382,0.35866645676666536,1.0
4.0,-49.586475954865776,0.0,272.88503630439055,0.19296286291688813,0.8610517806598584,0.3625419859007889,1.0
5.0,-56.331136605218795,0.0,272.80239830056394,0.12372778203046964,0.9014956369531268,0.3659695771184156,1.0
6.0,-60.66411528824305,0.0,272.7492198036057,0.07903190195811008,0.9292786425512198,0.3701598688319477,1.0
7.0,-63.43987746555409,0.0,272.7150993102063,0.05022945478168696,0.9477509938105043,0.375144625187778,1.0
8.0,-65.21050524628752,0.0,272.6933011989953,0.03172375217264437,0.9597912500101864,0.3809607230450274,1.0
9.0,-66.33355689695742,0.0,272.67945471128957,0.01988353919954727,0.9675254657350119,0.387650447264036,1.0
10.0,-67.04078264366989,0.0,272.6707220493139,0.012349673571118552,0.9724317940494643,0.3952617902099819,1.0
11.0,-67.4822780449322,0.0,272.6652623102624,0.007589058006635915,0.9755068234921307,0.4038487412617537,1.0
12.0,-67.7550375819865,0.0,272.6618840145963,0.0046062522109982275,0.9774100378417768,0.41347154540862,1.0
13.0,-67.92150673437237,0.0,272.65981890072516,0.0027562569074878673,0.978572035534225,0.4241969009013407,1.0
14.0,-68.02167417472498,0.0,272.65857422814935,0.0016225699424096173,0.9792708170037632,0.43609805360681886,1.0
15.0,-68.08096755786768,0.0,272.6578361808958,0.0009375580309733503,0.979683931839653,0.0,0.0
