iter,val,proj,gnorm,dnorm,xnorm,step,maxstep
1.0,4.0,0.0,67.94581327795996,1.3959034828143864,1.4142135623730951,0.5384053422926275,1.0
2.0,-14.846791210988933,0.0,67.39405805172863,0.6528095244600787,1.545142661217255,0.5706751665196669,1.0
3.0,-23.698628282178134,0.0,67.13475352213389,0.2953084302463362,1.7155864542616814,0.6265717296952962,1.0
4.0,-27.790728254030807,0.0,67.01524853615791,0.12263759558644907,1.8111992405362785,0.7166405124348165,1.0
5.0,-29.522859555002455,0.0,66.96498545200939,0.0430462970869514,1.8529224301303522,0.8531279120915526,1.0
6.0,-30.104906180898098,0.0,66.94828169419453,0.010213333847338952,1.8661186357051582,1.0,1.0
7.0,-30.20496566928866,0.0,66.94548690476843,0.000826449350428741,1.8678235355217028,0.0,0.0
