iter,val,proj,gnorm,dnorm,xnorm,step,maxstep
1.0,4.000000000000014,0.0,68.03394057383417,1.397707683756074,1.4142135623730951,0.5290398161795876,1.0
2.0,-14.766876583018785,0.0,67.48408169844514,0.6643967156848838,1.5520185870697203,0.5577816626432378,1.0
3.0,-23.7133489823233,0.0,67.22171395746322,0.30585975770762486,1.7238501887921818,0.6081935413634918,1.0
4.0,-27.943178850637885,0.0,67.09805307271725,0.1322309890002643,1.8205395516561749,0.6969229421721271,1.0
5.0,-29.824901115504886,0.0,67.04339580329004,0.04955935457331076,1.864162332514569,0.8403577888524922,1.0
6.0,-30.509794238494177,0.0,67.02372817733846,0.012804450169434337,1.8788030219311365,1.0,1.0
7.0,-30.63969487784529,0.0,67.02010249179474,0.0011620959640238806,1.8807287498971819,0.9999917851919814,27.71568755589682
8.0,-30.639695553073263,0.0,67.02012290044536,3.431988636811096e-08,1.880542445779098,0.0,0.0
