iter,val,proj,gnorm,dnorm,xnorm,step,maxstep
1.0,4.0,0.0,65.46226305287192,1.3961348862805685,1.4142135623730954,0.5401241070905105,1.0
2.0,-13.427532428817585,0.0,64.93319316719014,0.6500460733527592,1.543950085054477,0.573883950596847,1.0
3.0,-21.57366969282584,0.0,64.68596420402488,0.2894689439185035,1.7133665174823784,0.6284790892303515,1.0
4.0,-25.296001686726488,0.0,64.57346024818534,0.11936223981977903,1.806024747056653,0.7197367151579555,1.0
5.0,-26.864749004394188,0.0,64.52639376173774,0.04202532123959407,1.8456916707162152,0.8731362356793156,1.0
6.0,-27.395985569447944,0.0,64.51068733094735,0.009664357860288169,1.8575758647661482,1.0,1.0
7.0,-27.473062036240027,0.0,64.50850488981305,0.000765701579207283,1.8584045438288868,0.0,0.0
