iter,val,proj,gnorm,dnorm,xnorm,step,maxstep
1.0,4.0,0.0,65.66750435339385,1.3910023963554727,1.4142135623730954,0.5341334567597275,1.0
2.0,-14.428229164680932,0.0,65.10718511325219,0.6587619805116892,1.5436651589495236,0.5703455263565009,1.0
3.0,-23.225260223333745,0.0,64.83956654167487,0.29575993339806256,1.7138753224801944,0.620513917514173,1.0
4.0,-27.25613421811827,0.0,64.71726014126544,0.123961878810732,1.8088539068045244,0.7038597119070251,1.0
5.0,-28.975496856688995,0.0,64.66538351088329,0.043776929264369935,1.8509437680409708,0.8182034274316485,1.0
6.0,-29.565041361732387,0.0,64.64774655265981,0.011371863706001727,1.8648850212455854,0.9610806756837217,1.0
7.0,-29.690745845057826,0.0,64.64404962669778,0.0013476779153339235,1.8674520972480393,1.0,1.0
8.0,-29.695834167170446,0.0,64.6439142231542,3.85606362934098e-05,1.8674509701910103,0.0,0.0
