iter,val,proj,gnorm,dnorm,xnorm,step,maxstep
1.0,4.0,0.0,67.50804186172044,1.3962439410279077,1.4142135623730954,0.5280809004095199,1.0
2.0,-14.583391168913423,0.0,66.95929578945383,0.6675140268564593,1.5516415035053486,0.5550735310801992,1.0
3.0,-23.43060559564381,0.0,66.69762466986336,0.30549679679175973,1.725739757127478,0.5903514536936223,1.0
4.0,-27.533688739494934,0.0,66.57644888998752,0.13264563680735464,1.8236748852272227,0.6497157501851997,1.0
5.0,-29.366349206185255,0.0,66.52257437432304,0.05265000104896069,1.8683580618015758,0.7456474795049536,1.0
6.0,-30.100058073885002,0.0,66.50115701537179,0.01724407620734496,1.8853556593203282,0.8894208371787512,1.0
7.0,-30.322284851681196,0.0,66.49475311153073,0.003471550904451873,1.8897312966662478,1.0,1.0
8.0,-30.34989722895061,0.0,66.49398605339707,0.0002246784958295249,1.8899768340676715,0.0,0.0
