iter,val,proj,gnorm,dnorm,xnorm,step,maxstep
1.0,4.0,0.0,68.4652092818316,1.3943438869231652,1.4142135623730954,0.5440274183851547,1.0
2.0,-15.553445678214437,0.0,67.89755020160598,0.6433584946515919,1.5407335575928418,0.5783058059864338,1.0
3.0,-24.66411484117092,0.0,67.6329284056416,0.2858056095333357,1.7084661030947597,0.6423899156653786,1.0
4.0,-28.85387892183146,0.0,67.51173544930991,0.11620425320029944,1.7998577429179683,0.7498948125504793,1.0
5.0,-30.58849649933839,0.0,67.46193001820494,0.03778557079083672,1.8381634368147994,0.9028529200086123,1.0
6.0,-31.109005035550375,0.0,67.44717875749929,0.007280190105457871,1.848616744163701,1.0,1.0
7.0,-31.164946174913695,0.0,67.44566390798252,0.0004644945120407679,1.849113533351897,0.0,0.0
