iter,val,proj,gnorm,dnorm,xnorm,step,maxstep
1.0,4.0,0.0,66.75088026389913,1.391544098213466,1.4142135623730954,0.5289893232675247,1.0
2.0,-14.131708706471024,0.0,66.20926162515471,0.6612794579797008,1.5477850518183098,0.5714983138242044,1.0
3.0,-22.983639494512012,0.0,65.94542435856819,0.29907194782082663,1.7137468269034697,0.650836077816632,1.0
4.0,-27.218761586398813,0.0,65.82005342428045,0.12536240191191889,1.804292957955599,0.8184614097303589,1.0
5.0,-29.062028356464634,0.0,65.76625899381325,0.03860951475778737,1.8405590297865966,1.0,1.0
6.0,-29.469437627508633,0.0,65.75481389913428,0.004595293682655389,1.8450356899678533,0.9998902930900906,5.918961687187
7.0,-29.46944818471232,0.0,65.75491385850022,2.7409021229586136e-06,1.844111226401825,0.0,0.0
