iter,val,proj,gnorm,dnorm,xnorm,step,maxstep
1.0,4.0,0.0,67.09085672431974,1.3981583601294958,1.4142135623730951,0.5421233536117737,1.0
2.0,-14.54683110188104,0.0,66.54138186808848,0.6458713994117331,1.5444002697185748,0.5723531393739231,1.0
3.0,-23.145052598415685,0.0,66.28651713389088,0.2880614528832556,1.7132623501495021,0.6246643113834113,1.0
4.0,-27.080064789249015,0.0,66.17027570277993,0.12087585649322088,1.8053480199172434,0.7180929002071819,1.0
5.0,-28.76291896064854,0.0,66.12089189685238,0.043018219420722065,1.8455734820526528,0.8642103096039763,1.0
6.0,-29.331669351082482,0.0,66.1044036973125,0.00988319353056205,1.8581721987595419,1.0,1.0
7.0,-29.42090495106116,0.0,66.10189632800096,0.0007549028996205577,1.8595535620155872,0.0,0.0
