iter,val,proj,gnorm,dnorm,xnorm,step,maxstep
1.0,4.0,0.0,64.36480617543876,1.3956123886645388,1.4142135623730951,0.5323890370432328,1.0
2.0,-12.631156044114448,0.0,63.85036354177523,0.6622533432656657,1.548390869177891,0.5666185331587686,1.0
3.0,-20.535777577743467,0.0,63.60596997668416,0.29991432534239254,1.7202447185875593,0.6172758625999478,1.0
4.0,-24.185134104053816,0.0,63.49355599071574,0.12669061269047416,1.816385504756004,0.7034726466109159,1.0
5.0,-25.76052503642825,0.0,63.4453788095125,0.04574498351322533,1.8589567434777168,0.8328077203085406,1.0
6.0,-26.311074328310724,0.0,63.42873568046576,0.011670468536915682,1.872985778350616,0.9892149390643862,1.0
7.0,-26.42021977024161,0.0,63.42551915480745,0.0011156280482418493,1.875183207655518,1.0,1.0
8.0,-26.4214095167599,0.0,63.42550079893875,1.0944167886449662e-05,1.875075030854685,0.0,0.0
