iter,val,proj,gnorm,dnorm,xnorm,step,maxstep
1.0,4.0,0.0,68.13031253416646,1.3930608808114093,1.4142135623730951,0.5399631910961807,1.0
2.0,-15.074780352656347,0.0,67.57283313631793,0.6521289208882406,1.5419823212936845,0.5788499720733579,1.0
3.0,-24.11147391410303,0.0,67.30872307898962,0.28886418866571306,1.7117999740062106,0.6413387140662244,1.0
4.0,-28.24826577109315,0.0,67.18831441480853,0.11694231317401706,1.8046255515711505,0.7555797103966958,1.0
5.0,-29.981427825628142,0.0,67.13832196415287,0.038811348710040605,1.8426231490182214,0.9406170899631192,1.0
6.0,-30.506956797072114,0.0,67.12343579187018,0.006814777196341854,1.8520123693955,1.0,1.0
7.0,-30.540100477390567,0.0,67.12258652567454,0.00030490911240272864,1.8517357969467114,0.0,0.0
