iter,val,proj,gnorm,dnorm,xnorm,step,maxstep
1.0,200.00000000000023,0.0,45.46306637263263,22.69088273179023,100.0,0.5039154311571621,1.5973270201858056
2.0,70.27297913523307,0.0,39.44672910712715,2.007814492710483,99.64525439197165,44.87434099270196,44.87434099270196
3.0,-47.562522511649064,0.0,42.458125552917984,10.93117566436529,9.86577882860982,0.7438421705496152,1.0
4.0,-102.71499762779445,0.0,39.61533623842287,2.9019255884678,15.425235070197717,1.0,1.0
5.0,-107.67367067757975,0.0,39.47644406022335,1.6259110408697832,15.810456769610651,1.0,1.0
6.0,-109.75523239801389,0.0,39.47586608323832,1.5098608717516904,15.282626792009713,1.0,1.0
7.0,-111.11356126653317,0.0,39.49012205692343,0.47143145598385006,14.94781340365969,1.0,1.0
8.0,-111.4345225443192,0.0,39.48906919983293,0.1722636138876551,14.934320883934804,0.9999999672437372,1.0
9.0,-111.45491343686079,0.0,39.492632816301345,4.2424836255794636e-07,14.930173724893278,0.0,0.0
