iter,val,proj,gnorm,dnorm,xnorm,step,maxstep
1.0,200.0,0.0,46.602365047297766,23.1379976229564,100.0,0.503764074124748,1.624758934516886
2.0,65.15068608825891,0.0,40.502431135837185,2.007513803020579,99.67125387938246,44.46452841104176,44.46452841104176
3.0,-54.5127243796822,0.0,43.28074726364616,10.618421298552422,10.791582002301329,0.7079584355798476,1.0
4.0,-106.29683258593602,0.0,40.6664627514622,2.760498807013642,15.887049895383573,1.0,1.0
5.0,-111.30035196862428,0.0,40.52030578865516,1.6524472948680793,16.350198045934352,1.0,1.0
6.0,-113.38978195861961,0.0,40.53276609504186,1.4595430028601575,15.596541854718781,1.0,1.0
7.0,-114.7904274322485,0.0,40.542261257554514,0.6472077083228932,15.245250642547873,1.0,1.0
8.0,-115.32148089981825,0.0,40.540978314725145,0.38362872523674296,15.207989972777654,1.0,1.0
9.0,-115.4253973325309,0.0,40.54699087092698,0.00012303663348323977,15.193777124496687,0.0,0.0
