iter,val,proj,gnorm,dnorm,xnorm,step,maxstep
1.0,199.99999999999977,0.0,46.106046067751244,21.83253786471779,100.0,0.5042305787874226,1.628903471701517
2.0,79.82679936826003,0.0,40.658986518414636,2.0084451713788627,99.59667551431419,46.11159234610817,46.11159234610817
3.0,-34.20157992603836,0.0,43.986541285153365,11.332342470219206,7.208012103824388,0.7843545787184761,1.0
4.0,-96.93335031682352,0.0,40.790606508270166,2.4092430832376075,14.131888092110112,1.0,1.0
5.0,-100.85786692821239,0.0,40.68228158832769,1.023850649461465,14.763856034642796,1.0,1.0
6.0,-101.9374723799717,0.0,40.6895107325834,0.7473580157630286,14.364440795097659,1.0,1.0
7.0,-102.29342606121403,0.0,40.702183532148034,0.006821568790981633,14.303379421539145,0.9999994373962477,1.0
8.0,-102.29347770898683,0.0,40.70221366451384,1.7675802039085758e-07,14.303382277765019,0.0,0.0
