iter,val,proj,gnorm,dnorm,xnorm,step,maxstep
1.0,200.0,0.0,46.47271476900397,21.923484532189768,100.0,0.5041961177540741,1.6387077452243397
2.0,78.83179720597764,0.0,41.02559332858629,2.0083750916819962,99.60174008412875,46.00870705455177,46.00870705455177
3.0,-35.68541080506995,0.0,44.2851836375178,11.231826647450658,7.435751224226742,0.779927172869216,1.0
4.0,-97.51606723708838,0.0,41.1574363984216,2.397836781620203,14.233341508210408,1.0,1.0
5.0,-101.5290089777192,0.0,41.04592823509546,1.139340656470189,14.878066536334938,1.0,1.0
6.0,-102.84387933073566,0.0,41.05550329098503,0.8853883340639381,14.45192368335897,1.0,1.0
7.0,-103.35845468507026,0.0,41.068232725254134,0.03918666537117543,14.37793125439247,1.0,1.0
8.0,-103.36140765596681,0.0,41.0684852191738,3.601199722967279e-05,14.377860039552726,0.0,0.0
