iter,val,proj,gnorm,dnorm,xnorm,step,maxstep
1.0,200.0,0.0,46.76150110936774,21.6879346089191,100.0,0.5042884694637704,1.6509198355756483
2.0,81.39979689749885,0.0,41.47656923670104,2.0085586326973752,99.58866422447785,46.37603534463986,46.37603534463986
3.0,-31.908400794639732,0.0,44.8228687695854,11.348807608928622,6.64992657077495,0.7811752217663633,1.0
4.0,-95.54810825940996,0.0,41.6118806516907,2.3075539429304297,13.822760948406103,1.0,1.0
5.0,-99.41236217522567,0.0,41.495348217436245,0.8931127764799777,14.594113897556083,1.0,1.0
6.0,-100.24069982772265,0.0,41.51228282457141,0.5050829941680893,14.20101514979621,1.0,1.0
7.0,-100.4253498990152,0.0,41.52081645568514,5.430620741166808e-09,14.172180443506395,0.0,0.0
