iter,val,proj,gnorm,dnorm,xnorm,step,maxstep
1.0,200.00000000000045,0.0,44.351149094480064,20.73643962573093,100.0,0.5046948364161653,1.592475971448562
2.0,91.49062825081728,0.0,39.256363262845326,2.009367734329125,99.53718051403045,47.79585070283909,47.79585070283909
3.0,-15.687220752887484,0.0,43.32533060045911,12.000833995324934,3.5894434947431235,0.8587689893054413,1.0
4.0,-89.1264457062606,0.0,39.34904366074253,1.5067911820974058,12.920974048624899,1.0,1.0
5.0,-90.91640642740947,0.0,39.28946784821678,0.24484281716690526,13.633078453166604,0.9999999999065672,1.0
6.0,-90.9483117749624,0.0,39.304469823667716,3.706478245840965e-10,13.486905632182053,0.0,0.0
