iter,val,proj,gnorm,dnorm,xnorm,step,maxstep
1.0,199.99999999999977,0.0,46.29078614585628,22.02795824218738,100.0,0.5041528575177869,1.6316808990848932
2.0,77.6847164326216,0.0,40.762947130973316,2.0082973226303658,99.60758031620921,45.828466905022516,45.828466905022516
3.0,-37.302179926431904,0.0,43.98803773662828,11.185932004844494,7.818385785770389,0.757144236029913,1.0
4.0,-97.83167707499052,0.0,40.91129763839449,2.493211424508513,14.302710084884781,1.0,1.0
5.0,-102.09738197314599,0.0,40.78278658115181,1.1621128849872129,15.008853684666187,1.0,1.0
6.0,-103.34695818855052,0.0,40.794618092940034,0.933430133264462,14.50431450516677,1.0,1.0
7.0,-103.8783867379615,0.0,40.80739558865074,0.05785908710506531,14.414223885596869,0.9999996437265851,1.0
8.0,-103.88222223968526,0.0,40.80783856859911,1.2452529060110311e-06,14.41400534331703,0.0,0.0
