iter,val,proj,gnorm,dnorm,xnorm,step,maxstep
1.0,200.00000000000023,0.0,47.13818944339929,22.563051218053797,100.0,0.5039593784459834,1.6498167853712598
2.0,71.71933741180419,0.0,41.436119051629774,2.0079037719815167,99.6379081203072,45.222278851106786,45.222278851106786
3.0,-45.819935039477485,0.0,44.38861942253178,10.912405577388947,9.154318315992262,0.7353437232790632,1.0
4.0,-101.87259543396772,0.0,41.59930049811881,2.7285556335528582,14.977375230579778,1.0,1.0
5.0,-106.70734143806008,0.0,41.45652542610653,1.3870972110080346,15.575336100091826,1.0,1.0
6.0,-108.40275158072582,0.0,41.46505596391791,1.2048232979281375,15.01047605851037,1.0,1.0
7.0,-109.32051811334775,0.0,41.47851421871101,0.3089736183519889,14.80156750410646,1.0,1.0
8.0,-109.45297423308385,0.0,41.480524237217,0.04528028099453827,14.795818900494028,0.9999999537555572,1.0
9.0,-109.45409179224161,0.0,41.481140736440366,1.78715052786335e-07,14.795542679126365,0.0,0.0
