iter,val,proj,gnorm,dnorm,xnorm,step,maxstep
1.0,200.00000000000023,0.0,45.31869265546614,20.776809600807123,100.0,0.5046764394004193,1.6200944330363698
2.0,91.07169280309881,0.0,40.3254943834984,2.0093311111949173,99.53932150005808,47.76529117460774,47.76529117460774
3.0,-16.421211653171653,0.0,44.27661390744974,11.94290820675577,3.6616186266738753,0.852336626019707,1.0
4.0,-89.15644186736948,0.0,40.421445752253334,1.5082922313322629,12.902409819185037,1.0,1.0
5.0,-90.97732622589733,0.0,40.357203263097176,0.2558579623503257,13.651326400780338,1.0,1.0
6.0,-91.01234467954724,0.0,40.37241418606264,3.735703831683942e-09,13.49165258146544,0.0,0.0
