iter,val,proj,gnorm,dnorm,xnorm,step,maxstep
1.0,49.999999999989086,0.0,3951.187745945262,15.445991457083862,15.811388300841896,0.44150220298062826,1.0
2.0,-1074.808303579659,0.0,3950.1848604052266,8.753247249233732,17.13544239641805,0.5227961733361459,1.0
3.0,-1767.7545286300883,0.0,3949.681104889619,4.475308979568831,19.216260824088653,0.6229239194570455,1.0
4.0,-2145.8729525187373,0.0,3949.403049577325,1.9300607782485,20.621275138784057,0.8205510664867114,1.0
5.0,-2329.677463469983,0.0,3949.322799836026,0.8838803036170132,21.30275244198307,1.0,1.0
6.0,-2369.9893702529807,0.0,3949.309535871363,0.6443345293935767,21.36982553683984,1.0,1.0
7.0,-2370.3688349409204,0.0,3949.336503646064,0.39888352800387067,21.321668901978914,1.0,1.0
8.0,-2370.511557517326,0.0,3949.3368245161887,0.10107277019489756,21.311809687577504,0.9999817275488989,1.0
9.0,-2370.5186281852802,0.0,3949.3326540329454,6.39085587015127e-05,21.31080519854055,0.0,0.0
