iter,val,proj,gnorm,dnorm,xnorm,step,maxstep
1.0,50.0,0.0,3950.5749744719437,15.512423281767658,15.811388300841896,0.46488892744809823,1.0
2.0,-1171.8535375963838,0.0,3948.333809574343,8.395395372706648,17.301947935491366,0.5436272233059306,1.0
3.0,-1885.5762644802708,0.0,3947.3088585494597,4.215049173989895,19.42191468328503,0.6578615572517543,1.0
4.0,-2265.7471783416186,0.0,3947.004490263524,1.7288749275790474,20.7514289742789,0.8236816075799791,1.0
5.0,-2425.832011618262,0.0,3946.7583774881673,1.0123063173059825,21.29366816673553,1.0,1.0
6.0,-2460.415372684445,0.0,3946.8570244586035,0.7583400742633948,21.335783704009003,1.0,1.0
7.0,-2460.8529186160413,0.0,3946.785083520736,0.49759603948224057,21.287291191421954,0.8284735055709871,1.0
8.0,-2461.0214933527714,0.0,3946.8425961753633,0.13236330055223727,21.286138024159882,1.0,1.0
9.0,-2461.059363249886,0.0,3946.828628243447,0.04346729587527762,21.285469861785273,1.0364169371780194,1.8932372522219774
10.0,-2461.0603423559187,0.0,3946.8351072413548,0.004574401877459078,21.287321398817475,1.2829508552972437,2.1261930796447412
11.0,-2461.0603557788636,0.0,3946.8349134094638,0.0009579845143144039,21.287165116414382,0.0,0.0
