iter,val,proj,gnorm,dnorm,xnorm,step,maxstep
1.0,50.0,0.0,3952.192485246638,15.49683737911439,15.811388300841896,0.4746673795645619,1.0
2.0,-1263.4423634182858,0.0,3949.9374799560956,8.324014791899312,17.36694822058684,0.5583023869246212,1.0
3.0,-2024.758036632491,0.0,3948.8355787138808,3.8654706830570498,19.585567617051122,0.6329728498682059,1.0
4.0,-2392.6050427688933,0.0,3948.3315433231905,1.6649606606713416,20.880480864574775,0.820457375947156,1.0
5.0,-2564.7725938106123,0.0,3948.121020113289,0.856989854943098,21.493085466949562,1.0,1.0
6.0,-2602.5532719482326,0.0,3948.0681439480395,0.7093562615172408,21.555709684615177,0.9179047963744438,1.0
7.0,-2602.837190370279,0.0,3948.0675017758213,0.5484367474422491,21.533312964342457,0.4938675742391389,1.0
8.0,-2602.924613164105,0.0,3948.068926786024,0.2227342298871606,21.520908712165056,0.9108920746608677,1.0
9.0,-2602.9805443893274,0.0,3948.052962062645,0.18036820401854425,21.52010243807495,0.6890578747189747,1.0
10.0,-2602.993974377492,0.0,3948.0548605945805,0.06208865638851815,21.51632449363109,1.0,1.0
11.0,-2602.9978926478507,0.0,3948.0525559149305,0.05093648592685458,21.518269563598274,1.0,1.0
12.0,-2602.999561638593,0.0,3948.0538819786357,0.04208816435827227,21.51822840116603,1.4583929530392077,3.0704025805305224
13.0,-2603.000853347061,0.0,3948.0528621575036,0.047028555282604925,21.520713631358042,0.7795560537603872,1.0
14.0,-2603.00171542108,0.0,3948.054158669048,0.028095661348155925,21.5202318087173,1.0,1.0
15.0,-2603.002234158379,0.0,3948.053678851779,0.023271613667748017,21.52142845066588,1.5181487952506825,3.536549261977969
16.0,-2603.0026452487764,0.0,3948.054609645542,0.02668380494436958,21.52163470920313,0.7634906150610801,1.4591171171042145
17.0,-2603.002917061145,0.0,3948.054013933253,0.015387157100480137,21.52255450229248,1.5181487907726747,3.312170854569412
18.0,-2603.0030967832136,0.0,3948.05462943971,0.013713675324109406,21.5227227251672,0.7135312913681722,1.0
19.0,-2603.0032019907376,0.0,3948.054328908431,0.007668725914582884,21.52316548908133,1.0,1.0
20.0,-2603.0032605078995,0.0,3948.0544545154103,0.0031053036859283534,21.523328539599717,0.9999198990079597,7.350519802755798
21.0,-2603.003265328971,0.0,3948.054556051339,1.3003754617621598e-05,21.52332240687647,0.0,0.0
