iter,val,proj,gnorm,dnorm,xnorm,step,maxstep
1.0,49.999999999989086,0.0,3952.6591799918697,15.563456344633233,15.811388300841896,0.5022886351257144,1.0
2.0,-1316.7510382084656,0.0,3951.5451011114537,7.951154329447952,17.571581294893207,0.5952873871705681,1.0
3.0,-2072.8596344659127,0.0,3951.017470735,3.4020936248248503,19.859196242009734,0.6717296428831019,1.0
4.0,-2406.527010794187,0.0,3950.770881905188,1.3559665756038766,21.07585674061384,1.0,1.0
5.0,-2567.307556514297,0.0,3950.6740024934106,0.6991412880035662,21.638957828239796,1.0,1.0
6.0,-2567.7750510307305,0.0,3950.6855944272406,0.5302151689662348,21.569687903386487,1.0,1.0
7.0,-2568.0315146715584,0.0,3950.702197421251,0.2564961534131816,21.547886475286624,1.0,1.0
8.0,-2568.0865320688026,0.0,3950.703664652021,0.015626477634688253,21.543590020125805,0.9999999278332325,1.0676569410722818
9.0,-2568.086654162227,0.0,3950.7032540880277,2.4443822989203006e-07,21.54335857199308,0.0,0.0
