iter,val,proj,gnorm,dnorm,xnorm,step,maxstep
1.0,49.99999999999636,0.0,3954.311338029417,15.541131763163197,15.811388300841896,0.46860476975680004,1.0
2.0,-1200.0284662404665,0.0,3951.858467495146,8.460393739183043,17.339907413052895,0.5170347656830162,1.0
3.0,-1884.7493725454042,0.0,3950.7152109735,4.129717042425052,19.404065552781635,0.5601571660530975,1.0
4.0,-2229.367246541824,0.0,3950.012689844155,2.156734084769723,20.64542567936278,0.668079664396874,1.0
5.0,-2407.0619946718652,0.0,3949.894359657656,1.2696262834838412,21.28293272932382,0.5508225672332353,1.0
6.0,-2455.483494458931,0.0,3949.7217308453196,0.9748108326263241,21.402359935500677,0.586956285893171,1.0
7.0,-2478.7850336961747,0.0,3949.8018255217494,0.7963307872925655,21.455942260563166,0.6126576544075468,1.0
8.0,-2488.8849413729004,0.0,3949.7072096719776,0.6222779656891541,21.4528581278372,0.4929373114293398,1.0
9.0,-2492.1187325961364,0.0,3949.7716490039493,0.4057444527126184,21.455636576658524,1.0,1.0
10.0,-2495.424854221157,0.0,3949.733870460889,0.2963676675127272,21.44489401704486,0.41937330811334644,1.0
11.0,-2495.450811183786,0.0,3949.7645033291647,0.1545411873920661,21.446535297587783,1.0,1.0
12.0,-2495.4731211155595,0.0,3949.7693982723413,0.02317374521569213,21.44492944444758,1.0,1.0
13.0,-2495.475744950905,0.0,3949.769469979623,0.01345385586609138,21.445425873777076,0.9997703562546086,14.974023811422432
14.0,-2495.475835433226,0.0,3949.7714948927833,6.493004120453312e-05,21.44595765173245,0.0,0.0
