iter,val,proj,gnorm,dnorm,xnorm,step,maxstep
1.0,50.0,0.0,3960.896856864617,15.509805699861543,15.811388300841896,0.4363509192477118,1.0
2.0,-1096.9003493688178,0.0,3959.731785102602,8.916862698585058,17.123145431633677,0.540437146176852,1.0
3.0,-1844.8901031391506,0.0,3959.2893140231017,4.270824490511859,19.27212314409491,0.5994485283293504,1.0
4.0,-2210.6856942984377,0.0,3959.0105073861514,1.9346635952696516,20.62755199786835,0.7529819222397962,1.0
5.0,-2391.1336017466856,0.0,3958.8886834489285,1.0158228464626513,21.289099475837475,1.0,1.0
6.0,-2450.140031258492,0.0,3958.7967271306707,1.0410367152245663,21.433497249280695,0.42601874001330753,1.0
7.0,-2450.433758840627,0.0,3958.8247068283963,0.532161100195184,21.403749826563033,1.0,1.0
8.0,-2450.6846252466785,0.0,3958.8028120728786,0.4716885982515656,21.369337517282094,0.4376922652197969,1.0
9.0,-2450.7445761491726,0.0,3958.8131582853116,0.16232563992915408,21.364778272973368,1.0,1.0
10.0,-2450.7818567364957,0.0,3958.8074157356978,0.08932844285168262,21.361711408397852,0.6537160012681328,1.3971526771389113
11.0,-2450.78446492301,0.0,3958.8095488606127,0.02621587392021011,21.361304451498036,1.4524059885775467,2.7383530279430244
12.0,-2450.7849640219792,0.0,3958.8081690762915,0.022410726006292705,21.361390950064653,0.8370995389148326,2.070326747472692
13.0,-2450.785174234712,0.0,3958.8093617763852,0.01339472729835334,21.36136434060938,1.263728678149356,14.36599230039618
14.0,-2450.7852876030447,0.0,3958.8090095302746,0.012437867028976844,21.3614863959629,0.8451801245216142,1.9736378658293727
15.0,-2450.785352977957,0.0,3958.8095664584644,0.007740166037388126,21.361475009874134,1.262374227981202,13.038679323261224
16.0,-2450.78539079244,0.0,3958.809330485041,0.007195567746742642,21.361550577235757,0.8452231653648973,1.7614961430334624
17.0,-2450.7854126736966,0.0,3958.8096583847564,0.004478861078968294,21.361546461379316,1.262367528355141,10.586257444889457
18.0,-2450.7854253353435,0.0,3958.809523064196,0.004163752384789453,21.361592238339295,0.8452233772199336,1.3946329287217571
19.0,-2450.7854326620763,0.0,3958.8097125940744,0.0025917189507050297,21.3615906411025,1.2623674953345807,6.347644956074141
20.0,-2450.785436901766,0.0,3958.8096342373765,0.0018454165549204756,21.361617811990985,0.803128935685019,1.0
21.0,-2450.785439101888,0.0,3958.80971575044,0.0011048719813751124,21.361616828728533,1.0,1.0
22.0,-2450.7854401429468,0.0,3958.809700997582,0.0002719715334831404,21.361625873335328,0.0,0.0
