iter,val,proj,gnorm,dnorm,xnorm,step,maxstep
1.0,49.999999999992724,0.0,3957.428558929902,15.468348174194142,15.811388300841896,0.42989694101455184,1.0
2.0,-1089.407017436166,0.0,3955.3189422163946,9.02030504296789,17.076019719139808,0.5165185571457345,1.0
3.0,-1818.4416649270315,0.0,3954.2684696977863,4.649906943969313,19.136818218420245,0.6045567860248005,1.0
4.0,-2214.6345150027373,0.0,3953.7054082122286,2.1132838935434757,20.56070673493049,0.744916432194336,1.0
5.0,-2403.684465802424,0.0,3953.5540978063004,1.0850141331452685,21.277167293593486,1.0,1.0
6.0,-2468.301439571773,0.0,3953.46289266682,0.7604033348582238,21.454430631834487,0.946357879491441,1.0
7.0,-2468.6605652158905,0.0,3953.5029604708625,0.5240917250899355,21.396663005864472,0.7836929107437347,1.0
8.0,-2468.815899985013,0.0,3953.4794486921455,0.2345651362519077,21.38801506591339,1.0,1.0
9.0,-2468.8882732674065,0.0,3953.496251778176,0.08345081052126056,21.386563325825595,0.9999391399039265,3.955872732113145
10.0,-2468.891755074357,0.0,3953.489042265153,0.0010274466184339232,21.389150425811653,1.0165543781573054,286.36419716149555
11.0,-2468.8917556108754,0.0,3953.488998649415,0.0001781339539084275,21.389177813194745,0.0,0.0
