iter,val,proj,gnorm,dnorm,xnorm,step,maxstep
1.0,49.999999999992724,0.0,3948.7757284702816,15.458746831598228,15.811388300841896,0.4517136475473212,1.0
2.0,-1154.2694547238207,0.0,3947.2958501229773,8.70176474793493,17.207663896182606,0.5213374843584017,1.0
3.0,-1866.2098038440818,0.0,3946.5908478386336,4.338433760176018,19.315584513288137,0.5814998570204573,1.0
4.0,-2231.210839070114,0.0,3946.3452800165896,1.9622198283191363,20.68479648850437,0.6894299399917533,1.0
5.0,-2408.5838070861864,0.0,3946.2260077976243,0.9267648040751751,21.376737160674068,1.0,1.0
6.0,-2487.9944863049495,0.0,3946.1653440411924,0.6067503898865022,21.641364000552834,1.0,1.0
7.0,-2488.3451629168158,0.0,3946.151590312274,0.38891129605237146,21.58989488673444,1.0,1.0
8.0,-2488.4786449137428,0.0,3946.1542091081756,0.14169871229567074,21.580419448695746,1.0,1.0
9.0,-2488.4932939731807,0.0,3946.1610065448517,0.0032432498052931075,21.57951110460049,1.0007046896585556,6.800997193512335
10.0,-2488.4932992362155,0.0,3946.1609398617393,5.863317945061808e-05,21.579482659341362,0.0,0.0
