iter,val,proj,gnorm,dnorm,xnorm,step,maxstep
1.0,49.999999999992724,0.0,3964.75377417085,15.577899590311699,15.811388300841896,0.45399302630054594,1.0
2.0,-1085.1586387700008,0.0,3962.4416358727453,8.585161381063548,17.255018039450913,0.500373938568702,1.0
3.0,-1720.4011354850554,0.0,3961.610512588113,4.47207972730952,19.213881182135452,0.591135645119548,1.0
4.0,-2080.3821669852405,0.0,3961.016028705899,2.282480248656613,20.57098064415239,0.7281026362043839,1.0
5.0,-2258.234709411823,0.0,3961.027264988281,1.2290653112305516,21.256696490306524,0.6513979188588591,1.0
6.0,-2301.3454682885495,0.0,3960.8080663663304,1.0198730753274117,21.353396944988443,0.6936328950734523,1.0
7.0,-2317.6666606554427,0.0,3960.926365785899,0.838098254320533,21.378169783224582,0.6497311827960899,1.0
8.0,-2322.4586296821035,0.0,3960.830245650438,0.6474265032735674,21.350358804919054,0.5508677789215579,1.0
9.0,-2324.0050095635816,0.0,3960.892257929539,0.439745758972191,21.35072360099336,1.0,1.0
10.0,-2325.269760374642,0.0,3960.856974349668,0.2782593571868784,21.333732491431757,0.40034610582229396,1.0
11.0,-2325.295387278813,0.0,3960.8852855041596,0.12729981901047874,21.337042941347956,1.0,1.0
12.0,-2325.316366622803,0.0,3960.895513570874,0.12214714532409458,21.33641982627216,1.0571156096222247,2.5321521239830957
13.0,-2325.3242526657523,0.0,3960.8773097240996,0.11012567115724006,21.334667557728025,0.9745689965137512,1.0
14.0,-2325.3318598492588,0.0,3960.8934298028616,0.10465460311368632,21.33963627004833,1.0,1.0
15.0,-2325.3376641464856,0.0,3960.8786544227137,0.0030817419229009655,21.33887783303559,0.9315054591357735,28.684263422196036
16.0,-2325.3376685697986,0.0,3960.8783283394628,0.00041235951687633573,21.338834763646748,0.0,0.0
