iter,val,proj,gnorm,dnorm,xnorm,step,maxstep
1.0,50.00000000000364,0.0,3941.2510151110646,15.521448107650606,15.811388300841896,0.4401106943074994,1.0
2.0,-1192.3676842368732,0.0,3939.4594314554506,8.89913865587126,17.156094096377775,0.5197317546852136,1.0
3.0,-1962.1311481432494,0.0,3938.84806470099,4.540531294984488,19.256063629581085,0.6023529733776533,1.0
4.0,-2374.4983025651563,0.0,3938.553537289278,2.006263260375044,20.690358320414617,0.7388266922529804,1.0
5.0,-2571.7078279612833,0.0,3938.47584108537,0.9667390014046289,21.39541970214315,0.9897671349882862,1.0
6.0,-2640.341046303467,0.0,3938.321808257575,0.8904972204136762,21.589746894534343,0.45496742591499106,1.0
7.0,-2640.8866593051025,0.0,3938.399128048663,0.46108215341223185,21.56957553297543,1.0,1.0
8.0,-2641.4493321286864,0.0,3938.363865708337,0.35873963359726996,21.541977015040917,0.6544969894985625,1.0
9.0,-2641.4998354412783,0.0,3938.403421331796,0.1660344794860926,21.539010182108427,0.7902395552973115,1.0
10.0,-2641.5198579132593,0.0,3938.387400452647,0.10373979281564653,21.53627038385541,0.8724788276760636,1.0
11.0,-2641.526722530947,0.0,3938.400234740056,0.07366248346959843,21.535519010526944,1.0,1.0
12.0,-2641.5300205913045,0.0,3938.3907405418913,0.04945439663218669,21.534159971035457,1.0,1.0
13.0,-2641.532508300006,0.0,3938.3969066452423,0.0481499845931289,21.533837587391883,0.9991614923111398,8.37058166314348
14.0,-2641.533666538424,0.0,3938.3903340594143,0.0008153694068533294,21.53316606573186,0.0,0.0
