iter,val,proj,gnorm,dnorm,xnorm,step,maxstep
1.0,20.000000000000057,0.0,48.37408913873004,8.602213667104666,10.0,0.5107482260771604,1.0
2.0,-51.43342064463738,0.0,45.362065165408346,3.7813733982884825,10.549054694874494,0.580979416315462,1.0
3.0,-76.86616501934773,0.0,44.28020145870419,1.9919972277818123,10.997489911796638,1.0,1.0
4.0,-91.67467347513002,0.0,43.70842899774267,1.410537004452245,10.991953146927626,1.0,1.0
5.0,-93.58179777819089,0.0,43.71686465401281,1.0640338336754542,10.29498220927068,1.0,1.0
6.0,-94.61167026330585,0.0,43.727018843359694,0.6728957322162376,10.031738861114187,1.0,1.0
7.0,-95.02903877690096,0.0,43.73342371553598,0.12111782958935008,9.980319607324336,1.0,1.0
8.0,-95.04094266930738,0.0,43.73533101985504,0.0009711644965036438,9.97813473619477,0.0,0.0
