iter,val,proj,gnorm,dnorm,xnorm,step,maxstep
1.0,20.00000000000003,0.0,45.37647857648498,8.324156350789007,10.0,0.5118946400246235,1.0
2.0,-41.75194405087214,0.0,42.60844882888718,3.538715395491908,10.464210918247897,0.6163570695898948,1.0
3.0,-64.0288809154102,0.0,41.62235940238715,1.9203691981905315,10.712836495497767,1.0,1.0
4.0,-76.29107819061309,0.0,41.16538154380763,1.4859711454851308,10.154537441538864,1.0,1.0
5.0,-78.43240003552131,0.0,41.17751568972341,1.1565253521603895,9.292406370828845,1.0,1.0
6.0,-79.6792151408413,0.0,41.18811716511283,0.7425308999552567,8.96171151147451,1.0,1.0
7.0,-80.1801831520632,0.0,41.19582261825488,0.14745407395815277,8.903200940867817,0.9999999995939388,1.0
8.0,-80.2008684731862,0.0,41.19843805649346,4.320898370194416e-09,8.903798935526341,0.0,0.0
