iter,val,proj,gnorm,dnorm,xnorm,step,maxstep
1.0,20.0,0.0,47.29904785512283,8.733537978579339,10.0,0.5091681945611902,1.0
2.0,-44.41473162238162,0.0,44.52537169795232,3.8139503332489535,10.599768810329847,0.5777337954811305,1.0
3.0,-65.51151692264443,0.0,43.62102211167856,1.9765448856917798,11.06662465331384,1.0,1.0
4.0,-77.50020176885799,0.0,43.17709088181964,1.4302004824540206,10.948751576302136,1.0,1.0
5.0,-79.40086841430555,0.0,43.189021158479825,1.0304887645664396,10.164370102136143,1.0,1.0
6.0,-80.3496196835788,0.0,43.199393171465246,0.6242998470409367,9.89943987260179,1.0,1.0
7.0,-80.70037385808999,0.0,43.204892919011264,0.11755033723489187,9.857315737579425,0.999999998555805,1.0
8.0,-80.7142108110946,0.0,43.206447506067,9.34718859353207e-09,9.857429106393392,0.0,0.0
