iter,val,proj,gnorm,dnorm,xnorm,step,maxstep
1.0,20.00000000000003,0.0,45.07769732363666,8.42388576459819,10.0,0.5115468438902617,1.0
2.0,-41.19214778153602,0.0,42.31664869652796,3.6110837981438673,10.48097950866438,0.6050469766401431,1.0
3.0,-62.47752628334169,0.0,41.36640701672213,1.9417797120172415,10.78469390618191,1.0,1.0
4.0,-74.10717399132356,0.0,40.927465030209795,1.436994926339631,10.4415013859274,1.0,1.0
5.0,-76.10756168530308,0.0,40.93828815630292,1.1116441658804501,9.689543408574849,1.0,1.0
6.0,-77.25872616810304,0.0,40.947240318870946,0.6939456712046781,9.408195269139375,1.0,1.0
7.0,-77.6764898954282,0.0,40.9552192101893,0.1021549185730514,9.352686522068252,0.9999999999999993,1.0
8.0,-77.68923305566204,0.0,40.95664540932803,5.444205097974222e-15,9.353695737355526,0.0,0.0
