iter,val,proj,gnorm,dnorm,xnorm,step,maxstep
1.0,20.000000000000085,0.0,47.362431778799106,8.526110545973978,10.0,0.5093551888046967,1.0
2.0,-44.98417378814901,0.0,44.54899641473932,3.6987379214803346,10.502785798784265,0.5930343585723287,1.0
3.0,-67.87841042025883,0.0,43.57053594444516,1.945562475364347,10.869788771203254,1.0,1.0
4.0,-80.8830741092947,0.0,43.0888772912386,1.4729032351148041,10.59822189138992,1.0,1.0
5.0,-82.92092625621889,0.0,43.1015503234825,1.0773976277404886,9.802676094727628,1.0,1.0
6.0,-83.98104102294694,0.0,43.111786852559874,0.62903723713184,9.51317439007785,1.0,1.0
7.0,-84.33353720085468,0.0,43.12066975655341,0.11287608108128615,9.462676374147968,1.0,1.0
8.0,-84.34720783387706,0.0,43.12211984245022,0.007246865723516512,9.464406369377777,0.9999997113564277,50.581706109006696
9.0,-84.34723409240074,0.0,43.12187522711446,1.9765448144976325e-07,9.464985968350128,0.0,0.0
