iter,val,proj,gnorm,dnorm,xnorm,step,maxstep
1.0,20.00000000000003,0.0,47.94461446297175,8.764035087041616,10.0,0.5089199038342813,1.0
2.0,-53.622123269975106,0.0,44.800411471032,3.7752555501464524,10.615804068465808,0.5853113618313217,1.0
3.0,-80.16227760610879,0.0,43.65765856276333,1.9678291440215667,11.037750682573023,1.0,1.0
4.0,-95.9556821409735,0.0,43.044026228917694,1.4079434678185714,10.79289784088508,1.0,1.0
5.0,-97.79802033467041,0.0,43.05657673064788,1.0126630869411442,10.01340639471539,1.0,1.0
6.0,-98.71971676284434,0.0,43.065812665535056,0.6377312699707226,9.762360444325092,1.0,1.0
7.0,-99.09270393299283,0.0,43.07163391924767,0.10277313483184201,9.711293770773896,0.9999999743458687,1.0
8.0,-99.10667319942633,0.0,43.073074251195656,1.4977352822391465e-07,9.70789973310929,0.0,0.0
