iter,val,proj,gnorm,dnorm,xnorm,step,maxstep
1.0,200.0,0.0,2494.029121732142,9.81086515609664,10.0,0.5087399537582875,1.0
2.0,-319.32597513875953,0.0,2493.2256595755166,4.832028587291145,10.831200832046722,0.5400148902566039,1.0
3.0,-571.4502575478,0.0,2492.8210736200967,2.3606945641116024,11.97061097798846,0.6372052934335035,1.0
4.0,-703.4771373457061,0.0,2492.6064077041538,1.0921991189368234,12.67622652135584,0.8945036903577545,1.0
5.0,-769.5904484309776,0.0,2492.5119169401632,0.3498089957634013,13.01298284676392,1.0,1.0
6.0,-777.366107095746,0.0,2492.5080070706563,0.10742206417586626,13.024107527227182,3.168557955637899,3.168557955637899
7.0,-777.3969350649786,0.0,2492.5105686840693,0.0694797788752035,13.03914599021355,1.0,1.0
8.0,-777.4002714132821,0.0,2492.507737914356,0.0055965726580498205,13.049962314180924,1.2245780739288479,67.78141411364186
9.0,-777.4002905911293,0.0,2492.5077284554327,2.3538320010673665e-05,13.050388223169334,0.0,0.0
