iter,val,proj,gnorm,dnorm,xnorm,step,maxstep
1.0,200.0,0.0,2496.1588373274644,9.750257816277013,10.0,0.5490407285345101,1.0
2.0,-370.71587665416155,0.0,2495.181691931028,4.629506684266209,10.649227973101416,0.6741039911034383,1.0
3.0,-667.0991074789908,0.0,2494.8343455236773,1.720585278325187,11.857822855144832,0.8762816162958016,1.0
4.0,-788.8856130733147,0.0,2494.67203361312,0.5091983051234716,12.427446588844475,1.0,1.0
5.0,-805.9829706295532,0.0,2494.63401483033,0.0639963643273002,12.41966263548825,0.9999999999976373,4.045809298504647
6.0,-805.9850183968647,0.0,2494.6332791730642,9.185698999842778e-13,12.40438755002652,0.0,0.0
