iter,val,proj,gnorm,dnorm,xnorm,step,maxstep
1.0,200.0,0.0,2497.452752910453,9.862868607391395,10.0,0.5113187825456784,1.0
2.0,-370.9335983233941,0.0,2496.68537017637,4.805704788823402,10.847171712482714,0.5547702392421203,1.0
3.0,-654.5642600399005,0.0,2496.355056161312,2.2623865981061857,11.990411666341565,0.6404248853046125,1.0
4.0,-795.740779348107,0.0,2496.1886803342077,0.9898618886260411,12.64961154597095,0.829598501511502,1.0
5.0,-860.5198331692318,0.0,2496.1111563202076,0.3439261334025282,12.931833324007407,1.0,1.0
6.0,-873.7639388621992,0.0,2496.0944965904964,0.04827451536849524,12.942582689011493,0.9999999977999273,2.3280262513874006
7.0,-873.7651040765977,0.0,2496.094332661268,8.424802916720111e-10,12.932221760560621,0.0,0.0
