iter,val,proj,gnorm,dnorm,xnorm,step,maxstep
1.0,200.0,0.0,2485.8500418022,9.788226463035407,10.0,0.4708705213140711,1.0
2.0,-313.72322177308706,0.0,2485.1179706449225,5.377877388588476,10.67014066104723,0.6146498459497912,1.0
3.0,-646.5258638851101,0.0,2484.821451708857,2.3809160124363506,11.935253227624113,0.8096217456415399,1.0
4.0,-809.6960537787818,0.0,2484.64543332079,0.6631569445220176,12.756433338214293,1.0,1.0
5.0,-847.4993104076839,0.0,2484.610296720584,0.08747956136597,12.941996784911968,1.0,2.1879404940293723
6.0,-847.5031367445299,0.0,2484.6116479723887,0.0,12.933650293919788,0.0,0.0
