iter,val,proj,gnorm,dnorm,xnorm,step,maxstep
1.0,200.00000000000182,0.0,2493.310149188023,9.852403567432443,10.0,0.48846560933242616,1.0
2.0,-351.4524546644934,0.0,2492.343246488322,5.169556568391982,10.66369074651564,0.5723863824906471,1.0
3.0,-661.3894380118163,0.0,2491.908331750411,2.43963609038011,11.836899618252787,0.7520255654160497,1.0
4.0,-829.8405673334837,0.0,2491.747468364121,0.9040767244011163,12.634063291651309,1.0,1.0
5.0,-884.6208372353485,0.0,2491.7008937686246,0.14696196617926258,12.884516129114038,0.9996310667957033,1.0
6.0,-884.6322856141778,0.0,2491.6980591724364,0.00016176957050432683,12.868471150770674,0.0,0.0
