iter,val,proj,gnorm,dnorm,xnorm,step,maxstep
1.0,3.0,0.0,3058.4240813428737,1.220697956089056,1.2247448713915885,0.44758620537371985,1.0
2.0,-65.66389469908313,0.0,3058.252783181816,0.6759603877737477,1.3334737886109431,0.45130778360650076,1.0
3.0,-103.62235972643703,0.0,3058.1576838130673,0.37140225373947705,1.479914416844545,0.4567157962500429,1.0
4.0,-124.61105160583088,0.0,3058.1034378810023,0.20405808899141673,1.580425145824768,0.4678550715401269,1.0
5.0,-136.2650411018776,0.0,3058.0722338732767,0.1109609902465954,1.641135299840397,0.48599144888932955,1.0
6.0,-142.69884579482255,0.0,3058.0543252657076,0.05921818222952199,1.6759245185272256,0.5180363350447271,1.0
7.0,-146.22147170468975,0.0,3058.0439959183345,0.0305007966700197,1.6951531858502948,0.5675669160889382,1.0
8.0,-148.08087429790749,0.0,3058.0382214477113,0.014620521129804455,1.7052913953967646,0.63789743238426,1.0
9.0,-148.9843966855749,0.0,3058.035224744279,0.006169444759530282,1.7101774335280049,0.7319586659028994,1.0
10.0,-149.35976907138092,0.0,3058.0338734899874,0.0020845588864013935,1.7121742862981166,0.8475166379778312,1.0
11.0,-149.4762636739772,0.0,3058.0334030438867,0.00046939775802466076,1.7127752250123411,0.0,0.0
