iter,val,proj,gnorm,dnorm,xnorm,step,maxstep
1.0,400.0,0.0,73.10869228760559,12.977376569218038,14.142135623730951,1.0,1.0
2.0,-27.706335713621257,0.0,68.21533218320013,5.11731839131307,10.65577358717408,0.9998278545891962,1.0
3.0,-45.039625573426946,0.0,69.56940951743726,0.0030578363493764544,7.585932589323248,1.0,1.0
4.0,-45.040360269731536,0.0,69.56957060251833,5.281109051364561e-07,7.5857418120329,0.0,0.0
