iter,val,proj,gnorm,dnorm,xnorm,step,maxstep
1.0,400.0,0.0,74.28988025299677,12.787448964683701,14.142135623730951,1.0,1.0
2.0,-34.400978843160715,0.0,68.73000950906071,5.284904234100799,11.308762943711978,1.0,1.0
3.0,-52.74675771064196,0.0,70.1846583262737,1.2109962534512407e-05,8.157759420274637,0.0,0.0
