iter,val,proj,gnorm,dnorm,xnorm,step,maxstep
1.0,400.0000000000001,0.0,72.63358637712996,12.80585886866155,14.142135623730951,1.0,1.0
2.0,-29.973810254206626,0.0,67.60605028462278,4.952517069248764,10.50169158842739,0.9999999491249765,1.0
3.0,-47.55563481467699,0.0,68.94631313052439,2.82988320167302e-06,7.584613041916656,0.0,0.0
