iter,val,proj,gnorm,dnorm,xnorm,step,maxstep
1.0,400.0,0.0,71.77543621604538,12.78112220224872,14.142135623730951,1.0,1.0
2.0,-24.181208668624464,0.0,66.76875756831119,5.22357976774683,10.60921911577122,0.9999767039350947,1.0
3.0,-42.8285320506066,0.0,68.26553889676461,0.00012237897420552994,7.390669101604699,0.0,0.0
