iter,val,proj,gnorm,dnorm,xnorm,step,maxstep
1.0,400.0000000000001,0.0,73.24790750597452,12.938411851971305,14.142135623730951,1.0,1.0
2.0,-27.815879179238777,0.0,68.1232737701538,5.341091258817764,10.985582525233662,0.9999912743847633,1.0
3.0,-46.338310165776306,0.0,69.58464284383372,0.0005082215766138546,7.745779077678186,0.0,0.0
