iter,val,proj,gnorm,dnorm,xnorm,step,maxstep
1.0,400.0,0.0,73.31410318625196,12.842801272250478,14.142135623730951,1.0,1.0
2.0,-32.510165308348576,0.0,67.89521219957443,5.236572584100214,11.123256753973397,1.0,1.0
3.0,-50.97552132315565,0.0,69.36540229726619,2.05128464535443e-05,7.952876764145449,0.0,0.0
