iter,val,proj,gnorm,dnorm,xnorm,step,maxstep
1.0,400.0000000000001,0.0,71.00878463966554,12.788190693577844,14.142135623730951,1.0,1.0
2.0,-18.847650975247547,0.0,66.11571745376523,5.390873734668579,10.603718006877493,1.0,1.0
3.0,-38.367415580734914,0.0,67.68243574481473,1.3574855726864146e-05,7.036940146676799,0.0,0.0
