iter,val,proj,gnorm,dnorm,xnorm,step,maxstep
1.0,400.0,0.0,73.07175953816221,12.867906085650695,14.142135623730951,1.0,1.0
2.0,-25.498923425723888,0.0,67.94169152725684,5.087679529763913,10.933355805289084,0.985752879397826,1.0
3.0,-44.072984886982454,0.0,69.38771186052188,0.07142402262814122,7.785202670488459,1.0,1.0
4.0,-44.1546443289739,0.0,69.41210282768809,0.0037652432432049104,7.754668866204549,1.2349473680492937,1.2349473680492937
5.0,-44.15465450550198,0.0,69.4121667184266,0.0006876279120710908,7.754656679708915,0.0,0.0
