iter,val,proj,gnorm,dnorm,xnorm,step,maxstep
1.0,400.0,0.0,71.09953850766544,12.814705766070782,14.142135623730951,1.0,1.0
2.0,-21.583061937855234,0.0,66.03068454556339,5.625913739711716,10.745776664766128,0.9969836525461694,1.0
3.0,-41.889023235305615,0.0,67.66864436255554,0.10161915286792075,7.107912064390703,1.0,1.0
4.0,-41.907811164392456,0.0,67.66835148778014,0.0003085625177748087,7.11096327352326,0.0,0.0
