iter,val,proj,gnorm,dnorm,xnorm,step,maxstep
1.0,400.0,0.0,67.97595521949067,12.727382603574773,14.142135623730951,1.0,1.0
2.0,-8.121281908670397,0.0,63.83213013923892,5.491660063693148,9.508680545457164,0.9999999170731575,1.0
3.0,-28.233814633968606,0.0,65.45480016236753,4.579854020040827e-06,5.841015165872696,0.0,0.0
