iter,val,proj,gnorm,dnorm,xnorm,step,maxstep
1.0,399.99999999999994,0.0,70.43376937238557,12.801906344586166,14.142135623730951,1.0,1.0
2.0,-13.170333193645092,0.0,65.95322657158215,5.537386011229991,10.179624280885813,0.9999560652411256,1.0
3.0,-33.433404836935196,0.0,67.55708619499393,0.003622450331448693,6.557977134856214,0.9924957666537144,1.0
4.0,-33.433626425965926,0.0,67.5571030980569,7.590089827817009e-06,6.557937269176246,0.0,0.0
