iter,val,proj,gnorm,dnorm,xnorm,step,maxstep
1.0,400.00000000000006,0.0,73.24565196653928,12.856807635312451,14.142135623730951,1.0,1.0
2.0,-31.51028968513296,0.0,67.89846532333652,5.125863451621048,11.066572476650228,0.9999996127460918,1.0
3.0,-48.997843803896814,0.0,69.27548028126104,2.3774620241171973e-05,8.02548038720524,0.0,0.0
