iter,val,proj,gnorm,dnorm,xnorm,step,maxstep
1.0,399.99999999999994,0.0,70.64713892298823,12.9258241360487,14.142135623730951,1.0,1.0
2.0,-26.951766794847757,0.0,65.94388677266619,4.851945992823056,10.025732091986876,0.9998622508292248,1.0
3.0,-43.937202114270235,0.0,67.24173538322522,0.008271641412249306,7.190792034303281,0.9793880579422681,1.0
4.0,-43.937939329171556,0.0,67.24182160528932,1.381693074077777e-05,7.191103878858888,0.0,0.0
