iter,val,proj,gnorm,dnorm,xnorm,step,maxstep
1.0,400.0,0.0,72.34085282883939,12.949516951608658,14.142135623730951,1.0,1.0
2.0,-28.86153913802889,0.0,67.37091627270782,5.049603817288535,10.602772716605784,0.9999996838554521,1.0
3.0,-46.15539988686574,0.0,68.70446074553492,1.5549909378616083e-05,7.575833649755214,0.0,0.0
