iter,val,proj,gnorm,dnorm,xnorm,step,maxstep
1.0,399.99999999999994,0.0,73.18100914857351,12.909113828444955,14.142135623730951,1.0,1.0
2.0,-33.142323312462,0.0,67.80261082604716,5.027767641008308,11.09358401550999,0.9999998022526557,1.0
3.0,-50.241728282406456,0.0,69.16413226669479,1.477329317511293e-05,8.137195182043305,0.0,0.0
