iter,val,proj,gnorm,dnorm,xnorm,step,maxstep
1.0,400.0,0.0,73.12440868822803,12.89898063792395,14.142135623730951,1.0,1.0
2.0,-25.1820043076103,0.0,68.1872917491334,4.9856926906011765,10.753178337341932,0.9999601977323515,1.0
3.0,-42.68748987777121,0.0,69.55004229367438,0.0027132861271260502,7.634142732849329,0.9926409318046946,1.0
4.0,-42.68769413582362,0.0,69.55005828495278,1.4803727216547337e-06,7.634082878401081,0.0,0.0
