iter,val,proj,gnorm,dnorm,xnorm,step,maxstep
1.0,400.0,0.0,71.68738423183538,12.63337454797008,14.142135623730951,1.0,1.0
2.0,-13.220342038014849,0.0,67.01646565809492,5.785790207617479,10.402878052132683,0.9996106320714018,1.0
3.0,-35.98586948769049,0.0,68.74474695879616,0.015295657158542541,6.540762538631536,0.9837122444519913,1.0
4.0,-35.988297658753574,0.0,68.74458797229657,9.16623371389695e-05,6.541665620429178,0.0,0.0
