iter,val,proj,gnorm,dnorm,xnorm,step,maxstep
1.0,400.0,0.0,71.71781252940723,12.81081144900277,14.142135623730951,1.0,1.0
2.0,-15.902578255149393,0.0,67.19844356509334,5.451271251127281,10.255111667908203,0.9999997576033646,1.0
3.0,-36.595486560693836,0.0,68.74351328222446,7.165023023240578e-06,6.726703249745116,0.0,0.0
