iter,val,proj,gnorm,dnorm,xnorm,step,maxstep
1.0,399.99999999999994,0.0,74.26973484538772,12.9442209601818,14.142135623730951,1.0,1.0
2.0,-33.42194662835129,0.0,69.09104562647326,4.84806532222169,10.94419292269028,0.9998951042317297,1.0
3.0,-49.405681855349954,0.0,70.35153390094031,0.005268485124567543,8.104795790723445,1.0,1.0
4.0,-49.4061396583744,0.0,70.35163774109517,5.52096278849956e-07,8.10458167730469,0.0,0.0
