iter,val,proj,gnorm,dnorm,xnorm,step,maxstep
1.0,400.0,0.0,71.2644386914231,12.81199777459797,14.142135623730951,1.0,1.0
2.0,-24.338703846714395,0.0,66.45398054519589,4.97999405529997,10.26812062620579,0.9999959556786383,1.0
3.0,-41.92209725643259,0.0,67.83738870587257,0.0002012118568211187,7.154688192543832,0.0,0.0
