iter,val,proj,gnorm,dnorm,xnorm,step,maxstep
1.0,400.0,0.0,71.72719305816308,12.943491101594608,14.142135623730951,1.0,1.0
2.0,-25.04536654493225,0.0,66.55903865915181,5.354187359853508,11.00711094287795,0.9999999998486748,1.0
3.0,-43.606138127927736,0.0,68.09256384549232,4.5576770588168864e-08,7.503380278171603,0.0,0.0
