iter,val,proj,gnorm,dnorm,xnorm,step,maxstep
1.0,600.0000000000009,0.0,82.87723773151225,41.13365891740333,173.20508075688772,0.5035716140593598,1.6539744708819917
2.0,173.9839799960646,0.0,72.03292577263962,3.476466272231278,172.69850379417255,43.95321989703748,43.95321989703748
3.0,-191.4344960103998,0.0,76.39931965287357,17.909996313956682,20.72018008660585,0.690643336189225,1.0
4.0,-335.44817840419705,0.0,72.31279806212291,4.840939942013884,28.80178549178787,1.0,1.0
5.0,-350.70170052546115,0.0,72.0638038583727,3.0996462345826856,29.44814035589946,1.0,1.0
6.0,-357.56184417090094,0.0,72.08621349010446,2.7477392535324965,28.00993644436131,1.0,1.0
7.0,-362.2662951379219,0.0,72.10215094336135,1.4158618914668406,27.217340078975127,1.0,1.0
8.0,-364.56534237385205,0.0,72.09367358292442,1.1802255603200535,27.11528523612036,1.0,1.0
9.0,-365.49216473242376,0.0,72.10902660708327,0.10934047245405754,27.037705796015004,0.9998621436559403,1.0
10.0,-365.5044631946263,0.0,72.10940483338295,0.0007827717243239011,27.037186145726366,0.0,0.0
