iter,val,proj,gnorm,dnorm,xnorm,step,maxstep
1.0,600.0,0.0,83.56186533345698,42.00211666748941,173.20508075688772,0.5034450457741263,1.6585602874059413
2.0,155.91671221746583,0.0,72.32131313644847,3.4761072854671937,172.7512923464292,40.61403037319146,40.61403037319146
3.0,-197.3906307224903,0.0,75.93926454671751,18.34048637236815,32.211884155599975,0.5881356519674493,1.0
4.0,-323.1100533160088,0.0,72.54793939278595,5.064609975953554,36.509884613183154,1.0,1.0
5.0,-339.54052165912776,0.0,72.34991113251024,3.988050529097951,35.747697090239015,1.2631398978377872,1.2631398978377872
6.0,-352.4530857216023,0.0,72.39847389068186,3.9013355187210617,32.28650778703492,1.0,1.0
7.0,-361.3832728945167,0.0,72.38539988053192,3.122755306524521,30.316740886908786,1.0,1.0
8.0,-368.56555113403067,0.0,72.37048736114693,3.0471624950862513,29.578264912495396,1.0,1.0
9.0,-374.8967598388174,0.0,72.38028384143232,2.0288966268749786,28.371021540870196,1.0,1.0
10.0,-379.2024319142979,0.0,72.37056860847497,1.9296093773152507,28.068228975276543,1.0,1.0
11.0,-382.0884131114723,0.0,72.38735810881825,0.9813454044677207,27.735704353588847,1.0,1.0
12.0,-383.13106918674083,0.0,72.39251484948177,0.31345181768622205,27.690017367039523,1.0,1.0
13.0,-383.22021815196774,0.0,72.39744386224152,0.0001384002443820155,27.685162958572747,0.0,0.0
