iter,val,proj,gnorm,dnorm,xnorm,step,maxstep
1.0,600.0000000000009,0.0,80.8276550445737,39.659969964088766,173.20508075688772,0.503845797238497,1.6303056251896832
2.0,203.74714295766535,0.0,70.51459082087926,3.4774076332662434,172.61137192155928,44.76460962540366,44.76460962540366
3.0,-152.47772548231222,0.0,75.47215229656888,18.63440222748647,17.569366363534076,0.7181459287040722,1.0
4.0,-313.39048842274224,0.0,70.79489679025306,4.7337445557590145,26.865087836391954,1.0,1.0
5.0,-328.0951339302146,0.0,70.54669955128793,2.7015846214579624,27.757891461535035,1.0,1.0
6.0,-333.77994886895135,0.0,70.56786715188635,2.361871930063577,26.551989455440903,1.0,1.0
7.0,-337.27912912239765,0.0,70.58669686939032,0.8889617412361805,26.063952719491486,1.0,1.0
8.0,-338.32783766344266,0.0,70.58493475366157,0.45780900552763104,26.028717863713513,0.9897976254233056,1.0
9.0,-338.46500046261315,0.0,70.59318643223733,0.031402681346690775,26.01805216064524,1.0,1.0
10.0,-338.4658365248074,0.0,70.59342754239567,0.0006463803761706817,26.01794258745215,0.0,0.0
