iter,val,proj,gnorm,dnorm,xnorm,step,maxstep
1.0,600.0,0.0,84.27607966679987,40.88285205279847,173.20508075688772,0.5036179836368184,1.6820294263647233
2.0,179.12453934814948,0.0,73.77633818128831,3.476709314814847,172.68346568605585,44.20060819974712,44.20060819974712
3.0,-184.2191216599149,0.0,78.1760375487272,18.112812935155784,19.852904915567354,0.6978279220217823,1.0
4.0,-332.21952104576155,0.0,74.05623361556476,4.854523681853107,28.244849126824526,1.0,1.0
5.0,-347.2139414379689,0.0,73.8120237789318,3.024334473017003,29.03068301967491,1.0,1.0
6.0,-353.7773595350098,0.0,73.82773725315663,2.6966039671047373,27.70760054999277,1.0,1.0
7.0,-358.2571273658198,0.0,73.84618042008331,1.321435146932102,26.99222924675147,1.0,1.0
8.0,-360.2198719085327,0.0,73.8376852456356,0.9667814882345598,26.91323498828378,1.0,1.0
9.0,-360.8842281196323,0.0,73.85174753878958,0.12976743795653795,26.86659979121154,0.9789384278381357,1.0
10.0,-360.89249483855747,0.0,73.85109459404677,0.009509125066044769,26.86610750387211,1.0,1.0
11.0,-360.892541542503,0.0,73.85116324815371,0.0007470767765413238,26.866093099440953,0.0,0.0
