iter,val,proj,gnorm,dnorm,xnorm,step,maxstep
1.0,600.0,0.0,82.62461726390144,39.90007804944346,173.20508075688772,0.5037812671942572,1.6603640262895625
2.0,198.98602354358718,0.0,72.43628753707611,3.477315856197432,172.6253432663076,44.67571472012161,44.67571472012161
3.0,-158.08309499607844,0.0,77.21725959677322,18.648533002757667,17.965582171568233,0.718650319091586,1.0
4.0,-317.1180823315382,0.0,72.72445478861815,4.896128691079901,27.102900243629307,1.0,1.0
5.0,-332.01782078726154,0.0,72.47296901977211,2.847581572638718,27.95495621029805,1.0,1.0
6.0,-337.9961040716898,0.0,72.49428507053449,2.580631830104279,26.828608161412607,1.0,1.0
7.0,-341.68028213477726,0.0,72.50852119071237,1.2386700397180193,26.263202315102486,1.0,1.0
8.0,-343.05824805837483,0.0,72.50827515715262,0.7400827522002812,26.223583068553385,0.6491364706161229,1.0
9.0,-343.2869049025655,0.0,72.50676453030113,0.2329056094635918,26.210129368333078,0.9795933604164984,1.0
10.0,-343.35551627416345,0.0,72.51082429307138,0.16804077595193972,26.206030565634308,0.9646812951886623,1.0
11.0,-343.37023105535593,0.0,72.50998544400842,0.0030666729899171516,26.205389510034482,0.979314361709997,1.0
12.0,-343.3702848466805,0.0,72.50999389120872,0.00033461669468190313,26.205390009559334,0.0,0.0
