iter,val,proj,gnorm,dnorm,xnorm,step,maxstep
1.0,120.0,0.0,4326.331744012703,33.57051482861719,34.64101615137755,0.43501456181031034,1.0
2.0,-2458.574830622121,0.0,4322.973658653658,19.463355524605042,37.46249995064961,0.5549379799802229,1.0
3.0,-4071.310939164614,0.0,4322.296499376036,9.821184750573424,42.17088587117247,0.5399844452338957,1.0
4.0,-4717.512944253933,0.0,4321.51335146347,5.892566166579255,44.49273766361565,0.3380465504288855,1.0
5.0,-4899.860555831663,0.0,4321.766905209125,3.711165408767937,45.15000395791897,0.5276550362184848,1.0
6.0,-5084.42158119347,0.0,4321.381419823281,3.028247461217222,45.82206532871223,0.3323381783652491,1.0
7.0,-5139.839195052002,0.0,4321.567453648782,2.0567369223891294,45.96956053418641,0.821994518634705,1.0
8.0,-5230.371232418227,0.0,4321.36597780414,2.3673326939899497,46.1857170610287,0.2743026915970599,1.0
9.0,-5236.701798683265,0.0,4321.468671628554,1.3529948228268833,46.13860197259859,1.0,1.0
10.0,-5252.674987354854,0.0,4321.472978426065,1.0972355341708602,46.004843277442305,1.0,1.0
11.0,-5253.817306016586,0.0,4321.494172934894,0.9481466763865382,45.864086774861185,1.0,1.0
12.0,-5254.652474951603,0.0,4321.509770865655,0.8149481161643878,45.78393500346159,1.0,1.0
13.0,-5255.291342246754,0.0,4321.518843404041,0.6861849989125905,45.73766770250885,1.0,1.0
14.0,-5255.717919844668,0.0,4321.528260947604,0.5357283800660049,45.71583891782251,1.0,1.0
15.0,-5255.97860351298,0.0,4321.504173588259,0.38978830176031154,45.71256053569961,0.6316837932462902,1.0
16.0,-5256.041305901468,0.0,4321.526979584029,0.1383839853593406,45.707897273009884,1.0,1.0
17.0,-5256.07148067333,0.0,4321.517679088258,0.0676942965340776,45.70985712228744,1.0,1.0
18.0,-5256.076958675716,0.0,4321.521821367053,0.015407454677672888,45.710272910242566,1.9963870651862154,1.9963870651862154
19.0,-5256.077231085503,0.0,4321.5209817496125,0.005870479152311268,45.710814357158,0.8068236755397873,36.79427068038304
20.0,-5256.077244988068,0.0,4321.520693376455,0.001527246869464517,45.7107931221352,0.9098820258605206,213.33186141718008
21.0,-5256.077246049295,0.0,4321.520683770834,0.0006929961001914029,45.7107982939523,0.0,0.0
