iter,val,proj,gnorm,dnorm,xnorm,step,maxstep
1.0,59.99999999999966,0.0,85.1670049961075,15.23116460846304,17.320508075688775,0.5082114753666067,1.0
2.0,-157.59898745137627,0.0,79.94577148767688,6.663990856572463,18.42246998640875,0.5747410466760532,1.0
3.0,-233.54831495775488,0.0,78.11137830471381,3.4622384843132994,19.266118900319547,1.0,1.0
4.0,-278.77485429346206,0.0,77.12353460452584,2.399902556961168,19.154295946780117,1.0,1.0
5.0,-284.11646522939174,0.0,77.14314706253317,1.7414658307298045,17.891801782145567,1.0,1.0
6.0,-286.91124475963267,0.0,77.15684028816565,1.0580122677986517,17.483524492745524,1.0,1.0
7.0,-287.89068964466503,0.0,77.16720363216761,0.20855781078861502,17.408064205455734,0.9999972471009524,1.0
8.0,-287.9311617362539,0.0,77.16953181392726,5.168483149609364e-05,17.410756779031846,0.0,0.0
