iter,val,proj,gnorm,dnorm,xnorm,step,maxstep
1.0,60.000000000000114,0.0,82.93204166066937,15.015071371447263,17.320508075688775,0.5095372921659617,1.0
2.0,-153.40133666713018,0.0,77.67360443924288,6.546480184516661,18.323942147116394,0.5813772846484653,1.0
3.0,-228.90906761885714,0.0,75.80076342594086,3.4129323813367,19.08140930305216,1.0,1.0
4.0,-273.7934704582956,0.0,74.80365937511407,2.450489170083623,18.748850852818492,1.0,1.0
5.0,-279.3679871777109,0.0,74.82460828217143,1.8012590177101442,17.421872618509223,1.0,1.0
6.0,-282.40114858744164,0.0,74.83812762803943,1.1523500880136728,17.000459413089477,1.0,1.0
7.0,-283.60231802807857,0.0,74.84988945117088,0.20634600725750676,16.90249417842298,1.0,1.0
8.0,-283.64263668757076,0.0,74.853029858634,0.00046855168315112887,16.898481695834136,0.0,0.0
