iter,val,proj,gnorm,dnorm,xnorm,step,maxstep
1.0,60.000000000000114,0.0,81.42500489410732,14.887470022778244,17.320508075688775,0.5098919491507469,1.0
2.0,-142.88109209063776,0.0,76.33937032707829,6.455709155548047,18.28922450775488,0.588163191574877,1.0
3.0,-214.05098053004656,0.0,74.55412949119084,3.4011510076765106,18.978854944698533,1.0,1.0
4.0,-255.22516862362778,0.0,73.643679088787,2.47677458404462,18.57179475488098,1.0,1.0
5.0,-260.9999222824681,0.0,73.66359881491536,1.8574726315773984,17.245381279580297,1.0,1.0
6.0,-264.2261858293107,0.0,73.67878514489635,1.170973263528703,16.779023105446264,1.0,1.0
7.0,-265.4480017887398,0.0,73.69104237773088,0.19166426917811483,16.68718255370137,0.9999999293237872,1.0
8.0,-265.49108426054346,0.0,73.69372373391931,2.8666353323422636e-06,16.686115837504428,0.0,0.0
