iter,val,proj,gnorm,dnorm,xnorm,step,maxstep
1.0,60.000000000000114,0.0,82.48173458411748,14.847075135243943,17.320508075688775,0.5101372908982543,1.0
2.0,-134.23417908357737,0.0,77.69450806054937,6.406778828599248,18.256069897335497,0.5934514030687379,1.0
3.0,-201.5598368720723,0.0,76.04461581252441,3.3978019243689483,18.896514069441004,1.0,1.0
4.0,-239.40362604626074,0.0,75.24135612120189,2.4763471327910085,18.48061978184045,1.0,1.0
5.0,-245.2466619160259,0.0,75.26047551772385,1.8463493589107693,17.13232158584138,1.0,1.0
6.0,-248.41523683941114,0.0,75.27582452738339,1.1624720618999222,16.662584247168226,1.0,1.0
7.0,-249.63996981411202,0.0,75.28643882509202,0.20944729515094185,16.572183506348583,1.0,1.0
8.0,-249.68305972214017,0.0,75.28901941107492,0.005507901682484911,16.573246676664887,1.0,1.0
9.0,-249.6830771452568,0.0,75.28903671711915,0.0003661386329399499,16.573352643473136,0.0,0.0
