iter,val,proj,gnorm,dnorm,xnorm,step,maxstep
1.0,60.0,0.0,80.29008304894073,14.967710595336664,17.320508075688775,0.5095649950726827,1.0
2.0,-138.25045182103827,0.0,75.24932241563721,6.521518131703798,18.320263510892147,0.5859643517179053,1.0
3.0,-206.1267265220339,0.0,73.52617889351723,3.408723958325959,19.045230625311884,1.0,1.0
4.0,-244.98830048938413,0.0,72.66563334278437,2.460827158296445,18.670747322241148,1.0,1.0
5.0,-250.6120906778467,0.0,72.68749372392517,1.814050917614872,17.313034276904474,1.0,1.0
6.0,-253.72702660473965,0.0,72.70171999947581,1.1644754848869965,16.872705928740963,1.0,1.0
7.0,-254.94324120580467,0.0,72.71319929237019,0.20143961962592727,16.78736743865486,1.0,1.0
8.0,-254.98251954247496,0.0,72.71585372486248,0.0012572441925580513,16.788320984694437,1.00674767274467,81.41305996802704
9.0,-254.98252033813938,0.0,72.7158600841071,4.3908195776590144e-05,16.78827436068118,0.0,0.0
