iter,val,proj,gnorm,dnorm,xnorm,step,maxstep
1.0,60.0,0.0,80.64060592533268,14.95836638611237,17.320508075688775,0.5095141216031583,1.0
2.0,-134.13565731375104,0.0,75.73889629165154,6.4042289173088855,18.29455811689086,0.5931802810092992,1.0
3.0,-201.00864729860962,0.0,74.05961607970374,3.3751681395945132,18.93639956207392,1.0,1.0
4.0,-238.93393360505024,0.0,73.23811982647219,2.487717598638956,18.405138078358693,1.0,1.0
5.0,-244.79273627202474,0.0,73.25868229024627,1.841424808117865,17.029086826043198,1.0,1.0
6.0,-247.90303639114106,0.0,73.2753645086183,1.1464509906512688,16.544570851047585,1.0,1.0
7.0,-249.09177148611997,0.0,73.28713338884182,0.19476629623541503,16.451375879865907,1.0,1.0
8.0,-249.1268313634625,0.0,73.28994648364774,7.968196060062152e-05,16.45057128472356,0.0,0.0
