iter,val,proj,gnorm,dnorm,xnorm,step,maxstep
1.0,60.0,0.0,83.16417701153303,14.924631419160654,17.320508075688775,0.5098699369448649,1.0
2.0,-147.15905538740918,0.0,78.08239475936841,6.553219196389126,18.299024175354653,0.5808243596925773,1.0
3.0,-219.42051333486387,0.0,76.30336739415061,3.424819165920406,19.06919100582979,1.0,1.0
4.0,-261.6369469058274,0.0,75.37687183607291,2.4761186678848492,18.85586387598023,1.0,1.0
5.0,-267.36432490920834,0.0,75.3963841521533,1.8329443142120025,17.527573488248738,1.0,1.0
6.0,-270.5579477050534,0.0,75.41042323468926,1.1500880090847618,17.07953687844264,1.0,1.0
7.0,-271.6771018874764,0.0,75.42389506840208,0.1919013779137978,16.980819191475103,1.0,1.0
8.0,-271.71216938786483,0.0,75.42653859974844,0.0005242064964503144,16.97803586269023,0.0,0.0
