iter,val,proj,gnorm,dnorm,xnorm,step,maxstep
1.0,60.0,0.0,81.75237402061056,14.895225088021764,17.320508075688775,0.5101440750147822,1.0
2.0,-135.98583861734085,0.0,76.87037106800614,6.3817602316607,18.271733990786267,0.5960111859330325,1.0
3.0,-204.39537576811097,0.0,75.17717475267361,3.3922030097994718,18.890802455136093,1.0,1.0
4.0,-242.94422970307915,0.0,74.34921302557098,2.4914343028038197,18.398032643837436,1.0,1.0
5.0,-248.85960107406794,0.0,74.36955708549023,1.8269782524897984,17.02232593866976,1.0,1.0
6.0,-251.95242369454778,0.0,74.38640454784553,1.104940838856554,16.538111932935784,1.0,1.0
7.0,-252.9841646487497,0.0,74.3993308860213,0.15920680341427623,16.44429022134313,1.0,1.0
8.0,-253.01368021001545,0.0,74.40127563401727,0.00013514882832082494,16.443234437417615,0.0,0.0
