iter,val,proj,gnorm,dnorm,xnorm,step,maxstep
1.0,60.00000000000023,0.0,78.98398423734398,14.777995692913976,17.320508075688775,0.5101642266737364,1.0
2.0,-135.9143081707483,0.0,73.92257134643158,6.338650627628907,18.24815963256599,0.5988980317890732,1.0
3.0,-205.1981135120443,0.0,72.13936660464097,3.3815061132746713,18.83301327880915,1.0,1.0
4.0,-244.29748922184422,0.0,71.26594629554835,2.4784599377102374,18.241705860846324,1.0,1.0
5.0,-250.12906991394223,0.0,71.28709215813414,1.8889543697052875,16.888903754976422,1.0,1.0
6.0,-253.45854657886957,0.0,71.30194818988706,1.1861641041196787,16.41723862487893,1.0,1.0
7.0,-254.66069376466922,0.0,71.31533550539356,0.18641591027411336,16.325630721294463,0.9999993935816391,1.0
8.0,-254.69313358315625,0.0,71.31791357856486,2.8396562386996663e-05,16.32611623394926,0.0,0.0
