iter,val,proj,gnorm,dnorm,xnorm,step,maxstep
1.0,40.0,0.0,3557.7415403036234,13.768659340469512,14.142135623730951,0.4672919938668252,1.0
2.0,-848.9781615554493,0.0,3556.5641894506925,7.503661219459785,15.449342034070575,0.5417894947599311,1.0
3.0,-1358.6616586489108,0.0,3556.0165879193237,3.5971095670423523,17.319586117523844,0.6236804003116782,1.0
4.0,-1616.2739031092278,0.0,3555.6915720598686,1.5889991123863865,18.466380899147904,0.8520366125174164,1.0
5.0,-1746.0759243012835,0.0,3555.5612071168716,0.775502031193234,19.03219552244067,1.0,1.0
6.0,-1768.8407847950002,0.0,3555.515109619733,0.5879964901430287,19.05392429356179,1.0,1.0
7.0,-1769.1703247154292,0.0,3555.529391293041,0.3231976532070236,19.013415122956708,1.0,1.0
8.0,-1769.2441414843815,0.0,3555.507749689513,0.03749880647470343,19.004267285357532,1.0,1.0
9.0,-1769.246720697407,0.0,3555.5058496950437,0.00882392453871389,19.00285162709895,1.2796697932171646,6.310746627931125
10.0,-1769.2467705158997,0.0,3555.5055807929707,0.0031809934375582817,19.002678155685366,0.8408443642095389,290.3440795765161
11.0,-1769.2467747700503,0.0,3555.505375937712,0.0007988129699787459,19.002539262489176,0.0,0.0
