iter,val,proj,gnorm,dnorm,xnorm,step,maxstep
1.0,40.0,0.0,3527.331451274745,13.94999544802793,14.142135623730951,0.46093546005584113,1.0
2.0,-962.8649718430388,0.0,3525.1801220751126,7.51825889299737,15.481443138165512,0.5057098852698766,1.0
3.0,-1516.2594088598453,0.0,3524.208678054385,3.967801310716248,17.280119830644946,0.586003118110605,1.0
4.0,-1821.648166368279,0.0,3523.887647193793,1.7982736002163788,18.50233074556505,0.7198296630988262,1.0
5.0,-1973.842151116518,0.0,3523.6511563767353,0.8424987462171117,19.132446491788762,1.0,1.0
6.0,-2032.796853971242,0.0,3523.599052610511,0.5162641378328382,19.326279351891834,1.0,1.0
7.0,-2033.0478647409473,0.0,3523.564884116801,0.33457056556461123,19.28666604683359,1.0,1.0
8.0,-2033.1525154225928,0.0,3523.566331116909,0.1415569820663501,19.27909845695203,1.0,1.0
9.0,-2033.1700314763839,0.0,3523.562835870885,4.230867801306538e-05,19.278054495799683,0.0,0.0
