iter,val,proj,gnorm,dnorm,xnorm,step,maxstep
1.0,40.0,0.0,3553.3297380392382,13.886094829351991,14.142135623730951,0.4750321851024442,1.0
2.0,-896.1755460985405,0.0,3551.131717386863,7.342262221483628,15.542863869586695,0.5218255230804586,1.0
3.0,-1397.5732893052264,0.0,3550.01589841085,3.690666420256468,17.34173538148527,0.5854359705372552,1.0
4.0,-1655.962505790605,0.0,3549.56769105862,1.7409638148695965,18.483934039045124,0.7211083709227116,1.0
5.0,-1785.268574461992,0.0,3549.303306841337,0.9394736543534714,19.05347002097089,1.0,1.0
6.0,-1835.124611470801,0.0,3549.285381957221,0.8217333067119879,19.21199050721851,0.7058052441702608,1.0
7.0,-1835.4148234817985,0.0,3549.232640692002,0.5816465440962744,19.16995213440868,0.782018824800991,1.0
8.0,-1835.6078056386505,0.0,3549.2759718359216,0.33270914618263486,19.153915168445636,0.5904143082923561,1.0
9.0,-1835.6695149008847,0.0,3549.258675833424,0.10552244737341943,19.14836305848257,1.0,1.0
10.0,-1835.6995675773724,0.0,3549.265037745913,0.03707326056514823,19.145937962130333,0.8543288404292929,2.4141997906801143
11.0,-1835.7001546835636,0.0,3549.26347059483,0.01953437822165351,19.1451129564905,1.2279335022080786,19.852385628374957
12.0,-1835.7003889682746,0.0,3549.2653789582064,0.015509190860710105,19.144488115365462,0.867196095806171,22.253946518319722
13.0,-1835.7004932637828,0.0,3549.2647002047584,0.008729208685411851,19.14424272621359,1.2261860204725148,56.31401863857511
14.0,-1835.700539980975,0.0,3549.2655516802038,0.006948958090448995,19.1439967924099,0.8672619126229365,44.18595799483851
15.0,-1835.7005609201406,0.0,3549.265247731717,0.003912604245673632,19.143886214552538,1.2261781191327388,123.07938592596068
16.0,-1835.7005703056057,0.0,3549.2656293912496,0.0031146982476921315,19.14377725259691,0.86726220806753,100.39365599827383
17.0,-1835.700574512368,0.0,3549.2654931430034,0.0017537307977389914,19.143728416956414,1.2261780836614267,272.03410111274167
18.0,-1835.7005763979905,0.0,3549.265664210819,0.0013960886905988684,19.14367998887169,0.8672622093913985,222.84395575384482
19.0,-1835.7005772431621,0.0,3549.2656031413435,0.0007860677204111135,19.14365821980437,0.0,0.0
