iter,val,proj,gnorm,dnorm,xnorm,step,maxstep
1.0,40.0,0.0,3546.087675488298,13.885306321534904,14.142135623730951,0.5150568098248068,1.0
2.0,-1058.1484101368987,0.0,3544.7294349563626,6.891718848831072,15.77571379384829,0.5698686863279437,1.0
3.0,-1609.6053115564173,0.0,3544.1683498225066,3.0193961718516036,17.714752959882276,0.6151612250657607,1.0
4.0,-1856.8221459281813,0.0,3543.929451771159,1.341367549555034,18.750743725240522,0.8268352482573826,1.0
5.0,-1982.8127115781426,0.0,3543.7902034119556,0.6292477043508871,19.261376173185624,1.0,1.0
6.0,-2009.2738878594537,0.0,3543.7602041742616,0.45973822238244383,19.312406386313963,1.0,1.0
7.0,-2009.4800453135795,0.0,3543.760885045739,0.2816254827186342,19.28699701224696,1.0,1.0
8.0,-2009.5432399097372,0.0,3543.7569934598478,0.033669030307789574,19.27994629205718,0.9990341680588531,1.0
9.0,-2009.5446109225231,0.0,3543.7580523290494,0.0003170957061952872,19.280310663489505,0.0,0.0
