iter,val,proj,gnorm,dnorm,xnorm,step,maxstep
1.0,100.0,0.0,3950.5749744719437,30.39296292971547,31.622776601683793,0.46374925162452174,1.0
2.0,-2228.256553582207,0.0,3946.296296238739,16.92623765945522,34.45927010932069,0.6212703427895132,1.0
3.0,-3695.1765186732737,0.0,3945.0561889013707,7.295972234975725,39.16539152763444,0.6786584515252807,1.0
4.0,-4258.495511468682,0.0,3944.594208601445,3.276384640813994,41.35571204195234,0.4971379468457995,1.0
5.0,-4388.808207929869,0.0,3944.7102731028835,1.9580615218188893,41.80736111360781,1.0,1.0
6.0,-4519.068086616135,0.0,3944.485177827481,1.756779156795928,42.14396632066367,0.5958621002785127,1.0
7.0,-4520.258106425375,0.0,3944.6737178783,1.4686253403429768,41.982238447577465,1.0,1.0
8.0,-4521.514041812887,0.0,3944.526400220701,1.6650276760580012,41.77043831683416,0.5992508756129434,1.0
9.0,-4522.513898225174,0.0,3944.62143099857,1.2469541661640424,41.67252047437715,1.0,1.0
10.0,-4523.496029061127,0.0,3944.5683323543944,1.3748106532153737,41.550873575939804,0.5939676619708543,1.0
11.0,-4524.164191386175,0.0,3944.578750259215,1.006895705797092,41.4965959310382,1.0,1.0
12.0,-4524.810149509802,0.0,3944.625842721569,1.0782805678465244,41.43942067903759,0.5148826925764662,1.0
13.0,-4525.177221250415,0.0,3944.605651155657,0.6061221858055152,41.42064947493838,1.0,1.0
14.0,-4525.4827467105715,0.0,3944.636164338738,0.4341671882379595,41.40203744098889,0.5106285325200329,1.0
15.0,-4525.553339789592,0.0,3944.612354474607,0.17304122209543552,41.398927417765194,1.0,1.0
16.0,-4525.593944651453,0.0,3944.6044058082143,0.06923088120818958,41.39615309541552,1.8991528637281474,1.8991528637281474
17.0,-4525.599421460574,0.0,3944.600579619637,0.020494622965592593,41.393504719313114,1.7865785757748012,41.72090099040864
18.0,-4525.599796668328,0.0,3944.60145766084,0.010720179245346953,41.39293671101708,0.9485073946233025,2.1349235150565042
19.0,-4525.599851170693,0.0,3944.601149086703,0.004545057240532379,41.39294932901001,1.0767287629193205,132.82131017783496
20.0,-4525.599862292023,0.0,3944.6008389081753,0.002834149045925478,41.392855559690396,0.950695475393465,29.23271828032561
21.0,-4525.599866110133,0.0,3944.600942398666,0.001607565929352429,41.39283409406464,1.0706268483050996,358.5009601074208
22.0,-4525.599867493547,0.0,3944.6008517935247,0.0010317278368914874,41.39280901631071,0.9494800546000548,74.41245192804807
23.0,-4525.599867998877,0.0,3944.600888729646,0.0005875988113381985,41.39280017702125,0.0,0.0
