iter,val,proj,gnorm,dnorm,xnorm,step,maxstep
1.0,100.0,0.0,3952.192485246638,30.440178522344812,31.622776601683793,0.4729452633066351,1.0
2.0,-2405.7195554742284,0.0,3947.774991908426,16.51393545092926,34.595624749649254,0.5974933822265107,1.0
3.0,-3876.2590549258966,0.0,3946.062411965885,7.474779317659149,39.082304418446896,0.6285785534182978,1.0
4.0,-4458.191067019579,0.0,3945.528939912663,3.7348114506712298,41.12899474108864,0.48331493335651765,1.0
5.0,-4621.329496131875,0.0,3945.3154284451916,2.4136466540547263,41.66181893708544,0.6522390284687211,1.0
6.0,-4734.024411838429,0.0,3945.252497104181,2.1319348864904994,41.945840071025486,0.4446696535982687,1.0
7.0,-4761.387938359207,0.0,3945.206601249555,1.5573934284858755,41.92658072472531,0.8552609821049908,1.0
8.0,-4790.564467375705,0.0,3945.1851078156405,1.9499779708779519,41.82853048348839,0.40082900231535484,1.0
9.0,-4793.297115164038,0.0,3945.205345258674,1.2166925322165563,41.74618041429728,1.0,1.0
10.0,-4797.07431602291,0.0,3945.1756513143996,1.6486055553626573,41.60223906198856,0.3987425886905129,1.0
11.0,-4797.6727439403985,0.0,3945.2239209283416,0.9772281255246518,41.54669763865123,1.0,1.0
12.0,-4798.343274855979,0.0,3945.216566915511,1.2413352092045917,41.46351017224276,0.46666799615228893,1.0
13.0,-4798.744512911166,0.0,3945.2449386470894,0.8528416070427838,41.43033990142201,0.9649356327209446,1.0
14.0,-4799.177461006948,0.0,3945.2169928073026,1.0258747867818931,41.39873197935084,0.3830163627286802,1.0
15.0,-4799.422888526555,0.0,3945.234121653565,0.5005009906015959,41.384516524877135,1.0,1.0
16.0,-4799.653564769578,0.0,3945.2250472896244,0.38097936885640066,41.372527651452174,0.4827605756224722,1.0
17.0,-4799.7034528854565,0.0,3945.228526249077,0.1879626948050254,41.368295174344084,1.0,1.0
18.0,-4799.7369233969075,0.0,3945.2206021369957,0.07554730496019937,41.366936675599774,1.0,1.0
19.0,-4799.745801677782,0.0,3945.2203222104304,0.009196521647914322,41.36550355796996,1.0042160818576393,125.8140168890733
20.0,-4799.74584414401,0.0,3945.220612682362,0.0007285388474120304,41.3652246179701,0.0,0.0
