iter,val,proj,gnorm,dnorm,xnorm,step,maxstep
1.0,99.99999999997817,0.0,3952.6591799918697,30.51669914169409,31.622776601683793,0.5039318135871227,1.0
2.0,-2522.682217101443,0.0,3950.4611393976793,15.837800220402737,35.00611175060987,0.6266103276090474,1.0
3.0,-3949.718890063348,0.0,3949.7514128095745,6.617891628086218,39.615226990826834,0.5933981684663338,1.0
4.0,-4422.397027943494,0.0,3949.353396310322,3.545452104682819,41.32016149299998,0.4644110115676389,1.0
5.0,-4570.615639921525,0.0,3949.4054876041137,2.170805380242559,41.83816797342884,0.7014409089162941,1.0
6.0,-4688.997276709255,0.0,3949.2315253737384,1.881002035378894,42.147709605594095,0.4655652040010981,1.0
7.0,-4713.214870574622,0.0,3949.3126151574415,1.3869025055970077,42.13421523363589,1.0,1.0
8.0,-4741.075301554367,0.0,3949.215344999501,1.4066374253826688,42.01138795977965,0.6015248882692654,1.0
9.0,-4741.930758840128,0.0,3949.285299745126,1.1033252984267587,41.917801963732366,1.0,1.0
10.0,-4742.927066699282,0.0,3949.2268427762383,0.9921893482850825,41.78258489353551,1.0,1.0
11.0,-4743.6076244474825,0.0,3949.2769777043086,0.973775985470056,41.720795499928194,0.8882359578740189,1.0
12.0,-4744.086654513041,0.0,3949.250037566698,0.8487161744146012,41.673608827296746,0.8736219206395078,1.0
13.0,-4744.505126726028,0.0,3949.2541917546173,0.7624810277637384,41.67216680309852,0.5278625164802081,1.0
14.0,-4744.678065776214,0.0,3949.26743340061,0.4813016703553315,41.65744838503688,0.7434213595134062,1.0
15.0,-4744.829797680752,0.0,3949.2468366624744,0.36544072678591183,41.66453517318807,0.6014798657632685,1.0
16.0,-4744.885675212798,0.0,3949.2502972921693,0.1464271897852963,41.65679098404802,0.599785251305386,1.0
17.0,-4744.906873101972,0.0,3949.2439004457215,0.09874198117627399,41.65959665290926,1.0,1.0
18.0,-4744.922300812563,0.0,3949.244598720999,0.0610028492303689,41.657842396352585,1.0235679502994754,1.0235679502994754
19.0,-4744.925101714391,0.0,3949.2430241344164,0.059649536036489405,41.66035945196963,1.8706278535066494,2.380277320882691
20.0,-4744.928429624088,0.0,3949.2463105693673,0.08470697159261724,41.659736756497566,0.6646133940488858,1.0
21.0,-4744.93150657996,0.0,3949.2436640992596,0.052154177024174825,41.662243309141026,1.053440853973071,1.053440853973071
22.0,-4744.934148715351,0.0,3949.2443886977217,0.02438272773592992,41.66254000224318,1.0008912899308202,2.8497369964888177
23.0,-4744.934446238956,0.0,3949.2452680242827,0.0004543187871235548,41.662114524059106,0.0,0.0
