iter,val,proj,gnorm,dnorm,xnorm,step,maxstep
1.0,100.0,0.0,3944.4040740938294,30.678266672026957,31.622776601683793,0.45589546811145043,1.0
2.0,-2227.945421839642,0.0,3940.2539412278334,16.857145530308966,34.44698421895265,0.5728748184250956,1.0
3.0,-3612.796335550229,0.0,3938.414387541164,8.099631292441313,38.78218025696596,0.7343484121600335,1.0
4.0,-4314.11666046724,0.0,3938.1581118411286,2.7294270806001077,41.46726905891474,0.9420853971183847,1.0
5.0,-4544.675541898578,0.0,3937.857883551729,1.6049194872880375,42.148173468761264,1.0,1.0
6.0,-4560.140543906811,0.0,3938.0606584885263,1.5523926387130063,41.905655694777,1.0,1.0
7.0,-4561.429782032021,0.0,3937.8390492476306,1.4679118508331004,41.66459122107544,0.9382710403798699,1.0
8.0,-4562.527694510092,0.0,3938.063883886982,1.3767149843621214,41.526599915550285,0.937373375534745,1.0
9.0,-4563.437062970523,0.0,3937.8428809796455,1.2195884748524581,41.419677152101116,0.865677620580056,1.0
10.0,-4564.138368704807,0.0,3937.9779790779935,0.9481622963791617,41.351141065855266,0.9114978854677763,1.0
11.0,-4564.628226439963,0.0,3937.8718551512243,0.7545136774887355,41.318478277022336,0.8951518423180616,1.0
12.0,-4564.946264979466,0.0,3937.9435832675927,0.49842517391814695,41.29554390541237,0.9040775490905287,1.0
13.0,-4565.103312078878,0.0,3937.898466541391,0.21540587409164272,41.29269867001618,0.9150924993096613,1.0
14.0,-4565.150708816131,0.0,3937.913842860273,0.0831309707710494,41.28879750916811,1.0,1.0
15.0,-4565.157314345517,0.0,3937.9120577386466,0.012004431536318146,41.2885238524969,1.1157084628921357,7.560757964569924
16.0,-4565.157394735885,0.0,3937.9126898989716,0.00020023830304029524,41.28846952528199,0.0,0.0
