iter,val,proj,gnorm,dnorm,xnorm,step,maxstep
1.0,99.99999999998545,0.0,3964.75377417085,30.48244696054933,31.622776601683793,0.45120927548531004,1.0
2.0,-2049.243777255033,0.0,3960.218158282048,17.226224918752894,34.3385037913295,0.5773492200815767,1.0
3.0,-3359.758816970738,0.0,3959.3989254725075,8.902920293960053,38.69400675649996,0.5106567471428095,1.0
4.0,-3817.160479220809,0.0,3957.9694762557197,5.347068295782527,40.46852355810104,0.36415977420297896,1.0
5.0,-3975.0613961617346,0.0,3958.3874752917036,3.203306960928711,41.09956951336276,0.7558384572039637,1.0
6.0,-4177.136286387104,0.0,3957.7173190054423,2.571464944291162,41.896851881116476,0.2875302510228017,1.0
7.0,-4197.087277373743,0.0,3958.00764313109,1.6281877478976872,41.90665987710026,1.0,1.0
8.0,-4245.055746207836,0.0,3958.0246402178745,1.2017859918250324,41.903248461295966,1.0,1.0
9.0,-4246.285570383123,0.0,3958.0108741048975,1.2516265468764778,41.69023291778083,1.0,1.0
10.0,-4247.215040264025,0.0,3958.0232876890327,1.4396944506629419,41.59608353993532,0.4914687684444525,1.0
11.0,-4247.742027295288,0.0,3957.968380674368,0.9734263523927438,41.53001738000999,1.0,1.0
12.0,-4248.5143501938,0.0,3958.070068010873,1.1519926149217692,41.48414785350269,0.488388146957553,1.0
13.0,-4248.847320155794,0.0,3957.9643112121475,0.7734091261424234,41.44516909712502,1.0,1.0
14.0,-4249.337266312032,0.0,3958.0592924804328,0.8287409224199295,41.43545057461177,0.45400192001744477,1.0
15.0,-4249.508285172378,0.0,3957.9771066122007,0.4455769103715192,41.41739683990417,1.0,1.0
16.0,-4249.697894558332,0.0,3958.030245665941,0.3869340060092592,41.42394073828727,0.4514868316091591,1.0
17.0,-4249.734093063089,0.0,3957.9932329798903,0.14075498306686704,41.41842662832954,1.0,1.0
18.0,-4249.762592597799,0.0,3958.0037317544,0.12724163394322688,41.42454793973978,0.9997723597774343,1.7815436163893166
19.0,-4249.770685971751,0.0,3957.9988622398496,0.002545115586596544,41.42388168012134,0.8946759950479836,21.46260334803005
20.0,-4249.770688869459,0.0,3957.998744891606,0.0006664726358815013,41.42398568913047,0.0,0.0
