iter,val,proj,gnorm,dnorm,xnorm,step,maxstep
1.0,200.0,0.0,384.8144841998669,9.820247572605384,10.0,0.2188083442102869,1.0
2.0,-123.46148710882858,0.0,380.9040526458786,7.663486257411017,10.064123886534237,0.2203893461582756,1.0
3.0,-363.21890129268854,0.0,378.03226815362586,5.969139641068948,10.406688461881396,0.22327014809412146,1.0
4.0,-543.5194291854243,0.0,375.9036383083268,4.660594382423973,10.829575164958738,0.22797117081799279,1.0
5.0,-680.9295846221678,0.0,374.3048763845398,3.637868695174915,11.246627494364366,0.2342161868064442,1.0
6.0,-786.4507165575933,0.0,373.09345673631725,2.826117889757862,11.623623871029714,0.242052552339664,1.0
7.0,-867.801045132318,0.0,372.17149689185055,2.178177407486459,11.946303026676643,0.2519395701547921,1.0
8.0,-930.6442533596378,0.0,371.4702647333923,1.6576108635888058,12.211924282072879,0.2627391788339174,1.0
9.0,-978.8587250858504,0.0,370.9421358214653,1.2530931047405656,12.42357984574466,0.276891244955373,1.0
10.0,-1015.8350961758374,0.0,370.5438896687383,0.9349442368046923,12.589329212222763,0.29460739068187203,1.0
11.0,-1043.9969750291257,0.0,370.2454457525182,0.6861776365765018,12.716193558670758,0.3172602083739607,1.0
12.0,-1065.2237831397592,0.0,370.0243117110382,0.49184947771835485,12.811017310720285,0.34487867444137144,1.0
13.0,-1080.8850248270871,0.0,369.8637182690588,0.3413488356217772,12.879954775732857,0.37812765911043905,1.0
14.0,-1092.084874681868,0.0,369.7505487500567,0.22712992879474977,12.92820840835697,0.4181650583516866,1.0
15.0,-1099.7627941346282,0.0,369.67402897987694,0.14314226858251106,12.960337464785159,0.4668104081274061,1.0
16.0,-1104.7387506335492,0.0,369.62508495901403,0.08404025195021278,12.98036821395801,0.5268196122153148,1.0
17.0,-1107.7285660532698,0.0,369.5960531871394,0.044858613044133126,12.991796846111125,0.6024772901328029,1.0
18.0,-1109.3449913839663,0.0,369.58056282142746,0.020945691573528952,12.997550831252422,0.7017460978676635,1.0
19.0,-1110.093044807818,0.0,369.5734954522025,0.008017189330459962,12.999947800844073,0.8492295879100191,1.0
20.0,-1110.3629748217531,0.0,369.5709849513391,0.0022797854132195544,13.000669348686305,1.0,1.0
21.0,-1110.4108933074344,0.0,369.57054200708507,0.0007552664706634456,13.000743683358133,0.0,0.0
