iter,val,proj,gnorm,dnorm,xnorm,step,maxstep
1.0,200.0,0.0,375.2571866286064,9.892960279739889,10.0,0.22261691483905688,1.0
2.0,-113.87989997501882,0.0,371.76165201260164,7.7078511794916675,10.086551672996542,0.22740234811681664,1.0
3.0,-347.83320001759193,0.0,369.18848096462324,5.988665893593061,10.461872998462393,0.23327472652753328,1.0
4.0,-523.811231708127,0.0,367.2786473010722,4.602689269803768,10.929418088436101,0.237608368302444,1.0
5.0,-655.4986615738244,0.0,365.8633314477249,3.5251279042419488,11.381155073854346,0.2437134418067084,1.0
6.0,-755.0225607073667,0.0,364.79728993092067,2.6980972056498387,11.774772574233893,0.2578156692506866,1.0
7.0,-832.5418077739077,0.0,363.96913268963067,2.0731851185174652,12.098290870613473,0.2819350682874523,1.0
8.0,-894.1457141464508,0.0,363.30791961372495,1.574849590388931,12.362908119152596,0.3192540840923439,1.0
9.0,-943.4020734153187,0.0,362.7696913038569,1.160458453340315,12.57524908444079,0.3700535845786941,1.0
10.0,-981.7508342680298,0.0,362.3404965199523,0.8066879235106427,12.739430571773127,0.43401708991519905,1.0
11.0,-1009.7882346604879,0.0,362.01716635144186,0.5091653272295396,12.857425579676603,0.5061891080422456,1.0
12.0,-1028.1516544536353,0.0,361.79763545804536,0.28726134570162737,12.932522248363737,0.5949038775578825,1.0
13.0,-1038.752940330055,0.0,361.66522230867554,0.1385635116060809,12.97377722536958,0.712516507431148,1.0
14.0,-1043.8801301661088,0.0,361.5975889515738,0.05396067299501877,12.99212094918823,0.9300567228657705,1.0
15.0,-1045.801006532271,0.0,361.57016796731625,0.016587028505552784,12.997982038836367,1.0,1.0
16.0,-1045.9455094537793,0.0,361.56719633084566,0.007969505907929251,12.998055220726059,2.210583881920225,7.198695284120921
17.0,-1045.945579654216,0.0,361.56656982933356,0.0015982166018292715,12.998054554686735,1.4723158947988038,374.7638216556301
18.0,-1045.9455815345787,0.0,361.56658316124515,0.00030918154349452684,12.998073590263417,0.0,0.0
