iter,val,proj,gnorm,dnorm,step,maxstep
1.0,624.1797139055234,0.0,3949.0711012853394,15.529625153000957,0.5120658243754088,1.0
2.0,-814.3784301419728,0.0,3946.912410160298,7.892845526679421,0.6526718390403897,1.0
3.0,-1656.2922776578416,0.0,3945.8790681965693,3.194919060758604,0.8756155400546138,1.0
4.0,-2037.0115582193503,0.0,3945.5809833092253,0.8740206701835659,1.0,1.0
5.0,-2090.658899575843,0.0,3945.5716670697684,0.1213798637789353,0.8012593371845046,1.0
6.0,-2090.6671498635915,0.0,3945.5908304182262,0.04502472920659923,1.0,1.0
7.0,-2090.6688755866853,0.0,3945.5882180451135,0.011290935368608698,1.0096948475360008,46.584108689550355
8.0,-2090.668939947307,0.0,3945.58637488735,0.0005161243942062777,0.0,0.0
