iter,val,proj,gnorm,dnorm,step,maxstep
1.0,624.1797139055234,0.0,3952.1183811595274,15.529282975707536,0.5682381897794113,1.0
2.0,-943.3445964741659,0.0,3949.768114052102,7.0986152225842325,0.7575296844972919,1.0
3.0,-1794.006901083998,0.0,3948.832389480999,2.4804270269981687,1.0,1.0
4.0,-2060.4678755793466,0.0,3948.8851957500387,0.6068200789064672,0.9445871656980801,1.0
5.0,-2060.6476540021795,0.0,3948.878477709765,0.30634443234557057,1.0,1.0
6.0,-2060.696745801666,0.0,3948.916959595387,0.1322981734140296,0.7588187499297808,1.0
7.0,-2060.7133384474255,0.0,3948.908546961834,0.06166548314090863,1.0,1.0
8.0,-2060.71914009361,0.0,3948.9129063703886,0.020218096408208996,0.9999951167246243,8.252280526287539
9.0,-2060.7193444783516,0.0,3948.915139942969,5.636192881655675e-06,0.0,0.0
