iter,val,proj,gnorm,dnorm,xnorm,step,maxstep
1.0,100.0,0.0,254.33531420511517,6.924846587457199,7.0710678118654755,0.3462050057366909,1.0
2.0,-105.30415575349343,0.0,252.61139701524155,4.579510935943182,7.276981941366673,0.3751263491515457,1.0
3.0,-241.23527839416636,0.0,251.44961294317287,2.9060752466230184,7.791444869380071,0.3914725472433555,1.0
4.0,-325.7403997454329,0.0,250.75380717454587,1.8196714866204424,8.276939786002623,0.4174455081917975,1.0
5.0,-378.8649568091886,0.0,250.32899823343246,1.1080161353608704,8.636928959797142,0.4550196357601111,1.0
6.0,-411.91211040948406,0.0,250.06957004212578,0.6491329570232467,8.87563976635183,0.51549097833541,1.0
7.0,-432.0532893710159,0.0,249.91331112321313,0.35553920660033045,9.019575693418414,0.6125482871226727,1.0
8.0,-443.55860996332854,0.0,249.82469823119422,0.16505520671456378,9.095465957617968,0.7389598200414753,1.0
9.0,-448.91193374817163,0.0,249.78333936214753,0.05776116261700448,9.125361593228067,0.8889162935420671,1.0
10.0,-450.5891206524687,0.0,249.7702384678413,0.011137133993707384,9.131439427284128,1.0,1.0
11.0,-450.79851904254656,0.0,249.76855631929251,0.0004976660155084028,9.131112289041024,0.0,0.0
