iter,val,proj,gnorm,dnorm,xnorm,step,maxstep
1.0,100.0,0.0,276.1403312216014,6.94881214880693,7.0710678118654755,0.325716817642695,1.0
2.0,-130.3397846149237,0.0,273.5743384982438,4.735015922723599,7.2785073731061845,0.3361976067623597,1.0
3.0,-281.53558146819546,0.0,271.89924374095017,3.1800255701095916,7.787382222246261,0.3468369797866476,1.0
4.0,-380.8031630148986,0.0,270.8068368315446,2.1164460647326613,8.278696743700857,0.3603697492665284,1.0
5.0,-446.2119416511696,0.0,270.09150957471263,1.3841377380179367,8.667781842575703,0.37659443207130505,1.0
6.0,-489.0525209149431,0.0,269.62597025760505,0.8880904497736611,8.947048444913484,0.3980634462032843,1.0
7.0,-516.8985872920656,0.0,269.32553668767696,0.546186101520842,9.135584878317243,0.41507995936494824,1.0
8.0,-534.2197025463241,0.0,269.13987860713667,0.3288256345290021,9.254197194815712,0.43582233547587873,1.0
9.0,-544.7974933861448,0.0,269.02722619935264,0.19362976423983447,9.326100752929808,0.46448637588356056,1.0
10.0,-551.135704814574,0.0,268.96016714428794,0.1099383185790029,9.368268299813236,0.5023748714374814,1.0
11.0,-554.7990729165056,0.0,268.9216815676081,0.05907431736833729,9.391820015395348,0.5510169069788371,1.0
12.0,-556.7961011198929,0.0,268.9008696728927,0.02928414203104258,9.404050911141956,0.6119307309469354,1.0
13.0,-557.79116478113,0.0,268.89059936548756,0.012910472921553054,9.409745310325677,0.6860208854489724,1.0
14.0,-558.2239154378476,0.0,268.8861878229507,0.004790303480934228,9.411988538618912,0.772290692011016,1.0
15.0,-558.3768506425274,0.0,268.8846554384289,0.0013695949329064628,9.412664936169357,0.8655144440079214,1.0
16.0,-558.4158764022852,0.0,268.8842748625428,0.00025865711246435703,9.41279132021969,0.0,0.0
