iter,val,proj,gnorm,dnorm,xnorm,step,maxstep
1.0,5.000000000000114,0.0,262.2915870481447,3.5171979785331926,3.5355339059327378,0.34470587778845474,1.0
2.0,-111.92200266450243,0.0,261.16561030370843,2.2987861965718173,3.7293614182271395,0.34559161250165354,1.0
3.0,-186.4229032138084,0.0,260.4502985275973,1.508071534747619,4.0473401455450535,0.3484299992079917,1.0
4.0,-234.58213393321336,0.0,259.9889008940279,0.9887153473200077,4.321490760317951,0.35487488268524936,1.0
5.0,-266.10830352186656,0.0,259.68797035062505,0.6465495111031272,4.5249505765973,0.36787179802072373,1.0
6.0,-287.00178647358524,0.0,259.4898230972054,0.419875124641795,4.667356042979965,0.3874611877579099,1.0
7.0,-300.8293622241256,0.0,259.3594218546582,0.26829547297726336,4.764205032529816,0.4156974886063057,1.0
8.0,-309.8805659186927,0.0,259.27455316854804,0.16640842258159505,4.828368516974859,0.4544685249015278,1.0
9.0,-315.6474284750351,0.0,259.22081340867277,0.09837509476959656,4.869325582165496,0.5062533324224415,1.0
10.0,-319.1460456460639,0.0,259.1884396144468,0.05400727848539036,4.894008008994108,0.5739892570361763,1.0
11.0,-321.1025753810979,0.0,259.1704894525705,0.026472982328298752,4.9075947189608575,0.660381410549696,1.0
12.0,-322.06095219880046,0.0,259.1617949759055,0.01087494977457778,4.914065328737564,0.7658021089535495,1.0
13.0,-322.43827347059425,0.0,259.1584273658407,0.0033522184429034974,4.916491254784417,0.8832306190308838,1.0
14.0,-322.5401769536022,0.0,259.1575430262555,0.0006229569453557014,4.917086979405303,0.0,0.0
