iter,val,proj,gnorm,dnorm,xnorm,step,maxstep
1.0,5.0,0.0,263.65400116450814,3.4842651852442588,3.5355339059327378,0.31510161823954014,1.0
2.0,-102.61275645989605,0.0,262.56633532580406,2.3860617550702834,3.681886694281331,0.3165292774291753,1.0
3.0,-174.43628678086287,0.0,261.84540417962694,1.6350640701181662,3.9529577633781146,0.31943738450901077,1.0
4.0,-222.9318704462018,0.0,261.36134872879813,1.1178527014555744,4.204599006033381,0.3242082005962206,1.0
5.0,-255.9346804219818,0.0,261.03343742623315,0.7623552976857823,4.401739319592533,0.3310141773323838,1.0
6.0,-278.4722833033033,0.0,260.81029150571317,0.5180051756809492,4.546798317389636,0.34093606727638387,1.0
7.0,-293.89122628008147,0.0,260.6580468192866,0.3491446573092915,4.65023567349874,0.3543503244952166,1.0
8.0,-304.4012889055117,0.0,260.55449929490663,0.23226149441857225,4.722363198189682,0.37175954174200304,1.0
9.0,-311.4964914519942,0.0,260.4847220600462,0.15157908764846914,4.771591936003385,0.3938196035507548,1.0
10.0,-316.20766041233117,0.0,260.4384625556948,0.09633468627762919,4.804366974125754,0.4213715741169638,1.0
11.0,-319.25857828291925,0.0,260.4085477562004,0.059065818663547986,4.825509584301988,0.45547488211133313,1.0
12.0,-321.16488020916177,0.0,260.38988192007633,0.03451211170010196,4.838591342686381,0.49743201568704215,1.0
13.0,-322.29780365438114,0.0,260.37880467992034,0.018901109068804333,4.84624312851687,0.5487812685219282,1.0
14.0,-322.92570470935107,0.0,260.3726751658636,0.009479893767584423,4.850386740962923,0.6112064516670074,1.0
15.0,-323.24118283102564,0.0,260.36960136266055,0.004209381150845548,4.85240079810565,0.6862618347785682,1.0
16.0,-323.3788841676653,0.0,260.368262942455,0.001570833953758776,4.8532380751729605,0.7747366545456866,1.0
17.0,-323.42765328176125,0.0,260.3677904948679,0.00045194633477153135,4.853512336594542,0.0,0.0
