iter,val,proj,gnorm,dnorm,xnorm,step,maxstep
1.0,5.000000000000057,0.0,267.6009752579,3.525726009104623,3.5355339059327378,0.32155147632404496,1.0
2.0,-112.33990690744014,0.0,266.10739492574413,2.3830195805009806,3.7093654187684173,0.32219690269170076,1.0
3.0,-189.83319139453732,0.0,265.11504192790846,1.6151057224808012,4.0027746513174565,0.3244854441404445,1.0
4.0,-241.6860431596561,0.0,264.4478969826805,1.096963153520418,4.266431717906136,0.32906008264491593,1.0
5.0,-276.7223775690409,0.0,263.9954776948917,0.7420643075251687,4.470748566711346,0.3433520774569668,1.0
6.0,-301.0211848170283,0.0,263.67472763785935,0.5024877034710474,4.619375841499286,0.3683086171582765,1.0
7.0,-318.02743464654884,0.0,263.44629778337855,0.3301060021545067,4.725555527778006,0.39489403428586606,1.0
8.0,-329.4945778261822,0.0,263.28998588285555,0.20443263319649346,4.797703932672585,0.41055961872439334,1.0
9.0,-336.6870309686183,0.0,263.191275561838,0.12433769569102213,4.843242295570014,0.4311266281539379,1.0
10.0,-341.13052441262784,0.0,263.1299985003191,0.07392025390381271,4.871288582725397,0.4608918583449483,1.0
11.0,-343.8296659589723,0.0,263.0926435829419,0.042771606588506116,4.888158078857735,0.5142578161385059,1.0
12.0,-345.45212783478576,0.0,263.0701248404054,0.02413793155257115,4.898145488149624,0.6601823289471156,1.0
13.0,-346.46343200082333,0.0,263.05605061556207,0.01391911333701402,4.904246341381021,1.0,1.0
14.0,-346.98391919058076,0.0,263.048778309775,0.011242143273676574,4.907295028518975,8.656272827430062,8.656272827430062
15.0,-346.98498965092926,0.0,263.0486631367803,0.00944511042081421,4.908489743186976,1.023860055576359,6.400051745458799
16.0,-346.9850353202643,0.0,263.0477796364355,0.0003035161685391691,4.909074347001012,0.0,0.0
