iter,val,proj,gnorm,dnorm,xnorm,step,maxstep
1.0,5.000000000000057,0.0,259.27496561202247,3.5316559865221073,3.5355339059327378,0.29035703224196646,1.0
2.0,-98.84523605713133,0.0,258.1386477516515,2.493230180193559,3.6800924298231372,0.29008755733114927,1.0
3.0,-170.27883272008336,0.0,257.36164708256547,1.7664362466221948,3.936999961911064,0.29139743784049826,1.0
4.0,-220.1223688112372,0.0,256.82161329310395,1.2553549643833222,4.182117063407735,0.2944833025589047,1.0
5.0,-255.26049591943786,0.0,256.4418865535482,0.8933228335008309,4.383173719124414,0.2999828476596395,1.0
6.0,-280.2300900266554,0.0,256.172551128763,0.6353900651315935,4.538925296927341,0.30959260620612217,1.0
7.0,-298.1225146734783,0.0,255.9798131407966,0.4484595244362671,4.656693485335579,0.3226294600997095,1.0
8.0,-310.9200100608976,0.0,255.84195629095683,0.31246531999927696,4.743614010026852,0.3397136494049449,1.0
9.0,-320.00901503918897,0.0,255.74376326273017,0.2081295656831979,4.806230659533109,0.3484925802192595,1.0
10.0,-326.1468887713083,0.0,255.67709449591672,0.13677428173380982,4.848337868608247,0.35654775978113784,1.0
11.0,-330.2299105356975,0.0,255.63251523961264,0.08957831426915162,4.87607641044149,0.36908681553621064,1.0
12.0,-332.9458969703609,0.0,255.60269710816715,0.05807553721176784,4.894242629801793,0.38661850194546055,1.0
13.0,-334.73925269100334,0.0,255.58289112055226,0.036982110435485466,4.905995496835327,0.4098372909671111,1.0
14.0,-335.9046451302391,0.0,255.5699373473892,0.022914869234370066,4.913443558705623,0.4396387690392103,1.0
15.0,-336.6421469726977,0.0,255.561681477094,0.013653499230045671,4.918015766687762,0.4771171759584113,1.0
16.0,-337.09053573400206,0.0,255.55662197024387,0.007703529334944869,4.920694478686023,0.5235154098710786,1.0
17.0,-337.34775191450194,0.0,255.5536929142322,0.0040312583152227015,4.9221618844631845,0.5800692567078521,1.0
18.0,-337.4835391827968,0.0,255.55212973248615,0.0019007118978138337,4.922891879920099,0.647641443184305,1.0
19.0,-337.54719971519626,0.0,255.55138696823667,0.0007743032954474886,4.923207612105158,0.0,0.0
