iter,val,proj,gnorm,dnorm,xnorm,step,maxstep
1.0,5.0,0.0,250.44855733553055,3.50657767316226,3.5355339059327378,0.31369556456411607,1.0
2.0,-94.79094818259705,0.0,249.68374877506687,2.402786590928943,3.6917175693833597,0.31414706329812353,1.0
3.0,-161.14389408421323,0.0,249.19003885213178,1.650812144133792,3.97116586271486,0.315779087895692,1.0
4.0,-205.83557897268292,0.0,248.86487125035205,1.132741047554167,4.22957743038883,0.31891413392128753,1.0
5.0,-236.21805540382633,0.0,248.64751644182408,0.7784948572676522,4.432378834328288,0.3264025844831509,1.0
6.0,-257.1579699908625,0.0,248.49960037530187,0.5297686251042982,4.582623007077189,0.3352511021146956,1.0
7.0,-271.5313055237208,0.0,248.3991926662835,0.3571974157654951,4.689767864264512,0.34639493530815146,1.0
8.0,-281.35002344217025,0.0,248.33131419902733,0.23712968027380965,4.76398270862356,0.35708732413242256,1.0
9.0,-287.94113716344157,0.0,248.28611339061425,0.15608855495367688,4.813926909938525,0.37186792642911276,1.0
10.0,-292.3430398420191,0.0,248.25613327038695,0.10124017135072065,4.847085190224768,0.39125142662015283,1.0
11.0,-295.24728216806983,0.0,248.2364762794718,0.06422936207548817,4.868693315833674,0.41590083177799814,1.0
12.0,-297.1245395799931,0.0,248.22384587002165,0.03950069132635689,4.882411165740251,0.4466350734490595,1.0
13.0,-298.3012246026112,0.0,248.2159766004848,0.023282617176550835,4.890808073646242,0.48441747865669044,1.0
14.0,-299.00711930631996,0.0,248.21128609373744,0.012959741005230693,4.895695273937113,0.5303000695981718,1.0
15.0,-299.40542651955263,0.0,248.20865848326193,0.006678905382010231,4.89834869667888,0.585277633413519,1.0
16.0,-299.6118732279512,0.0,248.20730812507307,0.0031010873897767835,4.899656923723535,0.6499740532276022,1.0
17.0,-299.706947045434,0.0,248.20669280650404,0.0012478621179079193,4.900220128724048,0.724048733882839,1.0
18.0,-299.7440162987419,0.0,248.20645622721253,0.0004108977222115645,4.900419468464735,0.0,0.0
