iter,val,proj,gnorm,dnorm,xnorm,step,maxstep
1.0,40.0,0.0,68.75308217094415,12.255939615896944,14.142135623730951,0.509297807837731,1.0
2.0,-107.01388502004153,0.0,64.37966257093355,5.437935445817041,14.976117077676877,0.5747329190731976,1.0
3.0,-159.22559836229118,0.0,62.809627521428006,2.812481918245974,15.664774138697375,1.0,1.0
4.0,-190.56801062621116,0.0,61.95310112581126,1.9646568328223546,15.56334321954011,1.0,1.0
5.0,-194.1273501222372,0.0,61.97010429730368,1.4500911621561783,14.51730205093871,1.0,1.0
6.0,-196.14841290231465,0.0,61.97877641215463,0.9212994581420985,14.2040972442445,1.0,1.0
7.0,-196.91482350045058,0.0,61.98714623567443,0.1766892494137325,14.147149373598934,1.0,1.0
8.0,-196.94355128414696,0.0,61.98866818229042,0.00010617096401460146,14.155097387201351,0.0,0.0
