iter,val,proj,gnorm,dnorm,xnorm,step,maxstep
1.0,40.0,0.0,67.62585270444876,12.283006223884003,14.142135623730951,0.509327748932563,1.0
2.0,-97.8108389262261,0.0,63.46711585123134,5.273263838029747,14.96303110073603,0.5887878325958563,1.0
3.0,-146.44508322628633,0.0,61.998248642320185,2.796227045978361,15.522260934257131,1.0,1.0
4.0,-174.41873479425283,0.0,61.24720861632386,1.9819921827238387,15.271480890461776,1.0,1.0
5.0,-178.1820639138071,0.0,61.26150182489263,1.4677472522945096,14.251483964807568,1.0,1.0
6.0,-180.15235205774803,0.0,61.27505600355052,0.927562578130006,13.876938470705904,1.0,1.0
7.0,-180.92552162281032,0.0,61.28400163698473,0.12554688650714166,13.803763027327612,0.9999999998909901,1.0
8.0,-180.94726048200874,0.0,61.28539908654504,5.622312551127948e-09,13.803040626182582,0.0,0.0
