iter,val,proj,gnorm,dnorm,xnorm,step,maxstep
1.0,40.0,0.0,68.29875271192586,12.171624335475295,14.142135623730951,0.5099768311693114,1.0
2.0,-100.45329784086556,0.0,64.10054968568765,5.333649965731437,14.932443601208014,0.5818910540242842,1.0
3.0,-150.13392131631815,0.0,62.60918215346925,2.800429148008097,15.547448454530445,1.0,1.0
4.0,-179.27903178458894,0.0,61.824355651715635,2.012388075206832,15.377318900621168,1.0,1.0
5.0,-183.06194139233472,0.0,61.839421296541914,1.5057001070921905,14.340615650234144,1.0,1.0
6.0,-185.17653805532387,0.0,61.85123668349588,0.9400286441260473,13.979705999476698,1.0,1.0
7.0,-185.9606453615996,0.0,61.86025659971728,0.17586760563123857,13.912476316823126,1.0,1.0
8.0,-185.99113630506002,0.0,61.8624071527914,0.0027916143495600536,13.914414666861772,1.0705489690163525,48.14688061233192
9.0,-185.99114047651346,0.0,61.86243183903131,0.00024718138387219956,13.914345847380625,0.0,0.0
