iter,val,proj,gnorm,dnorm,xnorm,step,maxstep
1.0,40.0,0.0,65.29275898599323,12.062229384874644,14.142135623730951,0.5097805822835415,1.0
2.0,-92.60523240897595,0.0,61.12646327124745,5.274731646327087,14.890417716129955,0.5873820851923921,1.0
3.0,-138.9668408532125,0.0,59.663836547400805,2.781962041414244,15.449548051480804,1.0,1.0
4.0,-165.5099253960471,0.0,58.92659140950874,2.0253984592452134,15.175754881399168,1.0,1.0
5.0,-169.36093001197054,0.0,58.94607520635544,1.520134717707912,14.097260731420167,1.0,1.0
6.0,-171.53570190424716,0.0,58.95745428695162,0.9701139775648066,13.731739209571035,1.0,1.0
7.0,-172.37069435069708,0.0,58.967902473781315,0.14483531418189152,13.654318823187864,0.9999994928304009,1.0
8.0,-172.39230385143546,0.0,58.97002877854648,6.529666094295888e-06,13.650085463767486,0.0,0.0
