iter,val,proj,gnorm,dnorm,xnorm,step,maxstep
1.0,40.0,0.0,68.3815260578791,12.030120154297265,14.142135623730951,0.5110495136934791,1.0
2.0,-95.3149639720773,0.0,64.3537360915691,5.135736409712144,14.855264468686741,0.6032828838227896,1.0
3.0,-144.80653770435754,0.0,62.886565447218835,2.7671269288810785,15.295411732958918,1.0,1.0
4.0,-172.61216439993598,0.0,62.16229498192906,1.9975468593151446,14.853477973459311,1.0,1.0
5.0,-176.4431863759928,0.0,62.17756410603069,1.512799111086267,13.805253798429696,1.0,1.0
6.0,-178.58907034933955,0.0,62.18867287323024,0.9548950090397839,13.43753030918642,1.0,1.0
7.0,-179.41075646245207,0.0,62.198201519445504,0.14804280162151878,13.360585510421604,1.0,1.0
8.0,-179.43968539782585,0.0,62.200139885314265,0.0013229138198833745,13.359467848470382,0.9999999961557106,253.95709120396305
9.0,-179.4396862728762,0.0,62.20014975818046,1.0701417367589547e-09,13.359416869844223,0.0,0.0
