iter,val,proj,gnorm,dnorm,xnorm,step,maxstep
1.0,40.0,0.0,67.69411766175995,12.209141604849734,14.142135623730951,0.5096088591165879,1.0
2.0,-100.25169583194003,0.0,63.46215800989725,5.370000959820235,14.953097291535725,0.5815465108000213,1.0
3.0,-149.62194429381606,0.0,61.96518497591683,2.7869843230913056,15.583429652919818,1.0,1.0
4.0,-178.49649478552323,0.0,61.18304449324881,1.9950236760160822,15.375957044595113,1.0,1.0
5.0,-182.16738870882847,0.0,61.20073329044111,1.4595137690185955,14.293284800532584,1.0,1.0
6.0,-184.169985342642,0.0,61.2099986174326,0.8873528185962319,13.972161034533013,1.0,1.0
7.0,-184.8676420573021,0.0,61.21911899123891,0.1688127948020047,13.911121246700532,1.0,1.0
8.0,-184.89164395931397,0.0,61.221199538500656,0.00017721099925599798,13.914098149291277,0.0,0.0
