iter,val,proj,gnorm,dnorm,xnorm,step,maxstep
1.0,39.99999999999994,0.0,69.91793498098323,12.236230068110041,14.142135623730951,0.508933819816843,1.0
2.0,-105.41228834049565,0.0,65.66105933447672,5.395364475302617,14.963090150916093,0.5768666124672206,1.0
3.0,-157.19510578202096,0.0,64.13291957325436,2.8194999191560495,15.617930071780636,1.0,1.0
4.0,-188.09429747696393,0.0,63.30573446842772,1.9601279850900009,15.508584844099524,1.0,1.0
5.0,-191.65900703947187,0.0,63.32169228423199,1.4669746457653787,14.504752695747827,1.0,1.0
6.0,-193.67753248137547,0.0,63.33098398969516,0.9364008058163849,14.184566230566725,1.0,1.0
7.0,-194.51467509035558,0.0,63.33893744073825,0.1988209241084343,14.120061216624904,1.0,1.0
8.0,-194.55229520873712,0.0,63.34137074414982,0.0005968846342063013,14.125671139005952,0.0,0.0
