iter,val,proj,gnorm,dnorm,xnorm,step,maxstep
1.0,40.00000000000006,0.0,66.13744768286571,12.38118819142892,14.142135623730951,0.5091862495715008,1.0
2.0,-95.47183107139801,0.0,61.95432416776088,5.304274990901758,14.987215345378074,0.5855134953449379,1.0
3.0,-142.0868821605248,0.0,60.513917629534554,2.778391047304972,15.56977728539719,1.0,1.0
4.0,-169.1649303627085,0.0,59.77939930613568,1.9965204540992663,15.230185956453898,1.0,1.0
5.0,-172.89278294932762,0.0,59.79685344503635,1.435900240281098,14.141596709663958,1.0,1.0
6.0,-174.78497054909934,0.0,59.81005664620889,0.8734810864563425,13.78270955111592,1.0,1.0
7.0,-175.46218354337347,0.0,59.81970326090716,0.1475166958210264,13.706385113834514,1.0,1.0
8.0,-175.48780486012043,0.0,59.821723953487265,6.702143368089094e-07,13.702979374760725,0.0,0.0
