iter,val,proj,gnorm,dnorm,xnorm,step,maxstep
1.0,40.0,0.0,65.40336370557252,12.078901026169557,14.142135623730951,0.5102831545361791,1.0
2.0,-89.62984594247433,0.0,61.36009200008694,5.219053516074145,14.89343312214922,0.5923880264417993,1.0
3.0,-134.659846756087,0.0,59.961927643973915,2.760514093841309,15.418436572988664,1.0,1.0
4.0,-160.23295080941347,0.0,59.27311915281816,2.0591095598302824,15.042080779855656,1.0,1.0
5.0,-164.23104024223494,0.0,59.289628346008605,1.5509267086934264,13.915727141616927,1.0,1.0
6.0,-166.44620763437052,0.0,59.304339767994335,0.986337331363771,13.510858576340148,1.0,1.0
7.0,-167.31321460599796,0.0,59.31494257208955,0.16712752155546512,13.428051438763722,1.0,1.0
8.0,-167.34160784438362,0.0,59.31744729378382,1.9915307494620507e-05,13.426742812097906,0.0,0.0
