iter,val,proj,gnorm,dnorm,xnorm,step,maxstep
1.0,40.00000000000006,0.0,67.49206728203693,12.202625311456682,14.142135623730951,0.5100084218445579,1.0
2.0,-94.60932462157041,0.0,63.428189445809345,5.303857377405115,14.926552103435053,0.5841335135714093,1.0
3.0,-141.1706623717148,0.0,62.022582741491846,2.7830795184552106,15.51576760786574,1.0,1.0
4.0,-168.18748569484768,0.0,61.30549259476242,2.0501431028471204,15.24433744920998,1.0,1.0
5.0,-172.05083243131853,0.0,61.3233469916396,1.4672057373791323,14.099080606825263,1.0,1.0
6.0,-174.0535015779395,0.0,61.33556938449986,0.8729023830393274,13.73311479608945,1.0,1.0
7.0,-174.7270751940371,0.0,61.345226465456,0.16453510317917466,13.66125634698006,0.999999572308188,1.0
8.0,-174.75203502086785,0.0,61.34725383475932,7.536403632298911e-06,13.661167417042698,0.0,0.0
