iter,val,proj,gnorm,dnorm,xnorm,step,maxstep
1.0,40.0,0.0,64.15777139211586,12.038989257311526,14.142135623730951,0.5111643769077762,1.0
2.0,-87.79953275418694,0.0,60.09977048603159,5.320052700165959,14.906382310172653,0.586382115144032,1.0
3.0,-130.97987925733167,0.0,58.73347284291703,2.7686020861907243,15.50815151037234,1.0,1.0
4.0,-155.2577062676904,0.0,58.07052254011351,2.0237195159882773,15.24627249433305,1.0,1.0
5.0,-159.05695131026033,0.0,58.089902791222116,1.532388450069295,14.122750109639808,1.0,1.0
6.0,-161.27591751113184,0.0,58.10065454135192,1.0190832177674283,13.765904932156321,1.0,1.0
7.0,-162.21254029954486,0.0,58.110350203837285,0.16289115540691773,13.69513303671042,1.0,1.0
8.0,-162.24198040356507,0.0,58.11269070264439,0.000994478798610552,13.694136749473625,0.0,0.0
