iter,val,proj,gnorm,dnorm,xnorm,step,maxstep
1.0,40.0,0.0,67.6035867835768,12.251828728076907,14.142135623730951,0.5093495400473284,1.0
2.0,-103.08475942400935,0.0,63.27575198835462,5.398942821168561,14.972423221234655,0.5781760767266352,1.0
3.0,-153.5297630210784,0.0,61.737245317263906,2.7972069385500578,15.630936335260747,1.0,1.0
4.0,-183.45482635343245,0.0,60.91587986489546,1.9913848897135331,15.45532220209892,1.0,1.0
5.0,-187.12044642019106,0.0,60.9331594169453,1.4576845669860998,14.382106036457467,1.0,1.0
6.0,-189.12338895288144,0.0,60.9436526803236,0.9103903876765582,14.043593120812599,1.0,1.0
7.0,-189.8603419046113,0.0,60.952421495847844,0.14166198309761127,13.981694994991301,1.0,1.0
8.0,-189.8825502526574,0.0,60.953973891540514,2.723174055525992e-06,13.982107127203422,0.0,0.0
