iter,val,proj,gnorm,dnorm,xnorm,step,maxstep
1.0,40.0,0.0,64.12842645817999,12.024241904777838,14.142135623730951,0.5104739639001508,1.0
2.0,-90.12274484069786,0.0,59.985927130532495,5.281421975050825,14.893790373633967,0.5870195427442473,1.0
3.0,-134.91693955751248,0.0,58.5600256969729,2.7781447698006545,15.465886647602598,1.0,1.0
4.0,-160.5502008458164,0.0,57.84967053634601,2.026310434999894,15.148766166288032,1.0,1.0
5.0,-164.3826994854781,0.0,57.86820052314121,1.5411464833607333,14.023806127231355,1.0,1.0
6.0,-166.61026780409793,0.0,57.87937349054224,1.0395508925606964,13.658066917831187,1.0,1.0
7.0,-167.59039492607235,0.0,57.888944025112146,0.1680889976894428,13.582573074485541,0.9999999107111233,1.0
8.0,-167.62049264421194,0.0,57.8916248756497,7.134473963298394e-06,13.580009345507529,0.0,0.0
