iter,val,proj,gnorm,dnorm,xnorm,step,maxstep
1.0,40.00000000000006,0.0,67.99435047122518,12.381600232193701,14.142135623730951,0.5089175228551693,1.0
2.0,-104.46483564776082,0.0,63.64493848857818,5.370932394164149,14.994868227292773,0.58229923320972,1.0
3.0,-155.72427455079298,0.0,62.090059564115506,2.810839830981602,15.618665761683843,1.0,1.0
4.0,-185.80926343878303,0.0,61.26613403959924,1.9227502861621495,15.44336979471782,1.0,1.0
5.0,-189.33094718138983,0.0,61.28167429830196,1.381596614772603,14.457732901750258,1.0,1.0
6.0,-191.08722695927787,0.0,61.292758109415054,0.8066600519328126,14.140470348238647,1.0,1.0
7.0,-191.66020966304183,0.0,61.30083868552555,0.1510902007149635,14.084731474840572,1.0,1.0
8.0,-191.68102232541935,0.0,61.30261018845639,3.4279279765014216e-06,14.084566948839925,0.0,0.0
