iter,val,proj,gnorm,dnorm,xnorm,step,maxstep
1.0,40.0,0.0,65.96548062436293,12.452799519397523,14.142135623730951,0.5088140344029429,1.0
2.0,-88.55053645880014,0.0,61.993741509286096,5.324074645108516,15.00626266775692,0.5829066999504118,1.0
3.0,-130.8127960615817,0.0,60.69619773356237,2.7918726161265006,15.607874305571752,1.0,1.0
4.0,-154.85625940139087,0.0,60.06189587968964,2.0337563973836428,15.33376884725776,1.0,1.0
5.0,-158.68620851871796,0.0,60.0798826664344,1.4042865870833323,14.190918545555272,1.0,1.0
6.0,-160.45910123289727,0.0,60.09550246563576,0.7811016906382452,13.81241989482975,1.0,1.0
7.0,-160.95613541635302,0.0,60.10502785183399,0.13144991267488715,13.747227571217211,0.9999998883975163,1.0
8.0,-160.97336410151973,0.0,60.1067068720141,4.846061543722848e-06,13.746499837274115,0.0,0.0
