iter,val,proj,gnorm,dnorm,xnorm,step,maxstep
1.0,40.0,0.0,65.20534619188521,12.218920411635798,14.142135623730951,0.5097029623737048,1.0
2.0,-94.9055591455521,0.0,60.977807284918995,5.205686252309574,14.945815284964294,0.5962207665362079,1.0
3.0,-142.76860731874328,0.0,59.47868486918348,2.768981647884676,15.447390217341598,1.0,1.0
4.0,-170.07074079684656,0.0,58.72803648746874,2.008481895968313,15.004515697046964,1.0,1.0
5.0,-173.92458089302912,0.0,58.74556474691753,1.4913522587277612,13.905954588467262,1.0,1.0
6.0,-175.94964697538092,0.0,58.75940591617247,0.8999483912523834,13.52022959212985,1.0,1.0
7.0,-176.65755829270526,0.0,58.76943583996299,0.1331075448998493,13.446508170791263,1.0,1.0
8.0,-176.67655815509968,0.0,58.77125492276984,0.00011612512499275451,13.4451449962992,0.0,0.0
