iter,val,proj,gnorm,dnorm,xnorm,step,maxstep
1.0,40.0,0.0,69.0810883817257,12.488219733440836,14.142135623730951,0.5073440311739067,1.0
2.0,-107.39159907502847,0.0,64.72782605186946,5.42514341127244,15.04438505829287,0.5777307113998036,1.0
3.0,-159.73555929504244,0.0,63.16834433610945,2.8245173834289568,15.709547943098539,1.0,1.0
4.0,-190.8510663863289,0.0,62.32381998599817,1.9335503315405553,15.594729764381663,1.0,1.0
5.0,-194.37926157772654,0.0,62.33932707783063,1.4010314213638446,14.609107217190877,1.0,1.0
6.0,-196.1871987814329,0.0,62.349138802659304,0.8502575985734616,14.274346082904861,1.0,1.0
7.0,-196.8155153654307,0.0,62.35837956423342,0.14936269667047372,14.204881227324032,1.0,1.0
8.0,-196.8370607107577,0.0,62.35996034545318,0.0022479900739413895,14.206565453203636,1.336242287806771,91.76614903690397
9.0,-196.83706408708025,0.0,62.359971602625585,0.0003167998636629904,14.20666791170024,0.0,0.0
