iter,val,proj,gnorm,dnorm,xnorm,step,maxstep
1.0,40.0,0.0,65.47228590788319,11.984151808723643,14.142135623730951,0.5108592242851299,1.0
2.0,-89.1777609084387,0.0,61.45350076477631,5.238396903136215,14.868606308770504,0.592236885939345,1.0
3.0,-134.12534372988182,0.0,60.059712545578996,2.751970160442417,15.404132068640832,1.0,1.0
4.0,-159.62559894483,0.0,59.37544573116505,2.059165048504631,15.00945552465196,1.0,1.0
5.0,-163.59369117474765,0.0,59.39339800796837,1.5519962321041023,13.850634227456277,1.0,1.0
6.0,-165.84037443507322,0.0,59.40516380768526,0.998341814034455,13.465441753125964,1.0,1.0
7.0,-166.7496444026662,0.0,59.41437928608008,0.1677878993554915,13.39548644737761,1.0,1.0
8.0,-166.77745822759354,0.0,59.4165363232461,4.3765434673343575e-05,13.39783196035117,0.0,0.0
