iter,val,proj,gnorm,dnorm,xnorm,step,maxstep
1.0,40.00000000000006,0.0,65.97567903404254,12.071155874447754,14.142135623730951,0.5101938881624464,1.0
2.0,-95.81898147752099,0.0,61.771540966280746,5.311895011384363,14.911337322622591,0.5859753438364905,1.0
3.0,-143.5537166057004,0.0,60.289552362578135,2.7934457494237757,15.501312081504983,1.0,1.0
4.0,-171.07104832014198,0.0,59.531721333611934,1.9991953768534523,15.26713524687178,1.0,1.0
5.0,-174.8403022464346,0.0,59.54781623464729,1.5197688896751056,14.217855445239932,1.0,1.0
6.0,-177.02062583649385,0.0,59.559103033114,0.9965449101706225,13.853889967711503,1.0,1.0
7.0,-177.93040179475182,0.0,59.56811746407552,0.17224384482776142,13.784269002467296,0.9999972665155192,1.0
8.0,-177.9592123932548,0.0,59.5703985152183,3.48615617257942e-05,13.785361465228418,0.0,0.0
